config,fid,seed,reported_best,true_best,reached,crashed,real_evals,counted_evals,stage,gens,zero_hq_rows
published,1,1,0.0,0.0,True,,2627,2185,1,437,0
published,1,2,0.0,0.0,True,,2603,2165,1,433,0
published,1,3,0.0,0.0,True,,2591,2155,1,431,0
published,1,4,0.0,0.0,True,,2651,2205,1,441,0
published,1,5,0.0,0.0,True,,2627,2185,1,437,0
published,1,6,0.0,0.0,True,,2597,2160,1,432,0
published,1,7,0.0,0.0,True,,2615,2175,1,435,0
published,1,8,0.0,0.0,True,,2609,2170,1,434,0
published,1,9,0.0,0.0,True,,2651,2205,1,441,0
published,1,10,0.0,0.0,True,,2645,2200,1,440,0
published,1,11,0.0,0.0,True,,2675,2225,1,445,0
published,1,12,0.0,0.0,True,,2669,2220,1,444,0
published,1,13,0.0,0.0,True,,2627,2185,1,437,0
published,1,14,0.0,0.0,True,,2699,2245,1,449,0
published,1,15,0.0,0.0,True,,2669,2220,1,444,0
published,1,16,0.0,0.0,True,,2651,2205,1,441,0
published,1,17,0.0,0.0,True,,2633,2190,1,438,0
published,1,18,0.0,0.0,True,,2633,2190,1,438,0
published,1,19,0.0,0.0,True,,2639,2195,1,439,0
published,1,20,0.0,0.0,True,,2650,2205,1,441,0
published,1,21,0.0,0.0,True,,2627,2185,1,437,0
published,1,22,0.0,0.0,True,,2621,2180,1,436,0
published,1,23,0.0,0.0,True,,2681,2230,1,446,0
published,1,24,0.0,0.0,True,,2585,2150,1,430,0
published,1,25,0.0,0.0,True,,2657,2210,1,442,0
published,1,26,0.0,0.0,True,,2633,2190,1,438,0
published,1,27,0.0,0.0,True,,2663,2215,1,443,0
published,1,28,0.0,0.0,True,,2627,2185,1,437,0
published,1,29,0.0,0.0,True,,2650,2205,1,441,0
published,1,30,0.0,0.0,True,,2615,2175,1,435,0
published,2,1,0.0,0.0,True,,5057,4210,1,842,0
published,2,2,0.0,0.0,True,,4949,4120,1,824,0
published,2,3,0.0,0.0,True,,4973,4140,1,828,0
published,2,4,0.0,0.0,True,,5033,4190,1,838,0
published,2,5,0.0,0.0,True,,5027,4185,1,837,0
published,2,6,0.0,0.0,True,,4997,4160,1,832,0
published,2,7,0.0,0.0,True,,5003,4165,1,833,0
published,2,8,0.0,0.0,True,,5033,4190,1,838,0
published,2,9,0.0,0.0,True,,5033,4190,1,838,0
published,2,10,0.0,0.0,True,,4961,4130,1,826,0
published,2,11,0.0,0.0,True,,4937,4110,1,822,0
published,2,12,0.0,0.0,True,,5033,4190,1,838,0
published,2,13,0.0,0.0,True,,5057,4210,1,842,0
published,2,14,0.0,0.0,True,,5051,4205,1,841,0
published,2,15,0.0,0.0,True,,5030,4190,1,838,0
published,2,16,0.0,0.0,True,,4949,4120,1,824,0
published,2,17,0.0,0.0,True,,4997,4160,1,832,0
published,2,18,0.0,0.0,True,,4943,4115,1,823,0
published,2,19,0.0,0.0,True,,4961,4130,1,826,0
published,2,20,0.0,0.0,True,,5015,4175,1,835,0
published,2,21,0.0,0.0,True,,4985,4150,1,830,0
published,2,22,0.0,0.0,True,,4961,4130,1,826,0
published,2,23,0.0,0.0,True,,4949,4120,1,824,0
published,2,24,0.0,0.0,True,,5045,4200,1,840,0
published,2,25,0.0,0.0,True,,5009,4170,1,834,0
published,2,26,0.0,0.0,True,,4991,4155,1,831,0
published,2,27,0.0,0.0,True,,4997,4160,1,832,0
published,2,28,0.0,0.0,True,,4883,4065,1,813,0
published,2,29,0.0,0.0,True,,5015,4175,1,835,0
published,2,30,0.0,0.0,True,,5032,4190,1,838,0
published,3,1,0.0,0.0,True,,2987,2485,1,497,0
published,3,2,0.0,0.0,True,,3137,2610,1,522,0
published,3,3,0.0,0.0,True,,2789,2320,1,464,0
published,3,4,0.0,0.0,True,,3011,2505,1,501,0
published,3,5,0.0,0.0,True,,2789,2320,1,464,0
published,3,6,0.0,0.0,True,,2951,2455,1,491,0
published,3,7,0.0,0.0,True,,3095,2575,1,515,0
published,3,8,0.0,0.0,True,,2945,2450,1,490,0
published,3,9,0.0,0.0,True,,3167,2635,1,527,0
published,3,10,0.0,0.0,True,,2957,2460,1,492,0
published,3,11,0.0,0.0,True,,2921,2430,1,486,0
published,3,12,0.0,0.0,True,,3035,2525,1,505,0
published,3,13,0.0,0.0,True,,3017,2510,1,502,0
published,3,14,0.0,0.0,True,,3203,2665,1,533,0
published,3,15,0.0,0.0,True,,3155,2625,1,525,0
published,3,16,0.0,0.0,True,,3083,2565,1,513,0
published,3,17,0.0,0.0,True,,3137,2610,1,522,0
published,3,18,0.0,0.0,True,,3053,2540,1,508,0
published,3,19,0.0,0.0,True,,2747,2285,1,457,0
published,3,20,0.0,0.0,True,,3155,2625,1,525,0
published,3,21,0.0,0.0,True,,2999,2495,1,499,0
published,3,22,0.0,0.0,True,,3005,2500,1,500,0
published,3,23,0.0,0.0,True,,2969,2470,1,494,0
published,3,24,0.0,0.0,True,,3113,2590,1,518,0
published,3,25,0.0,0.0,True,,3251,2705,1,541,0
published,3,26,0.0,0.0,True,,2939,2445,1,489,0
published,3,27,0.0,0.0,True,,3227,2685,1,537,0
published,3,28,0.0,0.0,True,,2945,2450,1,490,0
published,3,29,0.0,0.0,True,,2969,2470,1,494,0
published,3,30,0.0,0.0,True,,3143,2615,1,523,0
published,4,1,0.0,0.0,True,,5306,4420,1,884,0
published,4,2,0.0,0.0,True,,5200,4330,1,866,0
published,4,3,0.0,0.0,True,,5213,4340,1,868,0
published,4,4,0.0,0.0,True,,5236,4360,1,872,0
published,4,5,0.0,0.0,True,,5183,4315,1,863,0
published,4,6,0.0,0.0,True,,5165,4300,1,860,0
published,4,7,0.0,0.0,True,,5237,4360,1,872,0
published,4,8,0.0,0.0,True,,5297,4410,1,882,0
published,4,9,0.0,0.0,True,,5261,4380,1,876,0
published,4,10,0.0,0.0,True,,5204,4335,1,867,0
published,4,11,0.0,0.0,True,,5291,4405,1,881,0
published,4,12,0.0,0.0,True,,5277,4395,1,879,0
published,4,13,0.0,0.0,True,,5273,4390,1,878,0
published,4,14,0.0,0.0,True,,5334,4450,1,890,0
published,4,15,0.0,0.0,True,,5171,4305,1,861,0
published,4,16,0.0,0.0,True,,5183,4315,1,863,0
published,4,17,0.0,0.0,True,,5171,4305,1,861,0
published,4,18,0.0,0.0,True,,5201,4330,1,866,0
published,4,19,0.0,0.0,True,,5219,4345,1,869,0
published,4,20,0.0,0.0,True,,5231,4355,1,871,0
published,4,21,0.0,0.0,True,,5171,4305,1,861,0
published,4,22,0.0,0.0,True,,5189,4320,1,864,0
published,4,23,0.0,0.0,True,,5195,4325,1,865,0
published,4,24,0.0,0.0,True,,5231,4355,1,871,0
published,4,25,0.0,0.0,True,,5309,4420,1,884,0
published,4,26,0.0,0.0,True,,5219,4345,1,869,0
published,4,27,0.0,0.0,True,,5278,4395,1,879,0
published,4,28,0.0,0.0,True,,5129,4270,1,854,0
published,4,29,0.0,0.0,True,,5236,4360,1,872,0
published,4,30,0.0,0.0,True,,5243,4365,1,873,0
published,5,1,47.01265727599379,47.01265727599379,False,,29690,25040,2,1133,69
published,5,2,47.19578949654303,47.19578949654303,False,,30047,25025,2,265,69
published,5,3,47.748199524875595,47.748199524875595,False,,29619,25005,2,1121,69
published,5,4,47.5612426462516,47.5612426462516,False,,29673,25010,2,1140,69
published,5,5,46.966509068942166,46.966509068942166,False,,29606,25030,2,1133,69
published,5,6,46.90666950862933,46.90666950862933,False,,29683,25055,2,1133,69
published,5,7,47.32534537014511,47.32534537014511,False,,29645,25040,2,1153,69
published,5,8,46.87885496135916,46.87885496135916,False,,29670,25055,2,1139,69
published,5,9,47.701129389292845,47.701129389292845,False,,29694,25065,2,1123,69
published,5,10,46.75614504640657,46.75614504640657,False,,29634,25020,2,1174,69
published,5,11,46.443849100269865,46.443849100269865,False,,30028,25005,2,422,69
published,5,12,46.74752054185921,46.74752054185921,False,,29656,25090,2,1126,69
published,5,13,46.77691802272261,46.77691802272261,False,,29656,25040,2,1130,69
published,5,14,47.03964089748557,47.03964089748557,False,,29626,25010,2,1134,69
published,5,15,47.6164830026838,47.6164830026838,False,,30032,25005,2,271,69
published,5,16,46.6527508811363,46.6527508811363,False,,29694,25055,2,1137,69
published,5,17,48.06285479717087,48.06285479717087,False,,29593,25015,2,1130,69
published,5,18,46.69993818105012,46.69993818105012,False,,29675,25050,2,1129,69
published,5,19,47.21786626398297,47.21786626398297,False,,29631,25020,2,1125,69
published,5,20,46.94846697433369,46.94846697433369,False,,29650,25035,2,1140,69
published,5,21,48.11701628011106,48.11701628011106,False,,29637,25055,2,1114,69
published,5,22,47.05107830583987,47.05107830583987,False,,29623,25055,2,1145,69
published,5,23,47.604817235703706,47.604817235703706,False,,29610,25030,2,1123,69
published,5,24,1.2799934718194337,1.2799934718194337,False,,29641,25130,2,1102,69
published,5,25,46.61378527291588,46.61378527291588,False,,30082,25015,2,377,69
published,5,26,0.747370515728829,0.747370515728829,False,,29494,25100,2,1099,69
published,5,27,47.44132018921942,47.44132018921942,False,,29612,25005,2,1124,69
published,5,28,46.92292479308072,46.92292479308072,False,,29776,25075,2,1134,69
published,5,29,46.83175581863538,46.83175581863538,False,,29597,25040,2,1150,69
published,5,30,46.76601569638867,46.76601569638867,False,,29604,25025,2,1123,69
published,6,1,0.0,0.0,True,,83,65,1,13,0
published,6,2,0.0,0.0,True,,82,65,1,13,0
published,6,3,0.0,0.0,True,,71,55,1,11,0
published,6,4,0.0,0.0,True,,100,80,1,16,0
published,6,5,0.0,0.0,True,,76,60,1,12,0
published,6,6,0.0,0.0,True,,65,50,1,10,0
published,6,7,0.0,0.0,True,,70,55,1,11,0
published,6,8,0.0,0.0,True,,77,60,1,12,0
published,6,9,0.0,0.0,True,,65,50,1,10,0
published,6,10,0.0,0.0,True,,71,55,1,11,0
published,6,11,0.0,0.0,True,,77,60,1,12,0
published,6,12,0.0,0.0,True,,65,50,1,10,0
published,6,13,0.0,0.0,True,,59,45,1,9,0
published,6,14,0.0,0.0,True,,71,55,1,11,0
published,6,15,0.0,0.0,True,,65,50,1,10,0
published,6,16,0.0,0.0,True,,53,40,1,8,0
published,6,17,0.0,0.0,True,,59,45,1,9,0
published,6,18,0.0,0.0,True,,71,55,1,11,0
published,6,19,0.0,0.0,True,,71,55,1,11,0
published,6,20,0.0,0.0,True,,71,55,1,11,0
published,6,21,0.0,0.0,True,,77,60,1,12,0
published,6,22,0.0,0.0,True,,71,55,1,11,0
published,6,23,0.0,0.0,True,,77,60,1,12,0
published,6,24,0.0,0.0,True,,77,60,1,12,0
published,6,25,0.0,0.0,True,,65,50,1,10,0
published,6,26,0.0,0.0,True,,71,55,1,11,0
published,6,27,0.0,0.0,True,,71,55,1,11,0
published,6,28,0.0,0.0,True,,71,55,1,11,0
published,6,29,0.0,0.0,True,,71,55,1,11,0
published,6,30,0.0,0.0,True,,71,55,1,11,0
published,7,1,0.0002501171290675453,0.8602707947724433,False,,29240,25100,2,196,69
published,7,2,7.324921352252697e-05,0.10047785845002283,False,,29120,25100,2,193,69
published,7,3,0.00020825971479614496,0.3507181013426384,False,,29240,25100,2,196,69
published,7,4,0.00011758388907707223,0.10974852443641109,False,,29320,25100,2,198,69
published,7,5,8.188989020057469e-05,0.1330260574281557,False,,29320,25300,2,193,69
published,7,6,9.077736984966186e-05,0.10079595551078682,False,,29261,25085,2,197,69
published,7,7,8.644201874769662e-05,0.11359411386283319,False,,29160,25100,2,194,69
published,7,8,0.0004454607382958937,0.5120957090453521,False,,29120,25100,2,193,69
published,7,9,0.0004298773607844803,0.2908009461048312,False,,29480,25300,2,197,69
published,7,10,0.0003484307852599755,0.5764967689206733,False,,29200,25100,2,195,69
published,7,11,0.00021303852127017262,0.2809135851635276,False,,29440,25300,2,196,69
published,7,12,0.0002369593925933789,0.7382877984908625,False,,29160,25100,2,194,69
published,7,13,0.00013453922100360575,0.700277190959378,False,,29400,25300,2,195,69
published,7,14,0.00041741582645826844,0.07089694800362178,False,,29160,25100,2,194,69
published,7,15,0.00011434294009625617,0.30497683687831345,False,,29200,25100,2,195,69
published,7,16,0.0002589203386093101,0.26323962901562625,False,,29160,25100,2,194,69
published,7,17,0.00011354914681282633,0.3110249127807132,False,,29160,25100,2,194,69
published,7,18,0.0002426373595888668,0.7116676110428949,False,,29320,25300,2,193,69
published,7,19,0.00030075515975466614,0.5073871451824178,False,,29200,25100,2,195,69
published,7,20,3.547629194619054e-05,0.5918436634446382,False,,29160,25100,2,194,69
published,7,21,0.0003133798135213502,0.2332847836064133,False,,29280,25100,2,197,69
published,7,22,5.229391982940365e-05,0.5814196141624166,False,,29160,25100,2,194,69
published,7,23,3.571234007855541e-05,0.7491234318366151,False,,29280,25100,2,197,69
published,7,24,0.0002579047261046948,0.6109751301765508,False,,29200,25100,2,195,69
published,7,25,7.95713595591145e-05,0.9553925703482298,False,,29200,25000,2,1075,69
published,7,26,0.00010447912090422631,0.416071488695594,False,,29120,25100,2,193,69
published,7,27,0.0001242543956044239,0.9651601113357761,False,,29120,25100,2,193,69
published,7,28,0.00013153159972792037,6.89694436849758e-05,False,,29320,25300,2,193,69
published,7,29,0.0003905047769757287,0.89428454058624,False,,29280,25100,2,197,69
published,7,30,0.0002189581305663701,0.34864871125911734,False,,29400,25300,2,195,69
published,8,1,-17957.729535957,-17957.729535957,False,,29676,25040,2,213,69
published,8,2,-15024.094665235038,-15024.094665235038,False,,30046,25075,2,228,69
published,8,3,-20857.435530358107,-20857.435530358107,False,,29676,25045,2,1087,69
published,8,4,-15026.954882836426,-15026.954882836426,False,,30081,25015,2,243,69
published,8,5,-15019.47187413415,-15019.47187413415,False,,30125,25045,2,236,69
published,8,6,-15026.709429914137,-15026.709429914137,False,,30047,25050,2,230,69
published,8,7,-20376.21067397325,-20376.21067397325,False,,29597,25135,2,1082,69
published,8,8,-20941.726733653613,-20941.726733653613,False,,29653,25055,2,209,69
published,8,9,-15022.44718260835,-15022.44718260835,False,,30023,25065,2,247,69
published,8,10,-15026.725709337943,-15026.725709337943,False,,30029,25115,2,224,69
published,8,11,-15027.221978226633,-15027.221978226633,False,,29962,25000,2,230,69
published,8,12,-17844.303559498843,-17844.303559498843,False,,29623,25155,2,206,69
published,8,13,-15024.801267074845,-15024.801267074845,False,,30147,25030,2,241,69
published,8,14,-20844.84475982742,-20844.84475982742,False,,29223,25055,2,197,69
published,8,15,-17590.717990268495,-17590.717990268495,False,,29340,25020,2,201,69
published,8,16,-15027.046642258785,-15027.046642258785,False,,30140,25070,2,232,69
published,8,17,-20937.487933575245,-20937.487933575245,False,,29725,25015,2,217,69
published,8,18,-15026.882041830231,-15026.882041830231,False,,30040,25035,2,1103,69
published,8,19,-15014.24243716506,-15014.24243716506,False,,30183,25055,2,246,69
published,8,20,-20949.053704784077,-20949.053704784077,False,,29246,25045,2,198,69
published,8,21,-15027.016387257598,-15027.016387257598,False,,29953,25040,2,235,69
published,8,22,-17887.956671710625,-17887.956671710625,False,,29638,25070,2,1085,69
published,8,23,-15027.175135106056,-15027.175135106056,False,,29905,25030,2,1097,69
published,8,24,-17806.807326474052,-17806.807326474052,False,,29923,25140,2,218,69
published,8,25,-15026.704439452038,-15026.704439452038,False,,30197,25140,2,1106,69
published,8,26,-15026.110470624819,-15026.110470624819,False,,30011,25095,2,1100,69
published,8,27,-15015.226155001645,-15015.226155001645,False,,30121,25110,2,1101,69
published,8,28,-15026.489135007987,-15026.489135007987,False,,30050,25000,2,231,69
published,8,29,-15026.294990919456,-15026.294990919456,False,,29893,25015,2,226,69
published,8,30,-15020.579496974009,-15020.579496974009,False,,30135,25150,2,1100,69
published,9,1,0.0,0.0,True,,185,150,1,30,0
published,9,2,0.0,0.0,True,,191,155,1,31,0
published,9,3,0.0,0.0,True,,197,160,1,32,0
published,9,4,0.0,0.0,True,,179,145,1,29,0
published,9,5,0.0,0.0,True,,179,145,1,29,0
published,9,6,0.0,0.0,True,,16935,13980,2,1045,69
published,9,7,0.0,0.0,True,,191,155,1,31,0
published,9,8,0.0,0.0,True,,173,140,1,28,0
published,9,9,0.0,0.0,True,,191,155,1,31,0
published,9,10,0.0,0.0,True,,197,160,1,32,0
published,9,11,0.0,0.0,True,,197,160,1,32,0
published,9,12,0.0,0.0,True,,191,155,1,31,0
published,9,13,0.0,0.0,True,,185,150,1,30,0
published,9,14,0.0,0.0,True,,185,150,1,30,0
published,9,15,0.0,0.0,True,,17190,14760,2,1043,69
published,9,16,0.0,0.0,True,,173,140,1,28,0
published,9,17,0.0,0.0,True,,16518,14060,2,1045,69
published,9,18,0.0,0.0,True,,334,275,1,55,0
published,9,19,0.0,0.0,True,,179,145,1,29,0
published,9,20,0.0,0.0,True,,173,140,1,28,0
published,9,21,0.0,0.0,True,,191,155,1,31,0
published,9,22,0.0,0.0,True,,191,155,1,31,0
published,9,23,0.0,0.0,True,,185,150,1,30,0
published,9,24,0.0,0.0,True,,191,155,1,31,0
published,9,25,0.0,0.0,True,,197,160,1,32,0
published,9,26,0.0,0.0,True,,167,135,1,27,0
published,9,27,0.0,0.0,True,,191,155,1,31,0
published,9,28,0.0,0.0,True,,185,150,1,30,0
published,9,29,0.0,0.0,True,,215,175,1,35,0
published,9,30,0.0,0.0,True,,185,150,1,30,0
published,10,1,4.440892098500626e-16,4.440892098500626e-16,False,,28131,25000,2,1075,69
published,10,2,4.440892098500626e-16,4.440892098500626e-16,False,,28388,25000,2,1075,69
published,10,3,4.440892098500626e-16,4.440892098500626e-16,False,,27979,25000,2,1075,69
published,10,4,4.440892098500626e-16,4.440892098500626e-16,False,,28180,25000,2,1075,69
published,10,5,4.440892098500626e-16,4.440892098500626e-16,False,,28177,25000,2,1075,69
published,10,6,4.440892098500626e-16,4.440892098500626e-16,False,,27949,25000,2,1075,69
published,10,7,4.440892098500626e-16,4.440892098500626e-16,False,,27890,25000,2,1075,69
published,10,8,4.440892098500626e-16,4.440892098500626e-16,False,,28083,25000,2,1075,69
published,10,9,4.440892098500626e-16,4.440892098500626e-16,False,,28162,25000,2,1075,69
published,10,10,4.440892098500626e-16,4.440892098500626e-16,False,,28023,25000,2,1075,69
published,10,11,4.440892098500626e-16,4.440892098500626e-16,False,,27964,25000,2,1075,69
published,10,12,4.440892098500626e-16,4.440892098500626e-16,False,,27856,25000,2,1075,69
published,10,13,4.440892098500626e-16,4.440892098500626e-16,False,,28039,25000,2,1075,69
published,10,14,4.440892098500626e-16,4.440892098500626e-16,False,,28023,25000,2,1075,69
published,10,15,4.440892098500626e-16,4.440892098500626e-16,False,,28189,25000,2,1075,69
published,10,16,4.440892098500626e-16,4.440892098500626e-16,False,,28090,25000,2,1075,69
published,10,17,4.440892098500626e-16,4.440892098500626e-16,False,,27929,25000,2,1075,69
published,10,18,4.440892098500626e-16,4.440892098500626e-16,False,,27928,25000,2,1075,69
published,10,19,4.440892098500626e-16,4.440892098500626e-16,False,,27996,25000,2,1075,69
published,10,20,4.440892098500626e-16,4.440892098500626e-16,False,,27925,25000,2,1075,69
published,10,21,4.440892098500626e-16,4.440892098500626e-16,False,,28182,25000,2,1075,69
published,10,22,4.440892098500626e-16,4.440892098500626e-16,False,,29793,25030,2,1092,69
published,10,23,4.440892098500626e-16,4.440892098500626e-16,False,,28032,25000,2,1075,69
published,10,24,4.440892098500626e-16,4.440892098500626e-16,False,,28033,25000,2,1075,69
published,10,25,4.440892098500626e-16,4.440892098500626e-16,False,,28348,25000,2,1075,69
published,10,26,4.440892098500626e-16,4.440892098500626e-16,False,,27904,25000,2,1075,69
published,10,27,4.440892098500626e-16,4.440892098500626e-16,False,,29955,25170,2,1093,69
published,10,28,4.440892098500626e-16,4.440892098500626e-16,False,,28311,25000,2,1075,69
published,10,29,4.440892098500626e-16,4.440892098500626e-16,False,,30078,25330,2,1091,69
published,10,30,4.440892098500626e-16,4.440892098500626e-16,False,,27918,25000,2,1075,69
published,11,1,0.0,0.0,True,,227,185,1,37,0
published,11,2,0.0,0.0,True,,227,185,1,37,0
published,11,3,0.0,0.0,True,,209,170,1,34,0
published,11,4,0.0,0.0,True,,215,175,1,35,0
published,11,5,0.0,0.0,True,,185,150,1,30,0
published,11,6,0.0,0.0,True,,197,160,1,32,0
published,11,7,0.0,0.0,True,,209,170,1,34,0
published,11,8,0.0,0.0,True,,227,185,1,37,0
published,11,9,0.0,0.0,True,,239,195,1,39,0
published,11,10,0.0,0.0,True,,233,190,1,38,0
published,11,11,0.0,0.0,True,,221,180,1,36,0
published,11,12,0.0,0.0,True,,215,175,1,35,0
published,11,13,0.0,0.0,True,,197,160,1,32,0
published,11,14,0.0,0.0,True,,227,185,1,37,0
published,11,15,0.0,0.0,True,,209,170,1,34,0
published,11,16,0.0,0.0,True,,197,160,1,32,0
published,11,17,0.0,0.0,True,,191,155,1,31,0
published,11,18,0.0,0.0,True,,203,165,1,33,0
published,11,19,0.0,0.0,True,,197,160,1,32,0
published,11,20,0.0,0.0,True,,203,165,1,33,0
published,11,21,0.0,0.0,True,,209,170,1,34,0
published,11,22,0.0,0.0,True,,221,180,1,36,0
published,11,23,0.0,0.0,True,,215,175,1,35,0
published,11,24,0.0,0.0,True,,209,170,1,34,0
published,11,25,0.0,0.0,True,,209,170,1,34,0
published,11,26,0.0,0.0,True,,203,165,1,33,0
published,11,27,0.0,0.0,True,,203,165,1,33,0
published,11,28,0.0,0.0,True,,197,160,1,32,0
published,11,29,0.0,0.0,True,,239,195,1,39,0
published,11,30,0.0,0.0,True,,203,165,1,33,0
published,12,1,0.03722643477079645,0.03722643477079645,False,,29729,25050,2,1140,69
published,12,2,0.0005470997775378107,0.0005470997775378107,False,,29827,25060,2,1140,69
published,12,3,7.608812880933397e-06,7.608812880933397e-06,False,,29777,25100,2,1113,69
published,12,4,0.019736185020912442,0.019736185020912442,False,,30138,25005,2,339,69
published,12,5,0.004199691359679204,0.004199691359679204,False,,30152,25005,2,278,69
published,12,6,0.005961964425042997,0.005961964425042997,False,,29729,25015,2,1127,69
published,12,7,0.001211024715044679,0.001211024715044679,False,,29764,25030,2,1133,69
published,12,8,0.0010818889666745276,0.0010818889666745276,False,,29748,25060,2,1127,69
published,12,9,0.0010696515306645956,0.0010696515306645956,False,,29800,25060,2,1130,69
published,12,10,0.00016083052454246794,0.00016083052454246794,False,,29735,25095,2,1119,69
published,12,11,7.084903796467787e-05,7.084903796467787e-05,False,,29573,25025,2,1104,69
published,12,12,0.005047449697027733,0.005047449697027733,False,,29789,25070,2,1121,69
published,12,13,0.0001609625091505914,0.0001609625091505914,False,,29706,25005,2,1125,69
published,12,14,0.0003714489742687698,0.0003714489742687698,False,,29646,25000,2,1119,69
published,12,15,0.034775192378931244,0.034775192378931244,False,,29716,25015,2,1135,69
published,12,16,0.0004147801371922702,0.0004147801371922702,False,,29707,25010,2,1143,69
published,12,17,0.00550020286375849,0.00550020286375849,False,,29760,25055,2,1128,69
published,12,18,0.0006262959636699377,0.0006262959636699377,False,,29613,25020,2,1108,69
published,12,19,0.03477067901606731,0.03477067901606731,False,,29766,25070,2,1125,69
published,12,20,0.0005566675985916354,0.0005566675985916354,False,,29703,25040,2,1129,69
published,12,21,0.00025519065211076206,0.00025519065211076206,False,,30155,25015,2,286,69
published,12,22,0.005268826199409975,0.005268826199409975,False,,29816,25085,2,1136,69
published,12,23,0.0016003635251261464,0.0016003635251261464,False,,29791,25090,2,1133,69
published,12,24,0.025993900132814354,0.025993900132814354,False,,29738,25055,2,1139,69
published,12,25,0.00035709460966695274,0.00035709460966695274,False,,30151,25015,2,315,69
published,12,26,0.0005824275882561331,0.0005824275882561331,False,,30138,25000,2,287,69
published,12,27,0.00043258186798392825,0.00043258186798392825,False,,30216,25065,2,270,69
published,12,28,5.7027499803709556e-05,5.7027499803709556e-05,False,,29841,25120,2,1117,69
published,12,29,0.00910086065989759,0.00910086065989759,False,,29728,25060,2,1134,69
published,12,30,0.0011781059109522759,0.0011781059109522759,False,,29617,25020,2,1115,69
published,13,1,0.20894831992385893,0.20894831992385893,False,,29724,25120,2,1111,69
published,13,2,0.14268810496098094,0.14268810496098094,False,,29730,25010,2,1135,69
published,13,3,0.05333804826243404,0.05333804826243404,False,,29985,25035,2,1114,69
published,13,4,0.005615355343824697,0.005615355343824697,False,,29867,25105,2,1119,69
published,13,5,0.04958757678381992,0.04958757678381992,False,,29842,25120,2,1120,69
published,13,6,0.15832621665988533,0.15832621665988533,False,,29776,25075,2,1117,69
published,13,7,0.024999474472248345,0.024999474472248345,False,,29707,25060,2,1115,69
published,13,8,0.0659868165131657,0.0659868165131657,False,,29839,25095,2,1121,69
published,13,9,0.04515470831678155,0.04515470831678155,False,,29746,25040,2,1123,69
published,13,10,0.008082843753094867,0.008082843753094867,False,,29719,25050,2,1128,69
published,13,11,0.011002841138357686,0.011002841138357686,False,,29836,25105,2,1117,69
published,13,12,0.040276235522227394,0.040276235522227394,False,,29709,25025,2,1136,69
published,13,13,0.12953885511453694,0.12953885511453694,False,,30162,25015,2,255,69
published,13,14,0.0003760763837121229,0.0003760763837121229,False,,29616,25000,2,1111,69
published,13,15,0.0059350954387285765,0.0059350954387285765,False,,29833,25115,2,1118,69
published,13,16,0.05847248638235909,0.05847248638235909,False,,29712,25080,2,1121,69
published,13,17,0.052607582927018906,0.052607582927018906,False,,29780,25065,2,1125,69
published,13,18,0.2722990966979034,0.2722990966979034,False,,29726,25035,2,1122,69
published,13,19,0.06175754881786061,0.06175754881786061,False,,29699,25000,2,1126,69
published,13,20,0.22585466981147176,0.22585466981147176,False,,29894,25120,2,1121,69
published,13,21,0.04924399714085004,0.04924399714085004,False,,30072,25020,2,258,69
published,13,22,0.005645804739538178,0.005645804739538178,False,,29782,25085,2,1111,69
published,13,23,0.005897171851427676,0.005897171851427676,False,,29774,25120,2,1116,69
published,13,24,0.029984556824314196,0.029984556824314196,False,,29734,25020,2,1119,69
published,13,25,0.05767710191619792,0.05767710191619792,False,,29758,25095,2,1117,69
published,13,26,0.03703336818889946,0.03703336818889946,False,,29785,25055,2,1118,69
published,13,27,0.00196824427923929,0.00196824427923929,False,,29677,25105,2,1112,69
published,13,28,0.002553956121751989,0.002553956121751989,False,,29857,25140,2,1109,69
published,13,29,0.011996504998462826,0.011996504998462826,False,,29819,25090,2,1123,69
published,13,30,0.19938943455984545,0.19938943455984545,False,,29739,25025,2,1118,69
published,14,1,nan,,False,F14 matches no case in the published switch,1,0,1,0,0
published,14,2,nan,,False,F14 matches no case in the published switch,1,0,1,0,0
published,14,3,nan,,False,F14 matches no case in the published switch,1,0,1,0,0
published,14,4,nan,,False,F14 matches no case in the published switch,1,0,1,0,0
published,14,5,nan,,False,F14 matches no case in the published switch,1,0,1,0,0
published,14,6,nan,,False,F14 matches no case in the published switch,1,0,1,0,0
published,14,7,nan,,False,F14 matches no case in the published switch,1,0,1,0,0
published,14,8,nan,,False,F14 matches no case in the published switch,1,0,1,0,0
published,14,9,nan,,False,F14 matches no case in the published switch,1,0,1,0,0
published,14,10,nan,,False,F14 matches no case in the published switch,1,0,1,0,0
published,14,11,nan,,False,F14 matches no case in the published switch,1,0,1,0,0
published,14,12,nan,,False,F14 matches no case in the published switch,1,0,1,0,0
published,14,13,nan,,False,F14 matches no case in the published switch,1,0,1,0,0
published,14,14,nan,,False,F14 matches no case in the published switch,1,0,1,0,0
published,14,15,nan,,False,F14 matches no case in the published switch,1,0,1,0,0
published,14,16,nan,,False,F14 matches no case in the published switch,1,0,1,0,0
published,14,17,nan,,False,F14 matches no case in the published switch,1,0,1,0,0
published,14,18,nan,,False,F14 matches no case in the published switch,1,0,1,0,0
published,14,19,nan,,False,F14 matches no case in the published switch,1,0,1,0,0
published,14,20,nan,,False,F14 matches no case in the published switch,1,0,1,0,0
published,14,21,nan,,False,F14 matches no case in the published switch,1,0,1,0,0
published,14,22,nan,,False,F14 matches no case in the published switch,1,0,1,0,0
published,14,23,nan,,False,F14 matches no case in the published switch,1,0,1,0,0
published,14,24,nan,,False,F14 matches no case in the published switch,1,0,1,0,0
published,14,25,nan,,False,F14 matches no case in the published switch,1,0,1,0,0
published,14,26,nan,,False,F14 matches no case in the published switch,1,0,1,0,0
published,14,27,nan,,False,F14 matches no case in the published switch,1,0,1,0,0
published,14,28,nan,,False,F14 matches no case in the published switch,1,0,1,0,0
published,14,29,nan,,False,F14 matches no case in the published switch,1,0,1,0,0
published,14,30,nan,,False,F14 matches no case in the published switch,1,0,1,0,0
published,15,1,0.00030748598783689527,0.00030748598783689527,False,,29852,25125,2,1107,70
published,15,2,0.00030748598780630754,0.00030748598780630754,False,,30187,25035,2,227,71
published,15,3,0.00030748598780632743,0.00030748598780632743,False,,30230,25140,2,224,69
published,15,4,0.0003074859878516848,0.0003074859878516848,False,,29859,25005,2,1117,69
published,15,5,0.00030748598780560844,0.00030748598780560844,False,,30374,25165,2,227,69
published,15,6,0.00030748598858505,0.00030748598858505,False,,29565,25005,2,1097,71
published,15,7,0.0003074859878061276,0.0003074859878061276,False,,30134,25025,2,225,69
published,15,8,0.00030748598780578186,0.00030748598780578186,False,,30124,25190,2,220,69
published,15,9,0.00030748598780631025,0.00030748598780631025,False,,30338,25135,2,235,69
published,15,10,0.00030748598781387055,0.00030748598781387055,False,,30278,25175,2,229,71
published,15,11,0.00030748598841528975,0.00030748598841528975,False,,30337,25140,2,228,69
published,15,12,0.00030748599026990777,0.00030748599026990777,False,,29802,25050,2,1110,71
published,15,13,0.00030748598783128463,0.00030748598783128463,False,,29875,25115,2,1099,69
published,15,14,0.00030748598780560595,0.00030748598780560595,False,,30330,25115,2,250,69
published,15,15,0.0003074859878060904,0.0003074859878060904,False,,30126,25090,2,220,71
published,15,16,0.00030748598781465714,0.00030748598781465714,False,,30110,25010,2,232,69
published,15,17,0.0003074859878529014,0.0003074859878529014,False,,30309,25145,2,232,69
published,15,18,0.00030748598780563067,0.00030748598780563067,False,,30245,25155,2,1101,69
published,15,19,0.00030748598780561083,0.00030748598780561083,False,,30310,25140,2,229,71
published,15,20,0.00030748598784226353,0.00030748598784226353,False,,30094,25025,2,231,69
published,15,21,0.00030748598781008023,0.00030748598781008023,False,,30224,25170,2,223,69
published,15,22,0.0003074859878659448,0.0003074859878659448,False,,29958,25110,2,1109,69
published,15,23,0.0003074859878884028,0.0003074859878884028,False,,30305,25105,2,227,69
published,15,24,0.0003074859878056164,0.0003074859878056164,False,,30233,25085,2,225,69
published,15,25,0.00030748598780815263,0.00030748598780815263,False,,29646,25025,2,1100,70
published,15,26,0.0003074859878056065,0.0003074859878056065,False,,30029,25005,2,220,69
published,15,27,0.00030748598781514774,0.00030748598781514774,False,,30171,25125,2,224,70
published,15,28,0.0003074859878137998,0.0003074859878137998,False,,30303,25095,2,244,71
published,15,29,0.0003074859878058133,0.0003074859878058133,False,,29763,25075,2,1105,69
published,15,30,0.0003074859878069062,0.0003074859878069062,False,,30337,25160,2,236,69
published,16,1,12.67050581113556,0.000773923608030852,False,,28838,25000,2,1081,73
published,16,2,12.670505811135564,0.0007775908582429813,False,,29121,25030,2,200,76
published,16,3,12.67050581113556,0.0007748423852573685,False,,29051,25065,2,197,73
published,16,4,12.670505811135616,-0.0007695279569432849,False,,29377,25300,2,197,73
published,16,5,12.670505811135614,-0.0007722457712437059,False,,29128,25090,2,198,72
published,16,6,12.67050581113562,-0.000770909090602255,False,,29324,25175,2,1082,81
published,16,7,12.67050581113556,0.0007729053382754172,False,,29306,25290,2,198,71
published,16,8,12.670505811135852,-0.0007724950261853096,False,,29152,25100,2,196,72
published,16,9,12.67050581113556,0.0007785977859842834,False,,29380,25220,2,202,74
published,16,10,12.67050581113556,0.0007693520681782299,False,,29406,25300,2,199,71
published,16,11,12.670505811135554,0.000774898347163478,False,,29268,25145,2,202,72
published,16,12,12.670505811135554,0.0007727864727636817,False,,29001,25185,2,1081,72
published,16,13,12.670505811135557,0.0007760361682049856,False,,29185,25100,2,199,72
published,16,14,12.670505811135554,0.000774786542925728,False,,29272,25000,2,1081,74
published,16,15,12.67050581113573,0.0008022744939933029,False,,29400,25240,2,201,72
published,16,16,12.670505811135554,0.0007739630173780372,False,,29149,25370,2,1080,73
published,16,17,12.670505811135618,-0.0007676848886947178,False,,29127,25000,2,201,72
published,16,18,12.670505811135557,0.0007737332492322339,False,,29212,25065,2,201,72
published,16,19,12.67050581113567,-0.0007491015452077135,False,,28916,25200,2,1079,72
published,16,20,12.670505811135554,0.0007723928803768596,False,,29117,25170,2,1086,73
published,16,21,12.670505811135554,0.000774470525473534,False,,28927,25160,2,1081,75
published,16,22,12.670505811135614,-0.0007721921738646135,False,,29221,25300,2,196,72
published,16,23,12.670505811135678,-0.000747787242305058,False,,29285,25185,2,201,73
published,16,24,12.67050581113562,-0.0007757146799654846,False,,29153,25085,2,199,74
published,16,25,12.670505811135618,-0.0007720059403988189,False,,29209,25100,2,200,73
published,16,26,12.670505811135554,0.0007722227833279863,False,,28953,25200,2,1079,71
published,16,27,12.670505811135616,-0.0007727378651660193,False,,29048,25145,2,1084,74
published,16,28,12.670505811135614,-0.0007724880246257903,False,,29139,25095,2,200,73
published,16,29,12.67050581113562,-0.0007715471321603417,False,,29375,25360,2,1083,69
published,16,30,12.670505811135614,-0.0007707917545719138,False,,29060,25075,2,197,73
published,17,1,0.397900289906147,0.397900289906147,True,,2938,2295,2,110,69
published,17,2,0.39791107250930224,0.39791107250930224,True,,7398,6405,2,1007,69
published,17,3,0.3979493522433888,0.3979493522433888,True,,2710,2105,2,109,69
published,17,4,0.3979295236606948,0.3979295236606948,True,,2964,2315,2,110,69
published,17,5,0.39794532681795936,0.39794532681795936,True,,2093,1590,2,106,69
published,17,6,0.3978887353112004,0.3978887353112004,True,,3263,2570,2,111,69
published,17,7,0.3979380995889681,0.3979380995889681,True,,7071,6140,2,1006,69
published,17,8,0.3979841997136262,0.3979841997136262,True,,2659,2070,2,109,69
published,17,9,0.39789654283985953,0.39789654283985953,True,,2451,1905,2,108,69
published,17,10,0.3979664519782027,0.3979664519782027,True,,3256,2575,2,111,69
published,17,11,0.39798233316201426,0.39798233316201426,True,,2009,1525,2,106,69
published,17,12,0.39790597345622736,0.39790597345622736,True,,2711,2125,2,109,69
published,17,13,0.39793589788283334,0.39793589788283334,True,,7581,6520,2,1008,69
published,17,14,0.3979165706940577,0.3979165706940577,True,,7665,6605,2,1008,69
published,17,15,0.39794105421814585,0.39794105421814585,True,,1945,1470,2,105,69
published,17,16,0.3979041217517487,0.3979041217517487,True,,7213,6210,2,1007,69
published,17,17,0.3979308989051784,0.3979308989051784,True,,2626,2065,2,107,69
published,17,18,0.39792650657238937,0.39792650657238937,True,,7700,6720,2,1007,69
published,17,19,0.39793810899391957,0.39793810899391957,True,,7605,6530,2,1008,69
published,17,20,0.3978924236131576,0.3978924236131576,True,,2335,1815,2,107,69
published,17,21,0.3979709746827904,0.3979709746827904,True,,2204,1675,2,106,69
published,17,22,0.39793587383325324,0.39793587383325324,True,,2541,1970,2,108,69
published,17,23,0.39795166933391535,0.39795166933391535,True,,2575,1990,2,108,69
published,17,24,0.39790167403147336,0.39790167403147336,True,,2475,1940,2,107,69
published,17,25,0.3979861728081584,0.3979861728081584,True,,2246,1725,2,107,69
published,17,26,0.3979357692374528,0.3979357692374528,True,,2592,2045,2,107,69
published,17,27,0.39792218146153324,0.39792218146153324,True,,2323,1830,2,106,69
published,17,28,0.3979246100196594,0.3979246100196594,True,,2364,1825,2,107,69
published,17,29,0.39798978007571506,0.39798978007571506,True,,2528,1985,2,107,69
published,17,30,0.39797452428008917,0.39797452428008917,True,,2523,1960,2,108,69
published,18,1,2.9999999999999787,2.9999999999999787,True,,9431,7765,2,135,69
published,18,2,2.999999999999954,2.999999999999954,True,,10595,8715,2,142,71
published,18,3,2.9999999999999503,2.9999999999999503,True,,8638,7060,2,134,71
published,18,4,2.999999999999962,2.999999999999962,True,,8201,6725,2,132,69
published,18,5,2.9999999999999525,2.9999999999999525,True,,13762,11705,2,1031,70
published,18,6,2.9999999999999973,2.9999999999999973,True,,9900,8085,2,141,71
published,18,7,2.9999999999999716,2.9999999999999716,True,,9637,7975,2,135,69
published,18,8,2.999999999999979,2.999999999999979,True,,9483,7780,2,137,70
published,18,9,2.999999999999971,2.999999999999971,True,,8655,7110,2,133,69
published,18,10,2.999999999999996,2.999999999999996,True,,9921,8125,2,142,69
published,18,11,2.999999999999968,2.999999999999968,True,,9370,7710,2,135,69
published,18,12,2.9999999999999782,2.9999999999999782,True,,9313,7680,2,135,69
published,18,13,2.999999999999953,2.999999999999953,True,,15152,12770,2,1040,69
published,18,14,2.999999999999998,2.999999999999998,True,,9710,8010,2,137,69
published,18,15,2.9999999999999885,2.9999999999999885,True,,9910,8120,2,140,69
published,18,16,2.999999999999993,2.999999999999993,True,,10388,8510,2,143,71
published,18,17,2.9999999999999982,2.9999999999999982,True,,9681,7930,2,141,70
published,18,18,2.9999999999999725,2.9999999999999725,True,,9304,7630,2,137,73
published,18,19,2.999999999999997,2.999999999999997,True,,9950,8130,2,140,71
published,18,20,2.999999999999961,2.999999999999961,True,,9355,7640,2,138,70
published,18,21,2.999999999999945,2.999999999999945,True,,10078,8255,2,142,71
published,18,22,2.999999999999993,2.999999999999993,True,,9927,8160,2,139,69
published,18,23,2.999999999999995,2.999999999999995,True,,9475,7735,2,139,69
published,18,24,2.9999999999999454,2.9999999999999454,True,,14543,12190,2,1034,69
published,18,25,2.9999999999999947,2.9999999999999947,True,,9822,8055,2,139,72
published,18,26,2.9999999999999893,2.9999999999999893,True,,9886,8085,2,140,71
published,18,27,2.9999999999999436,2.9999999999999436,True,,10759,8895,2,141,70
published,18,28,2.9999999999999987,2.9999999999999987,True,,9762,8010,2,139,69
published,18,29,2.9999999999999676,2.9999999999999676,True,,9593,7840,2,139,69
published,18,30,2.9999999999999765,2.9999999999999765,True,,9703,7980,2,138,71
published,19,1,-3.8610232615765634,-3.8610232615765634,True,,2584,1990,2,108,70
published,19,2,-3.8615266781183015,-3.8615266781183015,True,,2210,1690,2,107,70
published,19,3,-3.8603715408178774,-3.8603715408178774,True,,2333,1800,2,107,69
published,19,4,-3.860945415908864,-3.860945415908864,True,,1754,1340,2,104,69
published,19,5,-3.8621895598997136,-3.8621895598997136,True,,2154,1925,1,385,0
published,19,6,-3.8602213336585907,-3.8602213336585907,True,,2328,1780,2,107,69
published,19,7,-3.860666465269966,-3.860666465269966,True,,6739,5815,2,1005,69
published,19,8,-3.861237010077066,-3.861237010077066,True,,1753,1305,2,105,69
published,19,9,-3.8613003318764423,-3.8613003318764423,True,,2023,1535,2,106,69
published,19,10,-3.8606584338918424,-3.8606584338918424,True,,2225,1705,2,107,69
published,19,11,-3.8604432627762275,-3.8604432627762275,True,,2008,1515,2,106,69
published,19,12,-3.862125113868442,-3.862125113868442,True,,2240,1720,2,107,69
published,19,13,-3.860146168411189,-3.860146168411189,True,,2141,1635,2,106,69
published,19,14,-3.861978214803457,-3.861978214803457,True,,2109,1615,2,106,69
published,19,15,-3.860947392779588,-3.860947392779588,True,,2679,2085,2,109,69
published,19,16,-3.86000628638965,-3.86000628638965,True,,2613,2015,2,108,70
published,19,17,-3.8604265731106433,-3.8604265731106433,True,,1660,1245,2,104,69
published,19,18,-3.861764320458128,-3.861764320458128,True,,1577,1155,2,104,69
published,19,19,-3.860725397173807,-3.860725397173807,True,,1863,1390,2,105,69
published,19,20,-3.860993742129564,-3.860993742129564,True,,2027,1525,2,106,69
published,19,21,-3.860628744082311,-3.860628744082311,True,,2003,1520,2,106,70
published,19,22,-3.8601176693321873,-3.8601176693321873,True,,2280,1750,2,107,69
published,19,23,-3.860601556763183,-3.860601556763183,True,,2246,1710,2,107,69
published,19,24,-3.8624178160136537,-3.8624178160136537,True,,1961,1480,2,105,69
published,19,25,-3.8608050019668756,-3.8608050019668756,True,,1762,1315,2,105,69
published,19,26,-3.862267208115331,-3.862267208115331,True,,2057,1555,2,106,69
published,19,27,-3.8616682106220277,-3.8616682106220277,True,,2896,2265,2,109,69
published,19,28,-3.8600744685289383,-3.8600744685289383,True,,3317,2945,1,589,0
published,19,29,-3.862266277425478,-3.862266277425478,True,,2081,1585,2,106,69
published,19,30,-3.862170198044181,-3.862170198044181,True,,1808,1350,2,105,69
published,20,1,-3.3200199421616627,-3.3200199421616627,True,,6788,5495,2,128,69
published,20,2,-3.320716455660029,-3.320716455660029,True,,5394,4330,2,120,69
published,20,3,-3.3200283026005524,-3.3200283026005524,True,,7477,6075,2,129,69
published,20,4,-3.3201366573346904,-3.3201366573346904,True,,4540,3620,2,117,69
published,20,5,-3.203102050162429,-3.203102050162429,False,,30286,25080,2,255,69
published,20,6,-3.32007400125548,-3.32007400125548,True,,5333,4280,2,120,69
published,20,7,-3.320237702673,-3.320237702673,True,,5195,4170,2,120,69
published,20,8,-3.320051593781301,-3.320051593781301,True,,3862,3060,2,114,69
published,20,9,-3.3206485358519644,-3.3206485358519644,True,,5193,4165,2,120,69
published,20,10,-3.32043253221173,-3.32043253221173,True,,18247,15380,2,165,69
published,20,11,-3.321241352232089,-3.321241352232089,True,,5310,4260,2,120,69
published,20,12,-3.3201682806323967,-3.3201682806323967,True,,9881,8395,2,1017,69
published,20,13,-3.3203171892250944,-3.3203171892250944,True,,4497,3585,2,117,69
published,20,14,-3.320327499123464,-3.320327499123464,True,,4803,3840,2,118,69
published,20,15,-3.3202955552302122,-3.3202955552302122,True,,6037,4870,2,124,69
published,20,16,-3.3211863727839677,-3.3211863727839677,True,,8550,7260,2,1011,69
published,20,17,-3.320155528472795,-3.320155528472795,True,,4505,3590,2,116,69
published,20,18,-3.3206074510986587,-3.3206074510986587,True,,4283,3410,2,116,69
published,20,19,-3.3202802398062268,-3.3202802398062268,True,,10372,8805,2,1019,69
published,20,20,-3.3203049147913184,-3.3203049147913184,True,,5063,4055,2,119,69
published,20,21,-3.3207372053083724,-3.3207372053083724,True,,5160,4135,2,119,69
published,20,22,-3.320066363944509,-3.320066363944509,True,,5872,4730,2,123,69
published,20,23,-3.3206595160045715,-3.3206595160045715,True,,5643,4540,2,121,69
published,20,24,-3.320979834373317,-3.320979834373317,True,,5437,4365,2,120,69
published,20,25,-3.320845562062941,-3.320845562062941,True,,5200,4170,2,120,69
published,20,26,-3.3202904494207335,-3.3202904494207335,True,,6209,5010,2,125,69
published,20,27,-3.2031020498760854,-3.2031020498760854,False,,30355,25140,2,230,69
published,20,28,-3.2031020501073684,-3.2031020501073684,False,,30212,25015,2,260,69
published,20,29,-3.32068013463256,-3.32068013463256,True,,5025,4025,2,119,69
published,20,30,-3.3205476766785686,-3.3205476766785686,True,,10772,9080,2,1020,69
published,21,1,-10.153199679058229,-10.153199679058229,False,,30067,25105,2,225,71
published,21,2,-10.153199679058229,-10.153199679058229,False,,30039,25175,2,218,76
published,21,3,-10.153199679058229,-10.153199679058229,False,,30098,25355,2,214,71
published,21,4,-10.153199679058229,-10.153199679058229,False,,30118,25095,2,224,74
published,21,5,-10.153199679058204,-10.153199679058204,False,,30185,25175,2,221,71
published,21,6,-10.153199679058229,-10.153199679058229,False,,29910,25055,2,220,71
published,21,7,-10.153199679058229,-10.153199679058229,False,,30098,25145,2,221,71
published,21,8,-10.153199679058229,-10.153199679058229,False,,30193,25170,2,229,72
published,21,9,-10.153199679058229,-10.153199679058229,False,,29947,25040,2,230,73
published,21,10,-10.15319967905823,-10.15319967905823,False,,29872,25125,2,214,73
published,21,11,-10.15319967905822,-10.15319967905822,False,,30162,25055,2,236,71
published,21,12,-10.15319967905823,-10.15319967905823,False,,30027,25130,2,223,71
published,21,13,-10.153199679058229,-10.153199679058229,False,,30112,25150,2,224,71
published,21,14,-10.153199679058226,-10.153199679058226,False,,30075,25005,2,231,75
published,21,15,-10.153199679058227,-10.153199679058227,False,,29786,25130,2,1103,69
published,21,16,-10.153199679057014,-10.153199679057014,False,,30104,25035,2,230,71
published,21,17,-10.15319966634403,-10.15319966634403,False,,29759,25055,2,213,71
published,21,18,-10.153199679058012,-10.153199679058012,False,,30220,25105,2,229,71
published,21,19,-10.153199679058229,-10.153199679058229,False,,29797,25060,2,213,72
published,21,20,-10.153199679058229,-10.153199679058229,False,,29978,25045,2,222,72
published,21,21,-10.153199679058229,-10.153199679058229,False,,30295,25265,2,222,70
published,21,22,-10.153199679058229,-10.153199679058229,False,,29994,25090,2,217,73
published,21,23,-10.153199679019107,-10.153199679019107,False,,30232,25140,2,227,73
published,21,24,-10.15319967905823,-10.15319967905823,False,,29957,25095,2,219,71
published,21,25,-10.153199679058229,-10.153199679058229,False,,29921,25120,2,216,70
published,21,26,-10.153199588007853,-10.153199588007853,False,,29949,25150,2,219,72
published,21,27,-10.153199679058229,-10.153199679058229,False,,30013,25080,2,219,72
published,21,28,-10.153199679058229,-10.153199679058229,False,,30053,25140,2,222,72
published,21,29,-10.153199679058172,-10.153199679058172,False,,30171,25090,2,232,69
published,21,30,-10.153199679058229,-10.153199679058229,False,,30028,25020,2,224,73
published,22,1,-10.402918128400001,-10.402918128400001,True,,7689,6320,2,128,71
published,22,2,-10.402902415708917,-10.402902415708917,True,,7965,6515,2,130,71
published,22,3,-10.402913977500777,-10.402913977500777,True,,6959,5745,2,124,71
published,22,4,-10.402912946351774,-10.402912946351774,True,,8580,7035,2,132,73
published,22,5,-10.402902030214443,-10.402902030214443,True,,9970,8220,2,138,70
published,22,6,-10.402929324090826,-10.402929324090826,True,,15166,12675,2,156,70
published,22,7,-10.402900160170914,-10.402900160170914,True,,7102,5830,2,126,72
published,22,8,-10.402917000296199,-10.402917000296199,True,,9487,7825,2,136,71
published,22,9,-10.402903186913631,-10.402903186913631,True,,10629,8810,2,140,73
published,22,10,-10.402907128132696,-10.402907128132696,True,,17311,14770,2,1045,72
published,22,11,-10.402915218295693,-10.402915218295693,True,,11690,9690,2,144,72
published,22,12,-10.402926179887322,-10.402926179887322,True,,14920,12725,2,1037,70
published,22,13,-10.402925185550238,-10.402925185550238,True,,8860,7235,2,135,70
published,22,14,-10.402906966048725,-10.402906966048725,True,,9801,8040,2,138,70
published,22,15,-10.40291139612503,-10.40291139612503,True,,14330,12205,2,1036,73
published,22,16,-10.402905060450257,-10.402905060450257,True,,7459,6095,2,128,69
published,22,17,-10.402922866307001,-10.402922866307001,True,,9612,7955,2,135,71
published,22,18,-10.402906418887127,-10.402906418887127,True,,7790,6375,2,129,71
published,22,19,-10.402914775919792,-10.402914775919792,True,,10109,8405,2,136,72
published,22,20,-10.402925728585613,-10.402925728585613,True,,7201,5880,2,127,72
published,22,21,-10.402922348393437,-10.402922348393437,True,,16695,14200,2,1045,70
published,22,22,-10.402902556694544,-10.402902556694544,True,,8892,7370,2,132,72
published,22,23,-10.402907899365365,-10.402907899365365,True,,12117,10040,2,146,73
published,22,24,-10.402917439975841,-10.402917439975841,True,,9493,7815,2,136,73
published,22,25,-10.402905832836701,-10.402905832836701,True,,10493,8630,2,141,72
published,22,26,-10.402912935740462,-10.402912935740462,True,,9928,8260,2,136,69
published,22,27,-10.402929409184747,-10.402929409184747,True,,10976,9135,2,140,70
published,22,28,-10.402906488171137,-10.402906488171137,True,,11651,9655,2,144,76
published,22,29,-10.402915527197004,-10.402915527197004,True,,10941,9090,2,140,72
published,22,30,-10.402921840500614,-10.402921840500614,True,,7798,6345,2,130,71
published,23,1,-10.536402946703399,-10.536402946703399,True,,7905,6500,2,129,71
published,23,2,-10.536401240492212,-10.536401240492212,True,,12043,10110,2,142,70
published,23,3,-10.536401326028573,-10.536401326028573,True,,9556,7910,2,135,71
published,23,4,-10.536401411351186,-10.536401411351186,True,,7794,6330,2,131,71
published,23,5,-10.536404391723533,-10.536404391723533,True,,7940,6495,2,130,70
published,23,6,-10.536401606392488,-10.536401606392488,True,,8915,7315,2,134,71
published,23,7,-10.536405207471342,-10.536405207471342,True,,8957,7375,2,134,72
published,23,8,-10.536406920085458,-10.536406920085458,True,,8369,6860,2,132,71
published,23,9,-10.536402148377201,-10.536402148377201,True,,10191,8385,2,140,71
published,23,10,-10.536400465297548,-10.536400465297548,True,,17858,15180,2,1049,74
published,23,11,-10.536403439876572,-10.536403439876572,True,,8735,7225,2,132,70
published,23,12,-10.53640329262963,-10.53640329262963,True,,10369,8515,2,141,72
published,23,13,-10.536403698272943,-10.536403698272943,True,,9467,7870,2,134,70
published,23,14,-10.536401046208164,-10.536401046208164,True,,7545,6125,2,129,72
published,23,15,-10.536403777683375,-10.536403777683375,True,,10457,8620,2,140,70
published,23,16,-10.536402111812775,-10.536402111812775,True,,16361,13645,2,163,72
published,23,17,-10.53640473385147,-10.53640473385147,True,,11182,9195,2,144,73
published,23,18,-10.53640303734742,-10.53640303734742,True,,8885,7285,2,134,69
published,23,19,-10.536402284296752,-10.536402284296752,True,,7461,6055,2,128,74
published,23,20,-10.536405900152591,-10.536405900152591,True,,8255,6755,2,131,73
published,23,21,-10.536402275389278,-10.536402275389278,True,,7895,6430,2,131,72
published,23,22,-10.536402143494033,-10.536402143494033,True,,9414,7735,2,136,72
published,23,23,-10.536402831560661,-10.536402831560661,True,,7481,6150,2,127,70
published,23,24,-10.53640246818677,-10.53640246818677,True,,8933,7315,2,134,73
published,23,25,-10.536402144082649,-10.536402144082649,True,,8161,6720,2,130,72
published,23,26,-10.53640494485245,-10.53640494485245,True,,12482,10490,2,144,72
published,23,27,-10.536400608663605,-10.536400608663605,True,,11140,9305,2,140,69
published,23,28,-10.536404775493569,-10.536404775493569,True,,12113,10005,2,147,76
published,23,29,-10.536403295978612,-10.536403295978612,True,,7872,6500,2,128,69
published,23,30,-10.536403383066322,-10.536403383066322,True,,7831,6505,2,127,71
fix_A1,1,1,0.0,0.0,True,,2627,2185,1,437,0
fix_A1,1,2,0.0,0.0,True,,2603,2165,1,433,0
fix_A1,1,3,0.0,0.0,True,,2591,2155,1,431,0
fix_A1,1,4,0.0,0.0,True,,2651,2205,1,441,0
fix_A1,1,5,0.0,0.0,True,,2627,2185,1,437,0
fix_A1,1,6,0.0,0.0,True,,2597,2160,1,432,0
fix_A1,1,7,0.0,0.0,True,,2615,2175,1,435,0
fix_A1,1,8,0.0,0.0,True,,2609,2170,1,434,0
fix_A1,1,9,0.0,0.0,True,,2651,2205,1,441,0
fix_A1,1,10,0.0,0.0,True,,2645,2200,1,440,0
fix_A1,1,11,0.0,0.0,True,,2675,2225,1,445,0
fix_A1,1,12,0.0,0.0,True,,2669,2220,1,444,0
fix_A1,1,13,0.0,0.0,True,,2627,2185,1,437,0
fix_A1,1,14,0.0,0.0,True,,2699,2245,1,449,0
fix_A1,1,15,0.0,0.0,True,,2669,2220,1,444,0
fix_A1,1,16,0.0,0.0,True,,2651,2205,1,441,0
fix_A1,1,17,0.0,0.0,True,,2633,2190,1,438,0
fix_A1,1,18,0.0,0.0,True,,2633,2190,1,438,0
fix_A1,1,19,0.0,0.0,True,,2639,2195,1,439,0
fix_A1,1,20,0.0,0.0,True,,2650,2205,1,441,0
fix_A1,1,21,0.0,0.0,True,,2627,2185,1,437,0
fix_A1,1,22,0.0,0.0,True,,2621,2180,1,436,0
fix_A1,1,23,0.0,0.0,True,,2681,2230,1,446,0
fix_A1,1,24,0.0,0.0,True,,2585,2150,1,430,0
fix_A1,1,25,0.0,0.0,True,,2657,2210,1,442,0
fix_A1,1,26,0.0,0.0,True,,2633,2190,1,438,0
fix_A1,1,27,0.0,0.0,True,,2663,2215,1,443,0
fix_A1,1,28,0.0,0.0,True,,2627,2185,1,437,0
fix_A1,1,29,0.0,0.0,True,,2650,2205,1,441,0
fix_A1,1,30,0.0,0.0,True,,2615,2175,1,435,0
fix_A1,2,1,0.0,0.0,True,,5057,4210,1,842,0
fix_A1,2,2,0.0,0.0,True,,4949,4120,1,824,0
fix_A1,2,3,0.0,0.0,True,,4973,4140,1,828,0
fix_A1,2,4,0.0,0.0,True,,5033,4190,1,838,0
fix_A1,2,5,0.0,0.0,True,,5027,4185,1,837,0
fix_A1,2,6,0.0,0.0,True,,4997,4160,1,832,0
fix_A1,2,7,0.0,0.0,True,,5003,4165,1,833,0
fix_A1,2,8,0.0,0.0,True,,5033,4190,1,838,0
fix_A1,2,9,0.0,0.0,True,,5033,4190,1,838,0
fix_A1,2,10,0.0,0.0,True,,4961,4130,1,826,0
fix_A1,2,11,0.0,0.0,True,,4937,4110,1,822,0
fix_A1,2,12,0.0,0.0,True,,5033,4190,1,838,0
fix_A1,2,13,0.0,0.0,True,,5057,4210,1,842,0
fix_A1,2,14,0.0,0.0,True,,5051,4205,1,841,0
fix_A1,2,15,0.0,0.0,True,,5030,4190,1,838,0
fix_A1,2,16,0.0,0.0,True,,4949,4120,1,824,0
fix_A1,2,17,0.0,0.0,True,,4997,4160,1,832,0
fix_A1,2,18,0.0,0.0,True,,4943,4115,1,823,0
fix_A1,2,19,0.0,0.0,True,,4961,4130,1,826,0
fix_A1,2,20,0.0,0.0,True,,5015,4175,1,835,0
fix_A1,2,21,0.0,0.0,True,,4985,4150,1,830,0
fix_A1,2,22,0.0,0.0,True,,4961,4130,1,826,0
fix_A1,2,23,0.0,0.0,True,,4949,4120,1,824,0
fix_A1,2,24,0.0,0.0,True,,5045,4200,1,840,0
fix_A1,2,25,0.0,0.0,True,,5009,4170,1,834,0
fix_A1,2,26,0.0,0.0,True,,4991,4155,1,831,0
fix_A1,2,27,0.0,0.0,True,,4997,4160,1,832,0
fix_A1,2,28,0.0,0.0,True,,4883,4065,1,813,0
fix_A1,2,29,0.0,0.0,True,,5015,4175,1,835,0
fix_A1,2,30,0.0,0.0,True,,5032,4190,1,838,0
fix_A1,3,1,0.0,0.0,True,,2987,2485,1,497,0
fix_A1,3,2,0.0,0.0,True,,3137,2610,1,522,0
fix_A1,3,3,0.0,0.0,True,,2789,2320,1,464,0
fix_A1,3,4,0.0,0.0,True,,3011,2505,1,501,0
fix_A1,3,5,0.0,0.0,True,,2789,2320,1,464,0
fix_A1,3,6,0.0,0.0,True,,2951,2455,1,491,0
fix_A1,3,7,0.0,0.0,True,,3095,2575,1,515,0
fix_A1,3,8,0.0,0.0,True,,2945,2450,1,490,0
fix_A1,3,9,0.0,0.0,True,,3167,2635,1,527,0
fix_A1,3,10,0.0,0.0,True,,2957,2460,1,492,0
fix_A1,3,11,0.0,0.0,True,,2921,2430,1,486,0
fix_A1,3,12,0.0,0.0,True,,3035,2525,1,505,0
fix_A1,3,13,0.0,0.0,True,,3017,2510,1,502,0
fix_A1,3,14,0.0,0.0,True,,3203,2665,1,533,0
fix_A1,3,15,0.0,0.0,True,,3155,2625,1,525,0
fix_A1,3,16,0.0,0.0,True,,3083,2565,1,513,0
fix_A1,3,17,0.0,0.0,True,,3137,2610,1,522,0
fix_A1,3,18,0.0,0.0,True,,3053,2540,1,508,0
fix_A1,3,19,0.0,0.0,True,,2747,2285,1,457,0
fix_A1,3,20,0.0,0.0,True,,3155,2625,1,525,0
fix_A1,3,21,0.0,0.0,True,,2999,2495,1,499,0
fix_A1,3,22,0.0,0.0,True,,3005,2500,1,500,0
fix_A1,3,23,0.0,0.0,True,,2969,2470,1,494,0
fix_A1,3,24,0.0,0.0,True,,3113,2590,1,518,0
fix_A1,3,25,0.0,0.0,True,,3251,2705,1,541,0
fix_A1,3,26,0.0,0.0,True,,2939,2445,1,489,0
fix_A1,3,27,0.0,0.0,True,,3227,2685,1,537,0
fix_A1,3,28,0.0,0.0,True,,2945,2450,1,490,0
fix_A1,3,29,0.0,0.0,True,,2969,2470,1,494,0
fix_A1,3,30,0.0,0.0,True,,3143,2615,1,523,0
fix_A1,4,1,0.0,0.0,True,,5306,4420,1,884,0
fix_A1,4,2,0.0,0.0,True,,5200,4330,1,866,0
fix_A1,4,3,0.0,0.0,True,,5213,4340,1,868,0
fix_A1,4,4,0.0,0.0,True,,5236,4360,1,872,0
fix_A1,4,5,0.0,0.0,True,,5183,4315,1,863,0
fix_A1,4,6,0.0,0.0,True,,5165,4300,1,860,0
fix_A1,4,7,0.0,0.0,True,,5237,4360,1,872,0
fix_A1,4,8,0.0,0.0,True,,5297,4410,1,882,0
fix_A1,4,9,0.0,0.0,True,,5261,4380,1,876,0
fix_A1,4,10,0.0,0.0,True,,5204,4335,1,867,0
fix_A1,4,11,0.0,0.0,True,,5291,4405,1,881,0
fix_A1,4,12,0.0,0.0,True,,5277,4395,1,879,0
fix_A1,4,13,0.0,0.0,True,,5273,4390,1,878,0
fix_A1,4,14,0.0,0.0,True,,5334,4450,1,890,0
fix_A1,4,15,0.0,0.0,True,,5171,4305,1,861,0
fix_A1,4,16,0.0,0.0,True,,5183,4315,1,863,0
fix_A1,4,17,0.0,0.0,True,,5171,4305,1,861,0
fix_A1,4,18,0.0,0.0,True,,5201,4330,1,866,0
fix_A1,4,19,0.0,0.0,True,,5219,4345,1,869,0
fix_A1,4,20,0.0,0.0,True,,5231,4355,1,871,0
fix_A1,4,21,0.0,0.0,True,,5171,4305,1,861,0
fix_A1,4,22,0.0,0.0,True,,5189,4320,1,864,0
fix_A1,4,23,0.0,0.0,True,,5195,4325,1,865,0
fix_A1,4,24,0.0,0.0,True,,5231,4355,1,871,0
fix_A1,4,25,0.0,0.0,True,,5309,4420,1,884,0
fix_A1,4,26,0.0,0.0,True,,5219,4345,1,869,0
fix_A1,4,27,0.0,0.0,True,,5278,4395,1,879,0
fix_A1,4,28,0.0,0.0,True,,5129,4270,1,854,0
fix_A1,4,29,0.0,0.0,True,,5236,4360,1,872,0
fix_A1,4,30,0.0,0.0,True,,5243,4365,1,873,0
fix_A1,5,1,47.01265727599379,47.01265727599379,False,,29690,25040,2,1133,69
fix_A1,5,2,47.19578949654303,47.19578949654303,False,,30047,25025,2,265,69
fix_A1,5,3,47.748199524875595,47.748199524875595,False,,29619,25005,2,1121,69
fix_A1,5,4,47.5612426462516,47.5612426462516,False,,29673,25010,2,1140,69
fix_A1,5,5,46.966509068942166,46.966509068942166,False,,29606,25030,2,1133,69
fix_A1,5,6,46.90666950862933,46.90666950862933,False,,29683,25055,2,1133,69
fix_A1,5,7,47.32534537014511,47.32534537014511,False,,29645,25040,2,1153,69
fix_A1,5,8,46.87885496135916,46.87885496135916,False,,29670,25055,2,1139,69
fix_A1,5,9,47.701129389292845,47.701129389292845,False,,29694,25065,2,1123,69
fix_A1,5,10,46.75614504640657,46.75614504640657,False,,29634,25020,2,1174,69
fix_A1,5,11,46.443849100269865,46.443849100269865,False,,30028,25005,2,422,69
fix_A1,5,12,46.74752054185921,46.74752054185921,False,,29656,25090,2,1126,69
fix_A1,5,13,46.77691802272261,46.77691802272261,False,,29656,25040,2,1130,69
fix_A1,5,14,47.03964089748557,47.03964089748557,False,,29626,25010,2,1134,69
fix_A1,5,15,47.6164830026838,47.6164830026838,False,,30032,25005,2,271,69
fix_A1,5,16,46.6527508811363,46.6527508811363,False,,29694,25055,2,1137,69
fix_A1,5,17,48.06285479717087,48.06285479717087,False,,29593,25015,2,1130,69
fix_A1,5,18,46.69993818105012,46.69993818105012,False,,29675,25050,2,1129,69
fix_A1,5,19,47.21786626398297,47.21786626398297,False,,29631,25020,2,1125,69
fix_A1,5,20,46.94846697433369,46.94846697433369,False,,29650,25035,2,1140,69
fix_A1,5,21,48.11701628011106,48.11701628011106,False,,29637,25055,2,1114,69
fix_A1,5,22,47.05107830583987,47.05107830583987,False,,29623,25055,2,1145,69
fix_A1,5,23,47.604817235703706,47.604817235703706,False,,29610,25030,2,1123,69
fix_A1,5,24,1.2799934718194337,1.2799934718194337,False,,29641,25130,2,1102,69
fix_A1,5,25,46.61378527291588,46.61378527291588,False,,30082,25015,2,377,69
fix_A1,5,26,0.747370515728829,0.747370515728829,False,,29494,25100,2,1099,69
fix_A1,5,27,47.44132018921942,47.44132018921942,False,,29612,25005,2,1124,69
fix_A1,5,28,46.92292479308072,46.92292479308072,False,,29776,25075,2,1134,69
fix_A1,5,29,46.83175581863538,46.83175581863538,False,,29597,25040,2,1150,69
fix_A1,5,30,46.76601569638867,46.76601569638867,False,,29604,25025,2,1123,69
fix_A1,6,1,0.0,0.0,True,,83,65,1,13,0
fix_A1,6,2,0.0,0.0,True,,82,65,1,13,0
fix_A1,6,3,0.0,0.0,True,,71,55,1,11,0
fix_A1,6,4,0.0,0.0,True,,100,80,1,16,0
fix_A1,6,5,0.0,0.0,True,,76,60,1,12,0
fix_A1,6,6,0.0,0.0,True,,65,50,1,10,0
fix_A1,6,7,0.0,0.0,True,,70,55,1,11,0
fix_A1,6,8,0.0,0.0,True,,77,60,1,12,0
fix_A1,6,9,0.0,0.0,True,,65,50,1,10,0
fix_A1,6,10,0.0,0.0,True,,71,55,1,11,0
fix_A1,6,11,0.0,0.0,True,,77,60,1,12,0
fix_A1,6,12,0.0,0.0,True,,65,50,1,10,0
fix_A1,6,13,0.0,0.0,True,,59,45,1,9,0
fix_A1,6,14,0.0,0.0,True,,71,55,1,11,0
fix_A1,6,15,0.0,0.0,True,,65,50,1,10,0
fix_A1,6,16,0.0,0.0,True,,53,40,1,8,0
fix_A1,6,17,0.0,0.0,True,,59,45,1,9,0
fix_A1,6,18,0.0,0.0,True,,71,55,1,11,0
fix_A1,6,19,0.0,0.0,True,,71,55,1,11,0
fix_A1,6,20,0.0,0.0,True,,71,55,1,11,0
fix_A1,6,21,0.0,0.0,True,,77,60,1,12,0
fix_A1,6,22,0.0,0.0,True,,71,55,1,11,0
fix_A1,6,23,0.0,0.0,True,,77,60,1,12,0
fix_A1,6,24,0.0,0.0,True,,77,60,1,12,0
fix_A1,6,25,0.0,0.0,True,,65,50,1,10,0
fix_A1,6,26,0.0,0.0,True,,71,55,1,11,0
fix_A1,6,27,0.0,0.0,True,,71,55,1,11,0
fix_A1,6,28,0.0,0.0,True,,71,55,1,11,0
fix_A1,6,29,0.0,0.0,True,,71,55,1,11,0
fix_A1,6,30,0.0,0.0,True,,71,55,1,11,0
fix_A1,7,1,0.0002501171290675453,0.8602707947724433,False,,29240,25100,2,196,69
fix_A1,7,2,7.324921352252697e-05,0.10047785845002283,False,,29120,25100,2,193,69
fix_A1,7,3,0.00020825971479614496,0.3507181013426384,False,,29240,25100,2,196,69
fix_A1,7,4,0.00011758388907707223,0.10974852443641109,False,,29320,25100,2,198,69
fix_A1,7,5,8.188989020057469e-05,0.1330260574281557,False,,29320,25300,2,193,69
fix_A1,7,6,9.077736984966186e-05,0.10079595551078682,False,,29261,25085,2,197,69
fix_A1,7,7,8.644201874769662e-05,0.11359411386283319,False,,29160,25100,2,194,69
fix_A1,7,8,0.0004454607382958937,0.5120957090453521,False,,29120,25100,2,193,69
fix_A1,7,9,0.0004298773607844803,0.2908009461048312,False,,29480,25300,2,197,69
fix_A1,7,10,0.0003484307852599755,0.5764967689206733,False,,29200,25100,2,195,69
fix_A1,7,11,0.00021303852127017262,0.2809135851635276,False,,29440,25300,2,196,69
fix_A1,7,12,0.0002369593925933789,0.7382877984908625,False,,29160,25100,2,194,69
fix_A1,7,13,0.00013453922100360575,0.700277190959378,False,,29400,25300,2,195,69
fix_A1,7,14,0.00041741582645826844,0.07089694800362178,False,,29160,25100,2,194,69
fix_A1,7,15,0.00011434294009625617,0.30497683687831345,False,,29200,25100,2,195,69
fix_A1,7,16,0.0002589203386093101,0.26323962901562625,False,,29160,25100,2,194,69
fix_A1,7,17,0.00011354914681282633,0.3110249127807132,False,,29160,25100,2,194,69
fix_A1,7,18,0.0002426373595888668,0.7116676110428949,False,,29320,25300,2,193,69
fix_A1,7,19,0.00030075515975466614,0.5073871451824178,False,,29200,25100,2,195,69
fix_A1,7,20,3.547629194619054e-05,0.5918436634446382,False,,29160,25100,2,194,69
fix_A1,7,21,0.0003133798135213502,0.2332847836064133,False,,29280,25100,2,197,69
fix_A1,7,22,5.229391982940365e-05,0.5814196141624166,False,,29160,25100,2,194,69
fix_A1,7,23,3.571234007855541e-05,0.7491234318366151,False,,29280,25100,2,197,69
fix_A1,7,24,0.0002579047261046948,0.6109751301765508,False,,29200,25100,2,195,69
fix_A1,7,25,7.95713595591145e-05,0.9553925703482298,False,,29200,25000,2,1075,69
fix_A1,7,26,0.00010447912090422631,0.416071488695594,False,,29120,25100,2,193,69
fix_A1,7,27,0.0001242543956044239,0.9651601113357761,False,,29120,25100,2,193,69
fix_A1,7,28,0.00013153159972792037,6.89694436849758e-05,False,,29320,25300,2,193,69
fix_A1,7,29,0.0003905047769757287,0.89428454058624,False,,29280,25100,2,197,69
fix_A1,7,30,0.0002189581305663701,0.34864871125911734,False,,29400,25300,2,195,69
fix_A1,8,1,-17957.729535957,-17957.729535957,False,,29676,25040,2,213,69
fix_A1,8,2,-15024.094665235038,-15024.094665235038,False,,30046,25075,2,228,69
fix_A1,8,3,-20857.435530358107,-20857.435530358107,False,,29676,25045,2,1087,69
fix_A1,8,4,-15026.954882836426,-15026.954882836426,False,,30081,25015,2,243,69
fix_A1,8,5,-15019.47187413415,-15019.47187413415,False,,30125,25045,2,236,69
fix_A1,8,6,-15026.709429914137,-15026.709429914137,False,,30047,25050,2,230,69
fix_A1,8,7,-20376.21067397325,-20376.21067397325,False,,29597,25135,2,1082,69
fix_A1,8,8,-20941.726733653613,-20941.726733653613,False,,29653,25055,2,209,69
fix_A1,8,9,-15022.44718260835,-15022.44718260835,False,,30023,25065,2,247,69
fix_A1,8,10,-15026.725709337943,-15026.725709337943,False,,30029,25115,2,224,69
fix_A1,8,11,-15027.221978226633,-15027.221978226633,False,,29962,25000,2,230,69
fix_A1,8,12,-17844.303559498843,-17844.303559498843,False,,29623,25155,2,206,69
fix_A1,8,13,-15024.801267074845,-15024.801267074845,False,,30147,25030,2,241,69
fix_A1,8,14,-20844.84475982742,-20844.84475982742,False,,29223,25055,2,197,69
fix_A1,8,15,-17590.717990268495,-17590.717990268495,False,,29340,25020,2,201,69
fix_A1,8,16,-15027.046642258785,-15027.046642258785,False,,30140,25070,2,232,69
fix_A1,8,17,-20937.487933575245,-20937.487933575245,False,,29725,25015,2,217,69
fix_A1,8,18,-15026.882041830231,-15026.882041830231,False,,30040,25035,2,1103,69
fix_A1,8,19,-15014.24243716506,-15014.24243716506,False,,30183,25055,2,246,69
fix_A1,8,20,-20949.053704784077,-20949.053704784077,False,,29246,25045,2,198,69
fix_A1,8,21,-15027.016387257598,-15027.016387257598,False,,29953,25040,2,235,69
fix_A1,8,22,-17887.956671710625,-17887.956671710625,False,,29638,25070,2,1085,69
fix_A1,8,23,-15027.175135106056,-15027.175135106056,False,,29905,25030,2,1097,69
fix_A1,8,24,-17806.807326474052,-17806.807326474052,False,,29923,25140,2,218,69
fix_A1,8,25,-15026.704439452038,-15026.704439452038,False,,30197,25140,2,1106,69
fix_A1,8,26,-15026.110470624819,-15026.110470624819,False,,30011,25095,2,1100,69
fix_A1,8,27,-15015.226155001645,-15015.226155001645,False,,30121,25110,2,1101,69
fix_A1,8,28,-15026.489135007987,-15026.489135007987,False,,30050,25000,2,231,69
fix_A1,8,29,-15026.294990919456,-15026.294990919456,False,,29893,25015,2,226,69
fix_A1,8,30,-15020.579496974009,-15020.579496974009,False,,30135,25150,2,1100,69
fix_A1,9,1,0.0,0.0,True,,185,150,1,30,0
fix_A1,9,2,0.0,0.0,True,,191,155,1,31,0
fix_A1,9,3,0.0,0.0,True,,197,160,1,32,0
fix_A1,9,4,0.0,0.0,True,,179,145,1,29,0
fix_A1,9,5,0.0,0.0,True,,179,145,1,29,0
fix_A1,9,6,0.0,0.0,True,,16935,13980,2,1045,69
fix_A1,9,7,0.0,0.0,True,,191,155,1,31,0
fix_A1,9,8,0.0,0.0,True,,173,140,1,28,0
fix_A1,9,9,0.0,0.0,True,,191,155,1,31,0
fix_A1,9,10,0.0,0.0,True,,197,160,1,32,0
fix_A1,9,11,0.0,0.0,True,,197,160,1,32,0
fix_A1,9,12,0.0,0.0,True,,191,155,1,31,0
fix_A1,9,13,0.0,0.0,True,,185,150,1,30,0
fix_A1,9,14,0.0,0.0,True,,185,150,1,30,0
fix_A1,9,15,0.0,0.0,True,,17190,14760,2,1043,69
fix_A1,9,16,0.0,0.0,True,,173,140,1,28,0
fix_A1,9,17,0.0,0.0,True,,16518,14060,2,1045,69
fix_A1,9,18,0.0,0.0,True,,334,275,1,55,0
fix_A1,9,19,0.0,0.0,True,,179,145,1,29,0
fix_A1,9,20,0.0,0.0,True,,173,140,1,28,0
fix_A1,9,21,0.0,0.0,True,,191,155,1,31,0
fix_A1,9,22,0.0,0.0,True,,191,155,1,31,0
fix_A1,9,23,0.0,0.0,True,,185,150,1,30,0
fix_A1,9,24,0.0,0.0,True,,191,155,1,31,0
fix_A1,9,25,0.0,0.0,True,,197,160,1,32,0
fix_A1,9,26,0.0,0.0,True,,167,135,1,27,0
fix_A1,9,27,0.0,0.0,True,,191,155,1,31,0
fix_A1,9,28,0.0,0.0,True,,185,150,1,30,0
fix_A1,9,29,0.0,0.0,True,,215,175,1,35,0
fix_A1,9,30,0.0,0.0,True,,185,150,1,30,0
fix_A1,10,1,4.440892098500626e-16,4.440892098500626e-16,False,,28131,25000,2,1075,69
fix_A1,10,2,4.440892098500626e-16,4.440892098500626e-16,False,,28388,25000,2,1075,69
fix_A1,10,3,4.440892098500626e-16,4.440892098500626e-16,False,,27979,25000,2,1075,69
fix_A1,10,4,4.440892098500626e-16,4.440892098500626e-16,False,,28180,25000,2,1075,69
fix_A1,10,5,4.440892098500626e-16,4.440892098500626e-16,False,,28177,25000,2,1075,69
fix_A1,10,6,4.440892098500626e-16,4.440892098500626e-16,False,,27949,25000,2,1075,69
fix_A1,10,7,4.440892098500626e-16,4.440892098500626e-16,False,,27890,25000,2,1075,69
fix_A1,10,8,4.440892098500626e-16,4.440892098500626e-16,False,,28083,25000,2,1075,69
fix_A1,10,9,4.440892098500626e-16,4.440892098500626e-16,False,,28162,25000,2,1075,69
fix_A1,10,10,4.440892098500626e-16,4.440892098500626e-16,False,,28023,25000,2,1075,69
fix_A1,10,11,4.440892098500626e-16,4.440892098500626e-16,False,,27964,25000,2,1075,69
fix_A1,10,12,4.440892098500626e-16,4.440892098500626e-16,False,,27856,25000,2,1075,69
fix_A1,10,13,4.440892098500626e-16,4.440892098500626e-16,False,,28039,25000,2,1075,69
fix_A1,10,14,4.440892098500626e-16,4.440892098500626e-16,False,,28023,25000,2,1075,69
fix_A1,10,15,4.440892098500626e-16,4.440892098500626e-16,False,,28189,25000,2,1075,69
fix_A1,10,16,4.440892098500626e-16,4.440892098500626e-16,False,,28090,25000,2,1075,69
fix_A1,10,17,4.440892098500626e-16,4.440892098500626e-16,False,,27929,25000,2,1075,69
fix_A1,10,18,4.440892098500626e-16,4.440892098500626e-16,False,,27928,25000,2,1075,69
fix_A1,10,19,4.440892098500626e-16,4.440892098500626e-16,False,,27996,25000,2,1075,69
fix_A1,10,20,4.440892098500626e-16,4.440892098500626e-16,False,,27925,25000,2,1075,69
fix_A1,10,21,4.440892098500626e-16,4.440892098500626e-16,False,,28182,25000,2,1075,69
fix_A1,10,22,4.440892098500626e-16,4.440892098500626e-16,False,,29793,25030,2,1092,69
fix_A1,10,23,4.440892098500626e-16,4.440892098500626e-16,False,,28032,25000,2,1075,69
fix_A1,10,24,4.440892098500626e-16,4.440892098500626e-16,False,,28033,25000,2,1075,69
fix_A1,10,25,4.440892098500626e-16,4.440892098500626e-16,False,,28348,25000,2,1075,69
fix_A1,10,26,4.440892098500626e-16,4.440892098500626e-16,False,,27904,25000,2,1075,69
fix_A1,10,27,4.440892098500626e-16,4.440892098500626e-16,False,,29955,25170,2,1093,69
fix_A1,10,28,4.440892098500626e-16,4.440892098500626e-16,False,,28311,25000,2,1075,69
fix_A1,10,29,4.440892098500626e-16,4.440892098500626e-16,False,,30078,25330,2,1091,69
fix_A1,10,30,4.440892098500626e-16,4.440892098500626e-16,False,,27918,25000,2,1075,69
fix_A1,11,1,0.0,0.0,True,,227,185,1,37,0
fix_A1,11,2,0.0,0.0,True,,227,185,1,37,0
fix_A1,11,3,0.0,0.0,True,,209,170,1,34,0
fix_A1,11,4,0.0,0.0,True,,215,175,1,35,0
fix_A1,11,5,0.0,0.0,True,,185,150,1,30,0
fix_A1,11,6,0.0,0.0,True,,197,160,1,32,0
fix_A1,11,7,0.0,0.0,True,,209,170,1,34,0
fix_A1,11,8,0.0,0.0,True,,227,185,1,37,0
fix_A1,11,9,0.0,0.0,True,,239,195,1,39,0
fix_A1,11,10,0.0,0.0,True,,233,190,1,38,0
fix_A1,11,11,0.0,0.0,True,,221,180,1,36,0
fix_A1,11,12,0.0,0.0,True,,215,175,1,35,0
fix_A1,11,13,0.0,0.0,True,,197,160,1,32,0
fix_A1,11,14,0.0,0.0,True,,227,185,1,37,0
fix_A1,11,15,0.0,0.0,True,,209,170,1,34,0
fix_A1,11,16,0.0,0.0,True,,197,160,1,32,0
fix_A1,11,17,0.0,0.0,True,,191,155,1,31,0
fix_A1,11,18,0.0,0.0,True,,203,165,1,33,0
fix_A1,11,19,0.0,0.0,True,,197,160,1,32,0
fix_A1,11,20,0.0,0.0,True,,203,165,1,33,0
fix_A1,11,21,0.0,0.0,True,,209,170,1,34,0
fix_A1,11,22,0.0,0.0,True,,221,180,1,36,0
fix_A1,11,23,0.0,0.0,True,,215,175,1,35,0
fix_A1,11,24,0.0,0.0,True,,209,170,1,34,0
fix_A1,11,25,0.0,0.0,True,,209,170,1,34,0
fix_A1,11,26,0.0,0.0,True,,203,165,1,33,0
fix_A1,11,27,0.0,0.0,True,,203,165,1,33,0
fix_A1,11,28,0.0,0.0,True,,197,160,1,32,0
fix_A1,11,29,0.0,0.0,True,,239,195,1,39,0
fix_A1,11,30,0.0,0.0,True,,203,165,1,33,0
fix_A1,12,1,0.03722643477079645,0.03722643477079645,False,,29729,25050,2,1140,69
fix_A1,12,2,0.0005470997775378107,0.0005470997775378107,False,,29827,25060,2,1140,69
fix_A1,12,3,7.608812880933397e-06,7.608812880933397e-06,False,,29777,25100,2,1113,69
fix_A1,12,4,0.019736185020912442,0.019736185020912442,False,,30138,25005,2,339,69
fix_A1,12,5,0.004199691359679204,0.004199691359679204,False,,30152,25005,2,278,69
fix_A1,12,6,0.005961964425042997,0.005961964425042997,False,,29729,25015,2,1127,69
fix_A1,12,7,0.001211024715044679,0.001211024715044679,False,,29764,25030,2,1133,69
fix_A1,12,8,0.0010818889666745276,0.0010818889666745276,False,,29748,25060,2,1127,69
fix_A1,12,9,0.0010696515306645956,0.0010696515306645956,False,,29800,25060,2,1130,69
fix_A1,12,10,0.00016083052454246794,0.00016083052454246794,False,,29735,25095,2,1119,69
fix_A1,12,11,7.084903796467787e-05,7.084903796467787e-05,False,,29573,25025,2,1104,69
fix_A1,12,12,0.005047449697027733,0.005047449697027733,False,,29789,25070,2,1121,69
fix_A1,12,13,0.0001609625091505914,0.0001609625091505914,False,,29706,25005,2,1125,69
fix_A1,12,14,0.0003714489742687698,0.0003714489742687698,False,,29646,25000,2,1119,69
fix_A1,12,15,0.034775192378931244,0.034775192378931244,False,,29716,25015,2,1135,69
fix_A1,12,16,0.0004147801371922702,0.0004147801371922702,False,,29707,25010,2,1143,69
fix_A1,12,17,0.00550020286375849,0.00550020286375849,False,,29760,25055,2,1128,69
fix_A1,12,18,0.0006262959636699377,0.0006262959636699377,False,,29613,25020,2,1108,69
fix_A1,12,19,0.03477067901606731,0.03477067901606731,False,,29766,25070,2,1125,69
fix_A1,12,20,0.0005566675985916354,0.0005566675985916354,False,,29703,25040,2,1129,69
fix_A1,12,21,0.00025519065211076206,0.00025519065211076206,False,,30155,25015,2,286,69
fix_A1,12,22,0.005268826199409975,0.005268826199409975,False,,29816,25085,2,1136,69
fix_A1,12,23,0.0016003635251261464,0.0016003635251261464,False,,29791,25090,2,1133,69
fix_A1,12,24,0.025993900132814354,0.025993900132814354,False,,29738,25055,2,1139,69
fix_A1,12,25,0.00035709460966695274,0.00035709460966695274,False,,30151,25015,2,315,69
fix_A1,12,26,0.0005824275882561331,0.0005824275882561331,False,,30138,25000,2,287,69
fix_A1,12,27,0.00043258186798392825,0.00043258186798392825,False,,30216,25065,2,270,69
fix_A1,12,28,5.7027499803709556e-05,5.7027499803709556e-05,False,,29841,25120,2,1117,69
fix_A1,12,29,0.00910086065989759,0.00910086065989759,False,,29728,25060,2,1134,69
fix_A1,12,30,0.0011781059109522759,0.0011781059109522759,False,,29617,25020,2,1115,69
fix_A1,13,1,0.20894831992385893,0.20894831992385893,False,,29724,25120,2,1111,69
fix_A1,13,2,0.14268810496098094,0.14268810496098094,False,,29730,25010,2,1135,69
fix_A1,13,3,0.05333804826243404,0.05333804826243404,False,,29985,25035,2,1114,69
fix_A1,13,4,0.005615355343824697,0.005615355343824697,False,,29867,25105,2,1119,69
fix_A1,13,5,0.04958757678381992,0.04958757678381992,False,,29842,25120,2,1120,69
fix_A1,13,6,0.15832621665988533,0.15832621665988533,False,,29776,25075,2,1117,69
fix_A1,13,7,0.024999474472248345,0.024999474472248345,False,,29707,25060,2,1115,69
fix_A1,13,8,0.0659868165131657,0.0659868165131657,False,,29839,25095,2,1121,69
fix_A1,13,9,0.04515470831678155,0.04515470831678155,False,,29746,25040,2,1123,69
fix_A1,13,10,0.008082843753094867,0.008082843753094867,False,,29719,25050,2,1128,69
fix_A1,13,11,0.011002841138357686,0.011002841138357686,False,,29836,25105,2,1117,69
fix_A1,13,12,0.040276235522227394,0.040276235522227394,False,,29709,25025,2,1136,69
fix_A1,13,13,0.12953885511453694,0.12953885511453694,False,,30162,25015,2,255,69
fix_A1,13,14,0.0003760763837121229,0.0003760763837121229,False,,29616,25000,2,1111,69
fix_A1,13,15,0.0059350954387285765,0.0059350954387285765,False,,29833,25115,2,1118,69
fix_A1,13,16,0.05847248638235909,0.05847248638235909,False,,29712,25080,2,1121,69
fix_A1,13,17,0.052607582927018906,0.052607582927018906,False,,29780,25065,2,1125,69
fix_A1,13,18,0.2722990966979034,0.2722990966979034,False,,29726,25035,2,1122,69
fix_A1,13,19,0.06175754881786061,0.06175754881786061,False,,29699,25000,2,1126,69
fix_A1,13,20,0.22585466981147176,0.22585466981147176,False,,29894,25120,2,1121,69
fix_A1,13,21,0.04924399714085004,0.04924399714085004,False,,30072,25020,2,258,69
fix_A1,13,22,0.005645804739538178,0.005645804739538178,False,,29782,25085,2,1111,69
fix_A1,13,23,0.005897171851427676,0.005897171851427676,False,,29774,25120,2,1116,69
fix_A1,13,24,0.029984556824314196,0.029984556824314196,False,,29734,25020,2,1119,69
fix_A1,13,25,0.05767710191619792,0.05767710191619792,False,,29758,25095,2,1117,69
fix_A1,13,26,0.03703336818889946,0.03703336818889946,False,,29785,25055,2,1118,69
fix_A1,13,27,0.00196824427923929,0.00196824427923929,False,,29677,25105,2,1112,69
fix_A1,13,28,0.002553956121751989,0.002553956121751989,False,,29857,25140,2,1109,69
fix_A1,13,29,0.011996504998462826,0.011996504998462826,False,,29819,25090,2,1123,69
fix_A1,13,30,0.19938943455984545,0.19938943455984545,False,,29739,25025,2,1118,69
fix_A1,14,1,0.9980038377944498,0.9980038377944498,False,,29548,25155,2,207,85
fix_A1,14,2,0.9980038377944498,0.9980038377944498,False,,29751,25250,2,208,75
fix_A1,14,3,0.9980038377944498,0.9980038377944498,False,,29267,25030,2,202,77
fix_A1,14,4,0.9980038377944498,0.9980038377944498,False,,29316,25065,2,202,81
fix_A1,14,5,0.9980038377944498,0.9980038377944498,False,,29509,25060,2,208,76
fix_A1,14,6,0.9980038377944498,0.9980038377944498,False,,29684,25260,2,207,75
fix_A1,14,7,0.9980038377944498,0.9980038377944498,False,,29640,25340,2,205,80
fix_A1,14,8,0.9980038377944498,0.9980038377944498,False,,29499,25020,2,206,79
fix_A1,14,9,0.9980038377944498,0.9980038377944498,False,,29295,25025,2,203,73
fix_A1,14,10,0.9980038377944498,0.9980038377944498,False,,29511,25355,2,1084,81
fix_A1,14,11,0.9980038377944498,0.9980038377944498,False,,29543,25190,2,204,83
fix_A1,14,12,0.9980038377944498,0.9980038377944498,False,,29155,25170,2,1084,84
fix_A1,14,13,0.9980038377944498,0.9980038377944498,False,,29317,25040,2,1089,81
fix_A1,14,14,0.9980038377944498,0.9980038377944498,False,,29144,25190,2,1082,80
fix_A1,14,15,0.9980038377944498,0.9980038377944498,False,,29204,25175,2,1084,82
fix_A1,14,16,0.9980038377944498,0.9980038377944498,False,,29312,25330,2,1085,80
fix_A1,14,17,0.9980038377944498,0.9980038377944498,False,,29436,25055,2,206,78
fix_A1,14,18,0.9980038377944498,0.9980038377944498,False,,29251,25005,2,203,75
fix_A1,14,19,0.9980038377944498,0.9980038377944498,False,,29274,25195,2,1087,80
fix_A1,14,20,0.9980038377944498,0.9980038377944498,False,,29104,25055,2,1086,73
fix_A1,14,21,0.9980038377944498,0.9980038377944498,False,,29572,25280,2,203,93
fix_A1,14,22,0.9980038377944498,0.9980038377944498,False,,29508,25175,2,205,81
fix_A1,14,23,0.9980038377944498,0.9980038377944498,False,,29305,25100,2,1088,83
fix_A1,14,24,0.9980038377944498,0.9980038377944498,False,,29247,25145,2,1088,77
fix_A1,14,25,0.9980038377944498,0.9980038377944498,False,,29242,25015,2,202,78
fix_A1,14,26,0.9980038377944498,0.9980038377944498,False,,29317,25085,2,201,74
fix_A1,14,27,0.9980038377944498,0.9980038377944498,False,,29235,25180,2,1086,76
fix_A1,14,28,0.9980038377944498,0.9980038377944498,False,,29592,25255,2,205,78
fix_A1,14,29,0.9980038377944498,0.9980038377944498,False,,29337,25055,2,203,74
fix_A1,14,30,0.9980038377944498,0.9980038377944498,False,,29424,25065,2,205,83
fix_A1,15,1,0.00030748598783689527,0.00030748598783689527,False,,29852,25125,2,1107,70
fix_A1,15,2,0.00030748598780630754,0.00030748598780630754,False,,30187,25035,2,227,71
fix_A1,15,3,0.00030748598780632743,0.00030748598780632743,False,,30230,25140,2,224,69
fix_A1,15,4,0.0003074859878516848,0.0003074859878516848,False,,29859,25005,2,1117,69
fix_A1,15,5,0.00030748598780560844,0.00030748598780560844,False,,30374,25165,2,227,69
fix_A1,15,6,0.00030748598858505,0.00030748598858505,False,,29565,25005,2,1097,71
fix_A1,15,7,0.0003074859878061276,0.0003074859878061276,False,,30134,25025,2,225,69
fix_A1,15,8,0.00030748598780578186,0.00030748598780578186,False,,30124,25190,2,220,69
fix_A1,15,9,0.00030748598780631025,0.00030748598780631025,False,,30338,25135,2,235,69
fix_A1,15,10,0.00030748598781387055,0.00030748598781387055,False,,30278,25175,2,229,71
fix_A1,15,11,0.00030748598841528975,0.00030748598841528975,False,,30337,25140,2,228,69
fix_A1,15,12,0.00030748599026990777,0.00030748599026990777,False,,29802,25050,2,1110,71
fix_A1,15,13,0.00030748598783128463,0.00030748598783128463,False,,29875,25115,2,1099,69
fix_A1,15,14,0.00030748598780560595,0.00030748598780560595,False,,30330,25115,2,250,69
fix_A1,15,15,0.0003074859878060904,0.0003074859878060904,False,,30126,25090,2,220,71
fix_A1,15,16,0.00030748598781465714,0.00030748598781465714,False,,30110,25010,2,232,69
fix_A1,15,17,0.0003074859878529014,0.0003074859878529014,False,,30309,25145,2,232,69
fix_A1,15,18,0.00030748598780563067,0.00030748598780563067,False,,30245,25155,2,1101,69
fix_A1,15,19,0.00030748598780561083,0.00030748598780561083,False,,30310,25140,2,229,71
fix_A1,15,20,0.00030748598784226353,0.00030748598784226353,False,,30094,25025,2,231,69
fix_A1,15,21,0.00030748598781008023,0.00030748598781008023,False,,30224,25170,2,223,69
fix_A1,15,22,0.0003074859878659448,0.0003074859878659448,False,,29958,25110,2,1109,69
fix_A1,15,23,0.0003074859878884028,0.0003074859878884028,False,,30305,25105,2,227,69
fix_A1,15,24,0.0003074859878056164,0.0003074859878056164,False,,30233,25085,2,225,69
fix_A1,15,25,0.00030748598780815263,0.00030748598780815263,False,,29646,25025,2,1100,70
fix_A1,15,26,0.0003074859878056065,0.0003074859878056065,False,,30029,25005,2,220,69
fix_A1,15,27,0.00030748598781514774,0.00030748598781514774,False,,30171,25125,2,224,70
fix_A1,15,28,0.0003074859878137998,0.0003074859878137998,False,,30303,25095,2,244,71
fix_A1,15,29,0.0003074859878058133,0.0003074859878058133,False,,29763,25075,2,1105,69
fix_A1,15,30,0.0003074859878069062,0.0003074859878069062,False,,30337,25160,2,236,69
fix_A1,16,1,-1.0316061333357143,-1.0316061333357143,True,,3466,2770,2,111,71
fix_A1,16,2,-1.0316261087046918,-1.0316261087046918,True,,3106,2470,2,109,71
fix_A1,16,3,-1.0316167768718394,-1.0316167768718394,True,,3566,2815,2,112,72
fix_A1,16,4,-1.031607152882183,-1.031607152882183,True,,7670,6620,2,1008,71
fix_A1,16,5,-1.0316181901442931,-1.0316181901442931,True,,10169,8715,2,1018,69
fix_A1,16,6,-1.0316033104310918,-1.0316033104310918,True,,2974,2370,2,109,71
fix_A1,16,7,-1.0316233225844482,-1.0316233225844482,True,,3985,3160,2,114,69
fix_A1,16,8,-1.0316252959084966,-1.0316252959084966,True,,3751,2985,2,113,72
fix_A1,16,9,-1.0316027688127547,-1.0316027688127547,True,,3143,2510,2,110,71
fix_A1,16,10,-1.0316237284173972,-1.0316237284173972,True,,3551,2795,2,112,72
fix_A1,16,11,-1.031605786210509,-1.031605786210509,True,,3932,3135,2,114,72
fix_A1,16,12,-1.0316073954955822,-1.0316073954955822,True,,8703,7480,2,1012,71
fix_A1,16,13,-1.0316114699851304,-1.0316114699851304,True,,8032,6970,2,1009,71
fix_A1,16,14,-1.031609948570093,-1.031609948570093,True,,8976,7805,2,1012,71
fix_A1,16,15,-1.0316035426474033,-1.0316035426474033,True,,7794,6775,2,1007,74
fix_A1,16,16,-1.031613899994556,-1.031613899994556,True,,149,120,1,24,0
fix_A1,16,17,-1.0316160891724468,-1.0316160891724468,True,,517,450,1,90,0
fix_A1,16,18,-1.0316078993467779,-1.0316078993467779,True,,9356,8030,2,1015,71
fix_A1,16,19,-1.0316061124963112,-1.0316061124963112,True,,3458,2730,2,112,69
fix_A1,16,20,-1.0316065552989704,-1.0316065552989704,True,,430,365,1,73,0
fix_A1,16,21,-1.0316079854018665,-1.0316079854018665,True,,7565,6485,2,1007,71
fix_A1,16,22,-1.0316227891457763,-1.0316227891457763,True,,3004,2390,2,109,69
fix_A1,16,23,-1.0316129713619915,-1.0316129713619915,True,,3045,2380,2,110,69
fix_A1,16,24,-1.0316075476518698,-1.0316075476518698,True,,2285,1765,2,107,69
fix_A1,16,25,-1.031606320588103,-1.031606320588103,True,,3003,2390,2,109,72
fix_A1,16,26,-1.031611207101263,-1.031611207101263,True,,4584,3695,2,116,70
fix_A1,16,27,-1.0316280123810406,-1.0316280123810406,True,,2772,2210,2,108,71
fix_A1,16,28,-1.0316280355159517,-1.0316280355159517,True,,3016,2370,2,110,69
fix_A1,16,29,-1.0316213955911875,-1.0316213955911875,True,,3243,2570,2,110,69
fix_A1,16,30,-1.0316278032158375,-1.0316278032158375,True,,3383,2680,2,111,71
fix_A1,17,1,0.397900289906147,0.397900289906147,True,,2938,2295,2,110,69
fix_A1,17,2,0.39791107250930224,0.39791107250930224,True,,7398,6405,2,1007,69
fix_A1,17,3,0.3979493522433888,0.3979493522433888,True,,2710,2105,2,109,69
fix_A1,17,4,0.3979295236606948,0.3979295236606948,True,,2964,2315,2,110,69
fix_A1,17,5,0.39794532681795936,0.39794532681795936,True,,2093,1590,2,106,69
fix_A1,17,6,0.3978887353112004,0.3978887353112004,True,,3263,2570,2,111,69
fix_A1,17,7,0.3979380995889681,0.3979380995889681,True,,7071,6140,2,1006,69
fix_A1,17,8,0.3979841997136262,0.3979841997136262,True,,2659,2070,2,109,69
fix_A1,17,9,0.39789654283985953,0.39789654283985953,True,,2451,1905,2,108,69
fix_A1,17,10,0.3979664519782027,0.3979664519782027,True,,3256,2575,2,111,69
fix_A1,17,11,0.39798233316201426,0.39798233316201426,True,,2009,1525,2,106,69
fix_A1,17,12,0.39790597345622736,0.39790597345622736,True,,2711,2125,2,109,69
fix_A1,17,13,0.39793589788283334,0.39793589788283334,True,,7581,6520,2,1008,69
fix_A1,17,14,0.3979165706940577,0.3979165706940577,True,,7665,6605,2,1008,69
fix_A1,17,15,0.39794105421814585,0.39794105421814585,True,,1945,1470,2,105,69
fix_A1,17,16,0.3979041217517487,0.3979041217517487,True,,7213,6210,2,1007,69
fix_A1,17,17,0.3979308989051784,0.3979308989051784,True,,2626,2065,2,107,69
fix_A1,17,18,0.39792650657238937,0.39792650657238937,True,,7700,6720,2,1007,69
fix_A1,17,19,0.39793810899391957,0.39793810899391957,True,,7605,6530,2,1008,69
fix_A1,17,20,0.3978924236131576,0.3978924236131576,True,,2335,1815,2,107,69
fix_A1,17,21,0.3979709746827904,0.3979709746827904,True,,2204,1675,2,106,69
fix_A1,17,22,0.39793587383325324,0.39793587383325324,True,,2541,1970,2,108,69
fix_A1,17,23,0.39795166933391535,0.39795166933391535,True,,2575,1990,2,108,69
fix_A1,17,24,0.39790167403147336,0.39790167403147336,True,,2475,1940,2,107,69
fix_A1,17,25,0.3979861728081584,0.3979861728081584,True,,2246,1725,2,107,69
fix_A1,17,26,0.3979357692374528,0.3979357692374528,True,,2592,2045,2,107,69
fix_A1,17,27,0.39792218146153324,0.39792218146153324,True,,2323,1830,2,106,69
fix_A1,17,28,0.3979246100196594,0.3979246100196594,True,,2364,1825,2,107,69
fix_A1,17,29,0.39798978007571506,0.39798978007571506,True,,2528,1985,2,107,69
fix_A1,17,30,0.39797452428008917,0.39797452428008917,True,,2523,1960,2,108,69
fix_A1,18,1,2.9999999999999787,2.9999999999999787,True,,9431,7765,2,135,69
fix_A1,18,2,2.999999999999954,2.999999999999954,True,,10595,8715,2,142,71
fix_A1,18,3,2.9999999999999503,2.9999999999999503,True,,8638,7060,2,134,71
fix_A1,18,4,2.999999999999962,2.999999999999962,True,,8201,6725,2,132,69
fix_A1,18,5,2.9999999999999525,2.9999999999999525,True,,13762,11705,2,1031,70
fix_A1,18,6,2.9999999999999973,2.9999999999999973,True,,9900,8085,2,141,71
fix_A1,18,7,2.9999999999999716,2.9999999999999716,True,,9637,7975,2,135,69
fix_A1,18,8,2.999999999999979,2.999999999999979,True,,9483,7780,2,137,70
fix_A1,18,9,2.999999999999971,2.999999999999971,True,,8655,7110,2,133,69
fix_A1,18,10,2.999999999999996,2.999999999999996,True,,9921,8125,2,142,69
fix_A1,18,11,2.999999999999968,2.999999999999968,True,,9370,7710,2,135,69
fix_A1,18,12,2.9999999999999782,2.9999999999999782,True,,9313,7680,2,135,69
fix_A1,18,13,2.999999999999953,2.999999999999953,True,,15152,12770,2,1040,69
fix_A1,18,14,2.999999999999998,2.999999999999998,True,,9710,8010,2,137,69
fix_A1,18,15,2.9999999999999885,2.9999999999999885,True,,9910,8120,2,140,69
fix_A1,18,16,2.999999999999993,2.999999999999993,True,,10388,8510,2,143,71
fix_A1,18,17,2.9999999999999982,2.9999999999999982,True,,9681,7930,2,141,70
fix_A1,18,18,2.9999999999999725,2.9999999999999725,True,,9304,7630,2,137,73
fix_A1,18,19,2.999999999999997,2.999999999999997,True,,9950,8130,2,140,71
fix_A1,18,20,2.999999999999961,2.999999999999961,True,,9355,7640,2,138,70
fix_A1,18,21,2.999999999999945,2.999999999999945,True,,10078,8255,2,142,71
fix_A1,18,22,2.999999999999993,2.999999999999993,True,,9927,8160,2,139,69
fix_A1,18,23,2.999999999999995,2.999999999999995,True,,9475,7735,2,139,69
fix_A1,18,24,2.9999999999999454,2.9999999999999454,True,,14543,12190,2,1034,69
fix_A1,18,25,2.9999999999999947,2.9999999999999947,True,,9822,8055,2,139,72
fix_A1,18,26,2.9999999999999893,2.9999999999999893,True,,9886,8085,2,140,71
fix_A1,18,27,2.9999999999999436,2.9999999999999436,True,,10759,8895,2,141,70
fix_A1,18,28,2.9999999999999987,2.9999999999999987,True,,9762,8010,2,139,69
fix_A1,18,29,2.9999999999999676,2.9999999999999676,True,,9593,7840,2,139,69
fix_A1,18,30,2.9999999999999765,2.9999999999999765,True,,9703,7980,2,138,71
fix_A1,19,1,-3.8610232615765634,-3.8610232615765634,True,,2584,1990,2,108,70
fix_A1,19,2,-3.8615266781183015,-3.8615266781183015,True,,2210,1690,2,107,70
fix_A1,19,3,-3.8603715408178774,-3.8603715408178774,True,,2333,1800,2,107,69
fix_A1,19,4,-3.860945415908864,-3.860945415908864,True,,1754,1340,2,104,69
fix_A1,19,5,-3.8621895598997136,-3.8621895598997136,True,,2154,1925,1,385,0
fix_A1,19,6,-3.8602213336585907,-3.8602213336585907,True,,2328,1780,2,107,69
fix_A1,19,7,-3.860666465269966,-3.860666465269966,True,,6739,5815,2,1005,69
fix_A1,19,8,-3.861237010077066,-3.861237010077066,True,,1753,1305,2,105,69
fix_A1,19,9,-3.8613003318764423,-3.8613003318764423,True,,2023,1535,2,106,69
fix_A1,19,10,-3.8606584338918424,-3.8606584338918424,True,,2225,1705,2,107,69
fix_A1,19,11,-3.8604432627762275,-3.8604432627762275,True,,2008,1515,2,106,69
fix_A1,19,12,-3.862125113868442,-3.862125113868442,True,,2240,1720,2,107,69
fix_A1,19,13,-3.860146168411189,-3.860146168411189,True,,2141,1635,2,106,69
fix_A1,19,14,-3.861978214803457,-3.861978214803457,True,,2109,1615,2,106,69
fix_A1,19,15,-3.860947392779588,-3.860947392779588,True,,2679,2085,2,109,69
fix_A1,19,16,-3.86000628638965,-3.86000628638965,True,,2613,2015,2,108,70
fix_A1,19,17,-3.8604265731106433,-3.8604265731106433,True,,1660,1245,2,104,69
fix_A1,19,18,-3.861764320458128,-3.861764320458128,True,,1577,1155,2,104,69
fix_A1,19,19,-3.860725397173807,-3.860725397173807,True,,1863,1390,2,105,69
fix_A1,19,20,-3.860993742129564,-3.860993742129564,True,,2027,1525,2,106,69
fix_A1,19,21,-3.860628744082311,-3.860628744082311,True,,2003,1520,2,106,70
fix_A1,19,22,-3.8601176693321873,-3.8601176693321873,True,,2280,1750,2,107,69
fix_A1,19,23,-3.860601556763183,-3.860601556763183,True,,2246,1710,2,107,69
fix_A1,19,24,-3.8624178160136537,-3.8624178160136537,True,,1961,1480,2,105,69
fix_A1,19,25,-3.8608050019668756,-3.8608050019668756,True,,1762,1315,2,105,69
fix_A1,19,26,-3.862267208115331,-3.862267208115331,True,,2057,1555,2,106,69
fix_A1,19,27,-3.8616682106220277,-3.8616682106220277,True,,2896,2265,2,109,69
fix_A1,19,28,-3.8600744685289383,-3.8600744685289383,True,,3317,2945,1,589,0
fix_A1,19,29,-3.862266277425478,-3.862266277425478,True,,2081,1585,2,106,69
fix_A1,19,30,-3.862170198044181,-3.862170198044181,True,,1808,1350,2,105,69
fix_A1,20,1,-3.3200199421616627,-3.3200199421616627,True,,6788,5495,2,128,69
fix_A1,20,2,-3.320716455660029,-3.320716455660029,True,,5394,4330,2,120,69
fix_A1,20,3,-3.3200283026005524,-3.3200283026005524,True,,7477,6075,2,129,69
fix_A1,20,4,-3.3201366573346904,-3.3201366573346904,True,,4540,3620,2,117,69
fix_A1,20,5,-3.203102050162429,-3.203102050162429,False,,30286,25080,2,255,69
fix_A1,20,6,-3.32007400125548,-3.32007400125548,True,,5333,4280,2,120,69
fix_A1,20,7,-3.320237702673,-3.320237702673,True,,5195,4170,2,120,69
fix_A1,20,8,-3.320051593781301,-3.320051593781301,True,,3862,3060,2,114,69
fix_A1,20,9,-3.3206485358519644,-3.3206485358519644,True,,5193,4165,2,120,69
fix_A1,20,10,-3.32043253221173,-3.32043253221173,True,,18247,15380,2,165,69
fix_A1,20,11,-3.321241352232089,-3.321241352232089,True,,5310,4260,2,120,69
fix_A1,20,12,-3.3201682806323967,-3.3201682806323967,True,,9881,8395,2,1017,69
fix_A1,20,13,-3.3203171892250944,-3.3203171892250944,True,,4497,3585,2,117,69
fix_A1,20,14,-3.320327499123464,-3.320327499123464,True,,4803,3840,2,118,69
fix_A1,20,15,-3.3202955552302122,-3.3202955552302122,True,,6037,4870,2,124,69
fix_A1,20,16,-3.3211863727839677,-3.3211863727839677,True,,8550,7260,2,1011,69
fix_A1,20,17,-3.320155528472795,-3.320155528472795,True,,4505,3590,2,116,69
fix_A1,20,18,-3.3206074510986587,-3.3206074510986587,True,,4283,3410,2,116,69
fix_A1,20,19,-3.3202802398062268,-3.3202802398062268,True,,10372,8805,2,1019,69
fix_A1,20,20,-3.3203049147913184,-3.3203049147913184,True,,5063,4055,2,119,69
fix_A1,20,21,-3.3207372053083724,-3.3207372053083724,True,,5160,4135,2,119,69
fix_A1,20,22,-3.320066363944509,-3.320066363944509,True,,5872,4730,2,123,69
fix_A1,20,23,-3.3206595160045715,-3.3206595160045715,True,,5643,4540,2,121,69
fix_A1,20,24,-3.320979834373317,-3.320979834373317,True,,5437,4365,2,120,69
fix_A1,20,25,-3.320845562062941,-3.320845562062941,True,,5200,4170,2,120,69
fix_A1,20,26,-3.3202904494207335,-3.3202904494207335,True,,6209,5010,2,125,69
fix_A1,20,27,-3.2031020498760854,-3.2031020498760854,False,,30355,25140,2,230,69
fix_A1,20,28,-3.2031020501073684,-3.2031020501073684,False,,30212,25015,2,260,69
fix_A1,20,29,-3.32068013463256,-3.32068013463256,True,,5025,4025,2,119,69
fix_A1,20,30,-3.3205476766785686,-3.3205476766785686,True,,10772,9080,2,1020,69
fix_A1,21,1,-10.153199679058229,-10.153199679058229,False,,30067,25105,2,225,71
fix_A1,21,2,-10.153199679058229,-10.153199679058229,False,,30039,25175,2,218,76
fix_A1,21,3,-10.153199679058229,-10.153199679058229,False,,30098,25355,2,214,71
fix_A1,21,4,-10.153199679058229,-10.153199679058229,False,,30118,25095,2,224,74
fix_A1,21,5,-10.153199679058204,-10.153199679058204,False,,30185,25175,2,221,71
fix_A1,21,6,-10.153199679058229,-10.153199679058229,False,,29910,25055,2,220,71
fix_A1,21,7,-10.153199679058229,-10.153199679058229,False,,30098,25145,2,221,71
fix_A1,21,8,-10.153199679058229,-10.153199679058229,False,,30193,25170,2,229,72
fix_A1,21,9,-10.153199679058229,-10.153199679058229,False,,29947,25040,2,230,73
fix_A1,21,10,-10.15319967905823,-10.15319967905823,False,,29872,25125,2,214,73
fix_A1,21,11,-10.15319967905822,-10.15319967905822,False,,30162,25055,2,236,71
fix_A1,21,12,-10.15319967905823,-10.15319967905823,False,,30027,25130,2,223,71
fix_A1,21,13,-10.153199679058229,-10.153199679058229,False,,30112,25150,2,224,71
fix_A1,21,14,-10.153199679058226,-10.153199679058226,False,,30075,25005,2,231,75
fix_A1,21,15,-10.153199679058227,-10.153199679058227,False,,29786,25130,2,1103,69
fix_A1,21,16,-10.153199679057014,-10.153199679057014,False,,30104,25035,2,230,71
fix_A1,21,17,-10.15319966634403,-10.15319966634403,False,,29759,25055,2,213,71
fix_A1,21,18,-10.153199679058012,-10.153199679058012,False,,30220,25105,2,229,71
fix_A1,21,19,-10.153199679058229,-10.153199679058229,False,,29797,25060,2,213,72
fix_A1,21,20,-10.153199679058229,-10.153199679058229,False,,29978,25045,2,222,72
fix_A1,21,21,-10.153199679058229,-10.153199679058229,False,,30295,25265,2,222,70
fix_A1,21,22,-10.153199679058229,-10.153199679058229,False,,29994,25090,2,217,73
fix_A1,21,23,-10.153199679019107,-10.153199679019107,False,,30232,25140,2,227,73
fix_A1,21,24,-10.15319967905823,-10.15319967905823,False,,29957,25095,2,219,71
fix_A1,21,25,-10.153199679058229,-10.153199679058229,False,,29921,25120,2,216,70
fix_A1,21,26,-10.153199588007853,-10.153199588007853,False,,29949,25150,2,219,72
fix_A1,21,27,-10.153199679058229,-10.153199679058229,False,,30013,25080,2,219,72
fix_A1,21,28,-10.153199679058229,-10.153199679058229,False,,30053,25140,2,222,72
fix_A1,21,29,-10.153199679058172,-10.153199679058172,False,,30171,25090,2,232,69
fix_A1,21,30,-10.153199679058229,-10.153199679058229,False,,30028,25020,2,224,73
fix_A1,22,1,-10.402918128400001,-10.402918128400001,True,,7689,6320,2,128,71
fix_A1,22,2,-10.402902415708917,-10.402902415708917,True,,7965,6515,2,130,71
fix_A1,22,3,-10.402913977500777,-10.402913977500777,True,,6959,5745,2,124,71
fix_A1,22,4,-10.402912946351774,-10.402912946351774,True,,8580,7035,2,132,73
fix_A1,22,5,-10.402902030214443,-10.402902030214443,True,,9970,8220,2,138,70
fix_A1,22,6,-10.402929324090826,-10.402929324090826,True,,15166,12675,2,156,70
fix_A1,22,7,-10.402900160170914,-10.402900160170914,True,,7102,5830,2,126,72
fix_A1,22,8,-10.402917000296199,-10.402917000296199,True,,9487,7825,2,136,71
fix_A1,22,9,-10.402903186913631,-10.402903186913631,True,,10629,8810,2,140,73
fix_A1,22,10,-10.402907128132696,-10.402907128132696,True,,17311,14770,2,1045,72
fix_A1,22,11,-10.402915218295693,-10.402915218295693,True,,11690,9690,2,144,72
fix_A1,22,12,-10.402926179887322,-10.402926179887322,True,,14920,12725,2,1037,70
fix_A1,22,13,-10.402925185550238,-10.402925185550238,True,,8860,7235,2,135,70
fix_A1,22,14,-10.402906966048725,-10.402906966048725,True,,9801,8040,2,138,70
fix_A1,22,15,-10.40291139612503,-10.40291139612503,True,,14330,12205,2,1036,73
fix_A1,22,16,-10.402905060450257,-10.402905060450257,True,,7459,6095,2,128,69
fix_A1,22,17,-10.402922866307001,-10.402922866307001,True,,9612,7955,2,135,71
fix_A1,22,18,-10.402906418887127,-10.402906418887127,True,,7790,6375,2,129,71
fix_A1,22,19,-10.402914775919792,-10.402914775919792,True,,10109,8405,2,136,72
fix_A1,22,20,-10.402925728585613,-10.402925728585613,True,,7201,5880,2,127,72
fix_A1,22,21,-10.402922348393437,-10.402922348393437,True,,16695,14200,2,1045,70
fix_A1,22,22,-10.402902556694544,-10.402902556694544,True,,8892,7370,2,132,72
fix_A1,22,23,-10.402907899365365,-10.402907899365365,True,,12117,10040,2,146,73
fix_A1,22,24,-10.402917439975841,-10.402917439975841,True,,9493,7815,2,136,73
fix_A1,22,25,-10.402905832836701,-10.402905832836701,True,,10493,8630,2,141,72
fix_A1,22,26,-10.402912935740462,-10.402912935740462,True,,9928,8260,2,136,69
fix_A1,22,27,-10.402929409184747,-10.402929409184747,True,,10976,9135,2,140,70
fix_A1,22,28,-10.402906488171137,-10.402906488171137,True,,11651,9655,2,144,76
fix_A1,22,29,-10.402915527197004,-10.402915527197004,True,,10941,9090,2,140,72
fix_A1,22,30,-10.402921840500614,-10.402921840500614,True,,7798,6345,2,130,71
fix_A1,23,1,-10.536402946703399,-10.536402946703399,True,,7905,6500,2,129,71
fix_A1,23,2,-10.536401240492212,-10.536401240492212,True,,12043,10110,2,142,70
fix_A1,23,3,-10.536401326028573,-10.536401326028573,True,,9556,7910,2,135,71
fix_A1,23,4,-10.536401411351186,-10.536401411351186,True,,7794,6330,2,131,71
fix_A1,23,5,-10.536404391723533,-10.536404391723533,True,,7940,6495,2,130,70
fix_A1,23,6,-10.536401606392488,-10.536401606392488,True,,8915,7315,2,134,71
fix_A1,23,7,-10.536405207471342,-10.536405207471342,True,,8957,7375,2,134,72
fix_A1,23,8,-10.536406920085458,-10.536406920085458,True,,8369,6860,2,132,71
fix_A1,23,9,-10.536402148377201,-10.536402148377201,True,,10191,8385,2,140,71
fix_A1,23,10,-10.536400465297548,-10.536400465297548,True,,17858,15180,2,1049,74
fix_A1,23,11,-10.536403439876572,-10.536403439876572,True,,8735,7225,2,132,70
fix_A1,23,12,-10.53640329262963,-10.53640329262963,True,,10369,8515,2,141,72
fix_A1,23,13,-10.536403698272943,-10.536403698272943,True,,9467,7870,2,134,70
fix_A1,23,14,-10.536401046208164,-10.536401046208164,True,,7545,6125,2,129,72
fix_A1,23,15,-10.536403777683375,-10.536403777683375,True,,10457,8620,2,140,70
fix_A1,23,16,-10.536402111812775,-10.536402111812775,True,,16361,13645,2,163,72
fix_A1,23,17,-10.53640473385147,-10.53640473385147,True,,11182,9195,2,144,73
fix_A1,23,18,-10.53640303734742,-10.53640303734742,True,,8885,7285,2,134,69
fix_A1,23,19,-10.536402284296752,-10.536402284296752,True,,7461,6055,2,128,74
fix_A1,23,20,-10.536405900152591,-10.536405900152591,True,,8255,6755,2,131,73
fix_A1,23,21,-10.536402275389278,-10.536402275389278,True,,7895,6430,2,131,72
fix_A1,23,22,-10.536402143494033,-10.536402143494033,True,,9414,7735,2,136,72
fix_A1,23,23,-10.536402831560661,-10.536402831560661,True,,7481,6150,2,127,70
fix_A1,23,24,-10.53640246818677,-10.53640246818677,True,,8933,7315,2,134,73
fix_A1,23,25,-10.536402144082649,-10.536402144082649,True,,8161,6720,2,130,72
fix_A1,23,26,-10.53640494485245,-10.53640494485245,True,,12482,10490,2,144,72
fix_A1,23,27,-10.536400608663605,-10.536400608663605,True,,11140,9305,2,140,69
fix_A1,23,28,-10.536404775493569,-10.536404775493569,True,,12113,10005,2,147,76
fix_A1,23,29,-10.536403295978612,-10.536403295978612,True,,7872,6500,2,128,69
fix_A1,23,30,-10.536403383066322,-10.536403383066322,True,,7831,6505,2,127,71
fix_A2,1,1,0.0,0.0,True,,2627,2185,1,437,0
fix_A2,1,2,0.0,0.0,True,,2603,2165,1,433,0
fix_A2,1,3,0.0,0.0,True,,2591,2155,1,431,0
fix_A2,1,4,0.0,0.0,True,,2651,2205,1,441,0
fix_A2,1,5,0.0,0.0,True,,2627,2185,1,437,0
fix_A2,1,6,0.0,0.0,True,,2597,2160,1,432,0
fix_A2,1,7,0.0,0.0,True,,2615,2175,1,435,0
fix_A2,1,8,0.0,0.0,True,,2609,2170,1,434,0
fix_A2,1,9,0.0,0.0,True,,2651,2205,1,441,0
fix_A2,1,10,0.0,0.0,True,,2645,2200,1,440,0
fix_A2,1,11,0.0,0.0,True,,2675,2225,1,445,0
fix_A2,1,12,0.0,0.0,True,,2669,2220,1,444,0
fix_A2,1,13,0.0,0.0,True,,2627,2185,1,437,0
fix_A2,1,14,0.0,0.0,True,,2699,2245,1,449,0
fix_A2,1,15,0.0,0.0,True,,2669,2220,1,444,0
fix_A2,1,16,0.0,0.0,True,,2651,2205,1,441,0
fix_A2,1,17,0.0,0.0,True,,2633,2190,1,438,0
fix_A2,1,18,0.0,0.0,True,,2633,2190,1,438,0
fix_A2,1,19,0.0,0.0,True,,2639,2195,1,439,0
fix_A2,1,20,0.0,0.0,True,,2650,2205,1,441,0
fix_A2,1,21,0.0,0.0,True,,2627,2185,1,437,0
fix_A2,1,22,0.0,0.0,True,,2621,2180,1,436,0
fix_A2,1,23,0.0,0.0,True,,2681,2230,1,446,0
fix_A2,1,24,0.0,0.0,True,,2585,2150,1,430,0
fix_A2,1,25,0.0,0.0,True,,2657,2210,1,442,0
fix_A2,1,26,0.0,0.0,True,,2633,2190,1,438,0
fix_A2,1,27,0.0,0.0,True,,2663,2215,1,443,0
fix_A2,1,28,0.0,0.0,True,,2627,2185,1,437,0
fix_A2,1,29,0.0,0.0,True,,2650,2205,1,441,0
fix_A2,1,30,0.0,0.0,True,,2615,2175,1,435,0
fix_A2,2,1,0.0,0.0,True,,5057,4210,1,842,0
fix_A2,2,2,0.0,0.0,True,,4949,4120,1,824,0
fix_A2,2,3,0.0,0.0,True,,4973,4140,1,828,0
fix_A2,2,4,0.0,0.0,True,,5033,4190,1,838,0
fix_A2,2,5,0.0,0.0,True,,5027,4185,1,837,0
fix_A2,2,6,0.0,0.0,True,,4997,4160,1,832,0
fix_A2,2,7,0.0,0.0,True,,5003,4165,1,833,0
fix_A2,2,8,0.0,0.0,True,,5033,4190,1,838,0
fix_A2,2,9,0.0,0.0,True,,5033,4190,1,838,0
fix_A2,2,10,0.0,0.0,True,,4961,4130,1,826,0
fix_A2,2,11,0.0,0.0,True,,4937,4110,1,822,0
fix_A2,2,12,0.0,0.0,True,,5033,4190,1,838,0
fix_A2,2,13,0.0,0.0,True,,5057,4210,1,842,0
fix_A2,2,14,0.0,0.0,True,,5051,4205,1,841,0
fix_A2,2,15,0.0,0.0,True,,5030,4190,1,838,0
fix_A2,2,16,0.0,0.0,True,,4949,4120,1,824,0
fix_A2,2,17,0.0,0.0,True,,4997,4160,1,832,0
fix_A2,2,18,0.0,0.0,True,,4943,4115,1,823,0
fix_A2,2,19,0.0,0.0,True,,4961,4130,1,826,0
fix_A2,2,20,0.0,0.0,True,,5015,4175,1,835,0
fix_A2,2,21,0.0,0.0,True,,4985,4150,1,830,0
fix_A2,2,22,0.0,0.0,True,,4961,4130,1,826,0
fix_A2,2,23,0.0,0.0,True,,4949,4120,1,824,0
fix_A2,2,24,0.0,0.0,True,,5045,4200,1,840,0
fix_A2,2,25,0.0,0.0,True,,5009,4170,1,834,0
fix_A2,2,26,0.0,0.0,True,,4991,4155,1,831,0
fix_A2,2,27,0.0,0.0,True,,4997,4160,1,832,0
fix_A2,2,28,0.0,0.0,True,,4883,4065,1,813,0
fix_A2,2,29,0.0,0.0,True,,5015,4175,1,835,0
fix_A2,2,30,0.0,0.0,True,,5032,4190,1,838,0
fix_A2,3,1,0.0,0.0,True,,2987,2485,1,497,0
fix_A2,3,2,0.0,0.0,True,,3137,2610,1,522,0
fix_A2,3,3,0.0,0.0,True,,2789,2320,1,464,0
fix_A2,3,4,0.0,0.0,True,,3011,2505,1,501,0
fix_A2,3,5,0.0,0.0,True,,2789,2320,1,464,0
fix_A2,3,6,0.0,0.0,True,,2951,2455,1,491,0
fix_A2,3,7,0.0,0.0,True,,3095,2575,1,515,0
fix_A2,3,8,0.0,0.0,True,,2945,2450,1,490,0
fix_A2,3,9,0.0,0.0,True,,3167,2635,1,527,0
fix_A2,3,10,0.0,0.0,True,,2957,2460,1,492,0
fix_A2,3,11,0.0,0.0,True,,2921,2430,1,486,0
fix_A2,3,12,0.0,0.0,True,,3035,2525,1,505,0
fix_A2,3,13,0.0,0.0,True,,3017,2510,1,502,0
fix_A2,3,14,0.0,0.0,True,,3203,2665,1,533,0
fix_A2,3,15,0.0,0.0,True,,3155,2625,1,525,0
fix_A2,3,16,0.0,0.0,True,,3083,2565,1,513,0
fix_A2,3,17,0.0,0.0,True,,3137,2610,1,522,0
fix_A2,3,18,0.0,0.0,True,,3053,2540,1,508,0
fix_A2,3,19,0.0,0.0,True,,2747,2285,1,457,0
fix_A2,3,20,0.0,0.0,True,,3155,2625,1,525,0
fix_A2,3,21,0.0,0.0,True,,2999,2495,1,499,0
fix_A2,3,22,0.0,0.0,True,,3005,2500,1,500,0
fix_A2,3,23,0.0,0.0,True,,2969,2470,1,494,0
fix_A2,3,24,0.0,0.0,True,,3113,2590,1,518,0
fix_A2,3,25,0.0,0.0,True,,3251,2705,1,541,0
fix_A2,3,26,0.0,0.0,True,,2939,2445,1,489,0
fix_A2,3,27,0.0,0.0,True,,3227,2685,1,537,0
fix_A2,3,28,0.0,0.0,True,,2945,2450,1,490,0
fix_A2,3,29,0.0,0.0,True,,2969,2470,1,494,0
fix_A2,3,30,0.0,0.0,True,,3143,2615,1,523,0
fix_A2,4,1,0.0,0.0,True,,5306,4420,1,884,0
fix_A2,4,2,0.0,0.0,True,,5200,4330,1,866,0
fix_A2,4,3,0.0,0.0,True,,5213,4340,1,868,0
fix_A2,4,4,0.0,0.0,True,,5236,4360,1,872,0
fix_A2,4,5,0.0,0.0,True,,5183,4315,1,863,0
fix_A2,4,6,0.0,0.0,True,,5165,4300,1,860,0
fix_A2,4,7,0.0,0.0,True,,5237,4360,1,872,0
fix_A2,4,8,0.0,0.0,True,,5297,4410,1,882,0
fix_A2,4,9,0.0,0.0,True,,5261,4380,1,876,0
fix_A2,4,10,0.0,0.0,True,,5204,4335,1,867,0
fix_A2,4,11,0.0,0.0,True,,5291,4405,1,881,0
fix_A2,4,12,0.0,0.0,True,,5277,4395,1,879,0
fix_A2,4,13,0.0,0.0,True,,5273,4390,1,878,0
fix_A2,4,14,0.0,0.0,True,,5334,4450,1,890,0
fix_A2,4,15,0.0,0.0,True,,5171,4305,1,861,0
fix_A2,4,16,0.0,0.0,True,,5183,4315,1,863,0
fix_A2,4,17,0.0,0.0,True,,5171,4305,1,861,0
fix_A2,4,18,0.0,0.0,True,,5201,4330,1,866,0
fix_A2,4,19,0.0,0.0,True,,5219,4345,1,869,0
fix_A2,4,20,0.0,0.0,True,,5231,4355,1,871,0
fix_A2,4,21,0.0,0.0,True,,5171,4305,1,861,0
fix_A2,4,22,0.0,0.0,True,,5189,4320,1,864,0
fix_A2,4,23,0.0,0.0,True,,5195,4325,1,865,0
fix_A2,4,24,0.0,0.0,True,,5231,4355,1,871,0
fix_A2,4,25,0.0,0.0,True,,5309,4420,1,884,0
fix_A2,4,26,0.0,0.0,True,,5219,4345,1,869,0
fix_A2,4,27,0.0,0.0,True,,5278,4395,1,879,0
fix_A2,4,28,0.0,0.0,True,,5129,4270,1,854,0
fix_A2,4,29,0.0,0.0,True,,5236,4360,1,872,0
fix_A2,4,30,0.0,0.0,True,,5243,4365,1,873,0
fix_A2,5,1,46.96491341645091,46.96491341645091,False,,29687,25070,2,1137,0
fix_A2,5,2,47.749270728199896,47.749270728199896,False,,29940,25005,2,453,0
fix_A2,5,3,47.73034624767521,47.73034624767521,False,,29624,25075,2,1131,0
fix_A2,5,4,48.118971372547115,48.118971372547115,False,,29600,25015,2,1137,0
fix_A2,5,5,47.272490583656854,47.272490583656854,False,,29556,25055,2,1126,0
fix_A2,5,6,47.54230273525934,47.54230273525934,False,,29504,25005,2,1120,0
fix_A2,5,7,46.83074127506574,46.83074127506574,False,,29612,25010,2,1136,0
fix_A2,5,8,47.46120199736623,47.46120199736623,False,,29536,25010,2,1131,0
fix_A2,5,9,47.43853766157027,47.43853766157027,False,,29630,25010,2,1166,0
fix_A2,5,10,47.56020814784203,47.56020814784203,False,,29530,25000,2,1202,0
fix_A2,5,11,46.74367710361973,46.74367710361973,False,,30032,25040,2,282,0
fix_A2,5,12,47.44076786610084,47.44076786610084,False,,29508,25000,2,1125,0
fix_A2,5,13,46.90925998163189,46.90925998163189,False,,29606,25065,2,1129,0
fix_A2,5,14,47.50606681225519,47.50606681225519,False,,29598,25020,2,1125,0
fix_A2,5,15,46.59082583998644,46.59082583998644,False,,30067,25005,2,400,0
fix_A2,5,16,46.85887182440571,46.85887182440571,False,,29561,25010,2,1130,0
fix_A2,5,17,46.90050811214781,46.90050811214781,False,,29559,25020,2,1157,0
fix_A2,5,18,46.8405036951811,46.8405036951811,False,,29596,25050,2,1142,0
fix_A2,5,19,48.24470042350385,48.24470042350385,False,,29501,25045,2,1128,0
fix_A2,5,20,48.08785617585157,48.08785617585157,False,,29524,25030,2,1138,0
fix_A2,5,21,47.87045361009435,47.87045361009435,False,,29621,25075,2,1119,0
fix_A2,5,22,47.669891711714925,47.669891711714925,False,,29517,25000,2,1137,0
fix_A2,5,23,48.5268051502056,48.5268051502056,False,,29544,25075,2,1128,0
fix_A2,5,24,47.76206979754904,47.76206979754904,False,,29559,25060,2,1134,0
fix_A2,5,25,47.06165544339367,47.06165544339367,False,,29952,25005,2,325,0
fix_A2,5,26,47.72464720928748,47.72464720928748,False,,29545,25010,2,1169,0
fix_A2,5,27,46.23481135074542,46.23481135074542,False,,29566,25000,2,1187,0
fix_A2,5,28,47.93664530510096,47.93664530510096,False,,29565,25000,2,1149,0
fix_A2,5,29,46.91048885029106,46.91048885029106,False,,29527,25015,2,1128,0
fix_A2,5,30,47.56003603984087,47.56003603984087,False,,29512,25015,2,1121,0
fix_A2,6,1,0.0,0.0,True,,83,65,1,13,0
fix_A2,6,2,0.0,0.0,True,,82,65,1,13,0
fix_A2,6,3,0.0,0.0,True,,71,55,1,11,0
fix_A2,6,4,0.0,0.0,True,,100,80,1,16,0
fix_A2,6,5,0.0,0.0,True,,76,60,1,12,0
fix_A2,6,6,0.0,0.0,True,,65,50,1,10,0
fix_A2,6,7,0.0,0.0,True,,70,55,1,11,0
fix_A2,6,8,0.0,0.0,True,,77,60,1,12,0
fix_A2,6,9,0.0,0.0,True,,65,50,1,10,0
fix_A2,6,10,0.0,0.0,True,,71,55,1,11,0
fix_A2,6,11,0.0,0.0,True,,77,60,1,12,0
fix_A2,6,12,0.0,0.0,True,,65,50,1,10,0
fix_A2,6,13,0.0,0.0,True,,59,45,1,9,0
fix_A2,6,14,0.0,0.0,True,,71,55,1,11,0
fix_A2,6,15,0.0,0.0,True,,65,50,1,10,0
fix_A2,6,16,0.0,0.0,True,,53,40,1,8,0
fix_A2,6,17,0.0,0.0,True,,59,45,1,9,0
fix_A2,6,18,0.0,0.0,True,,71,55,1,11,0
fix_A2,6,19,0.0,0.0,True,,71,55,1,11,0
fix_A2,6,20,0.0,0.0,True,,71,55,1,11,0
fix_A2,6,21,0.0,0.0,True,,77,60,1,12,0
fix_A2,6,22,0.0,0.0,True,,71,55,1,11,0
fix_A2,6,23,0.0,0.0,True,,77,60,1,12,0
fix_A2,6,24,0.0,0.0,True,,77,60,1,12,0
fix_A2,6,25,0.0,0.0,True,,65,50,1,10,0
fix_A2,6,26,0.0,0.0,True,,71,55,1,11,0
fix_A2,6,27,0.0,0.0,True,,71,55,1,11,0
fix_A2,6,28,0.0,0.0,True,,71,55,1,11,0
fix_A2,6,29,0.0,0.0,True,,71,55,1,11,0
fix_A2,6,30,0.0,0.0,True,,71,55,1,11,0
fix_A2,7,1,0.0002873469550242306,0.08489525228508292,False,,29360,25300,2,194,0
fix_A2,7,2,0.0001945095716654644,0.24083253376485728,False,,29320,25300,2,193,0
fix_A2,7,3,0.000280167798247078,0.6813827312969569,False,,29200,25100,2,195,0
fix_A2,7,4,0.00018991842530317982,0.7457469623907486,False,,29200,25100,2,195,0
fix_A2,7,5,8.188989020057469e-05,0.906932153501885,False,,29320,25300,2,193,0
fix_A2,7,6,0.00045700396472280114,0.2000466323069654,False,,29400,25300,2,195,0
fix_A2,7,7,0.0001736306580045695,0.22841531623179545,False,,29440,25300,2,196,0
fix_A2,7,8,0.0005501796664257705,0.552812460110668,False,,29120,25100,2,193,0
fix_A2,7,9,9.584780591454957e-05,0.9838587291486542,False,,29440,25300,2,196,0
fix_A2,7,10,0.00022211531311045938,0.664221600911411,False,,29280,25100,2,197,0
fix_A2,7,11,0.00037646678717852305,0.2924637947381101,False,,29400,25300,2,195,0
fix_A2,7,12,1.6186196793301693e-05,0.8257272002604236,False,,29200,25100,2,195,0
fix_A2,7,13,0.00027578102815396994,0.97801469156887,False,,29200,25100,2,195,0
fix_A2,7,14,0.0002750465417748573,0.72213276203127,False,,29360,25300,2,194,0
fix_A2,7,15,0.000457157638979815,0.6296671096011944,False,,29120,25100,2,193,0
fix_A2,7,16,0.0005007054665643892,0.23572173316362827,False,,29160,25100,2,194,0
fix_A2,7,17,0.00016917862978399587,0.8326811186264491,False,,29160,25100,2,194,0
fix_A2,7,18,0.0002426373595888668,0.10514548892965815,False,,29320,25300,2,193,0
fix_A2,7,19,0.00010572164259325308,0.5598368059613245,False,,29160,25100,2,194,0
fix_A2,7,20,0.0002213657676286507,0.30514771556926645,False,,29160,25100,2,194,0
fix_A2,7,21,0.0004800862243036337,0.531834926374765,False,,29160,25100,2,194,0
fix_A2,7,22,8.122812629127543e-05,0.5023419338509648,False,,29240,25100,2,196,0
fix_A2,7,23,0.00026729012686816045,0.8019417793374244,False,,29160,25100,2,194,0
fix_A2,7,24,0.00048097244507076846,0.7075888326905216,False,,29160,25100,2,194,0
fix_A2,7,25,7.95713595591145e-05,0.5968148244975825,False,,29200,25000,2,1075,0
fix_A2,7,26,0.00025585642826266865,0.22957800881976045,False,,29320,25300,2,193,0
fix_A2,7,27,0.00012234526467282976,0.24268932499326715,False,,29360,25300,2,194,0
fix_A2,7,28,0.00011846453540200312,0.5887761797708425,False,,29120,25100,2,193,0
fix_A2,7,29,0.0002528273584357872,0.19247926971544183,False,,29200,25100,2,195,0
fix_A2,7,30,0.00025348211184412903,0.6926286172028889,False,,29200,25100,2,195,0
fix_A2,8,1,-14982.81417218662,-14982.81417218662,False,,29954,25030,2,239,0
fix_A2,8,2,-14976.180342432746,-14976.180342432746,False,,29811,25010,2,230,0
fix_A2,8,3,-14962.352828229808,-14962.352828229808,False,,30082,25110,2,1106,0
fix_A2,8,4,-17943.828359826883,-17943.828359826883,False,,29851,25110,2,222,0
fix_A2,8,5,-14937.272588722506,-14937.272588722506,False,,30027,25125,2,233,0
fix_A2,8,6,-15004.683527634317,-15004.683527634317,False,,30046,25105,2,240,0
fix_A2,8,7,-15000.795837812515,-15000.795837812515,False,,30042,25070,2,1101,0
fix_A2,8,8,-12027.129318266492,-12027.129318266492,False,,29824,25055,2,222,0
fix_A2,8,9,-20744.56812904186,-20744.56812904186,False,,29915,25130,2,221,0
fix_A2,8,10,-17506.615527718874,-17506.615527718874,False,,29715,25065,2,217,0
fix_A2,8,11,-15013.427464778473,-15013.427464778473,False,,29788,25025,2,222,0
fix_A2,8,12,-14986.182210502971,-14986.182210502971,False,,30016,25115,2,228,0
fix_A2,8,13,-17934.227202923452,-17934.227202923452,False,,29911,25060,2,228,0
fix_A2,8,14,-14921.80032399256,-14921.80032399256,False,,29988,25025,2,235,0
fix_A2,8,15,-17897.361228931062,-17897.361228931062,False,,29775,25115,2,214,0
fix_A2,8,16,-12026.06741864392,-12026.06741864392,False,,30171,25045,2,258,0
fix_A2,8,17,-15017.39107147704,-15017.39107147704,False,,30110,25025,2,253,0
fix_A2,8,18,-15023.42716431838,-15023.42716431838,False,,30119,25100,2,1110,0
fix_A2,8,19,-14997.917020667497,-14997.917020667497,False,,30086,25040,2,264,0
fix_A2,8,20,-15013.08024407888,-15013.08024407888,False,,30010,25110,2,227,0
fix_A2,8,21,-17784.82187107583,-17784.82187107583,False,,29789,25025,2,221,0
fix_A2,8,22,-17865.27993263078,-17865.27993263078,False,,29674,25095,2,1086,0
fix_A2,8,23,-14965.473178327438,-14965.473178327438,False,,30078,25135,2,1100,0
fix_A2,8,24,-14946.99590385862,-14946.99590385862,False,,29962,25070,2,227,0
fix_A2,8,25,-12017.577720272844,-12017.577720272844,False,,30228,25125,2,1107,0
fix_A2,8,26,-14751.663576941688,-14751.663576941688,False,,29777,25050,2,1090,0
fix_A2,8,27,-17871.353031713097,-17871.353031713097,False,,30158,25105,2,1108,0
fix_A2,8,28,-14971.400477996218,-14971.400477996218,False,,29807,25040,2,218,0
fix_A2,8,29,-15016.07075256864,-15016.07075256864,False,,30048,25075,2,240,0
fix_A2,8,30,-14981.274344871701,-14981.274344871701,False,,30179,25150,2,1106,0
fix_A2,9,1,0.0,0.0,True,,185,150,1,30,0
fix_A2,9,2,0.0,0.0,True,,191,155,1,31,0
fix_A2,9,3,0.0,0.0,True,,197,160,1,32,0
fix_A2,9,4,0.0,0.0,True,,179,145,1,29,0
fix_A2,9,5,0.0,0.0,True,,179,145,1,29,0
fix_A2,9,6,0.0,0.0,True,,26548,22125,2,1107,0
fix_A2,9,7,0.0,0.0,True,,191,155,1,31,0
fix_A2,9,8,0.0,0.0,True,,173,140,1,28,0
fix_A2,9,9,0.0,0.0,True,,191,155,1,31,0
fix_A2,9,10,0.0,0.0,True,,197,160,1,32,0
fix_A2,9,11,0.0,0.0,True,,197,160,1,32,0
fix_A2,9,12,0.0,0.0,True,,191,155,1,31,0
fix_A2,9,13,0.0,0.0,True,,185,150,1,30,0
fix_A2,9,14,0.0,0.0,True,,185,150,1,30,0
fix_A2,9,15,0.0,0.0,True,,24228,20525,2,1099,0
fix_A2,9,16,0.0,0.0,True,,173,140,1,28,0
fix_A2,9,17,0.0,0.0,True,,25143,21380,2,1099,0
fix_A2,9,18,0.0,0.0,True,,334,275,1,55,0
fix_A2,9,19,0.0,0.0,True,,179,145,1,29,0
fix_A2,9,20,0.0,0.0,True,,173,140,1,28,0
fix_A2,9,21,0.0,0.0,True,,191,155,1,31,0
fix_A2,9,22,0.0,0.0,True,,191,155,1,31,0
fix_A2,9,23,0.0,0.0,True,,185,150,1,30,0
fix_A2,9,24,0.0,0.0,True,,191,155,1,31,0
fix_A2,9,25,0.0,0.0,True,,197,160,1,32,0
fix_A2,9,26,0.0,0.0,True,,167,135,1,27,0
fix_A2,9,27,0.0,0.0,True,,191,155,1,31,0
fix_A2,9,28,0.0,0.0,True,,185,150,1,30,0
fix_A2,9,29,0.0,0.0,True,,215,175,1,35,0
fix_A2,9,30,0.0,0.0,True,,185,150,1,30,0
fix_A2,10,1,4.440892098500626e-16,4.440892098500626e-16,False,,28686,25000,2,1075,0
fix_A2,10,2,4.440892098500626e-16,4.440892098500626e-16,False,,28717,25000,2,1075,0
fix_A2,10,3,4.440892098500626e-16,4.440892098500626e-16,False,,28732,25000,2,1075,0
fix_A2,10,4,4.440892098500626e-16,4.440892098500626e-16,False,,28722,25000,2,1075,0
fix_A2,10,5,4.440892098500626e-16,4.440892098500626e-16,False,,28723,25000,2,1075,0
fix_A2,10,6,4.440892098500626e-16,4.440892098500626e-16,False,,28692,25000,2,1075,0
fix_A2,10,7,4.440892098500626e-16,4.440892098500626e-16,False,,28742,25000,2,1075,0
fix_A2,10,8,4.440892098500626e-16,4.440892098500626e-16,False,,28724,25000,2,1075,0
fix_A2,10,9,4.440892098500626e-16,4.440892098500626e-16,False,,28742,25000,2,1075,0
fix_A2,10,10,4.440892098500626e-16,4.440892098500626e-16,False,,28719,25000,2,1075,0
fix_A2,10,11,4.440892098500626e-16,4.440892098500626e-16,False,,28287,25000,2,1075,0
fix_A2,10,12,4.440892098500626e-16,4.440892098500626e-16,False,,28709,25000,2,1075,0
fix_A2,10,13,4.440892098500626e-16,4.440892098500626e-16,False,,28714,25000,2,1075,0
fix_A2,10,14,4.440892098500626e-16,4.440892098500626e-16,False,,28608,25000,2,1075,0
fix_A2,10,15,4.440892098500626e-16,4.440892098500626e-16,False,,28555,25000,2,1075,0
fix_A2,10,16,4.440892098500626e-16,4.440892098500626e-16,False,,28723,25000,2,1075,0
fix_A2,10,17,4.440892098500626e-16,4.440892098500626e-16,False,,28712,25000,2,1075,0
fix_A2,10,18,4.440892098500626e-16,4.440892098500626e-16,False,,28718,25000,2,1075,0
fix_A2,10,19,4.440892098500626e-16,4.440892098500626e-16,False,,28567,25000,2,1075,0
fix_A2,10,20,4.440892098500626e-16,4.440892098500626e-16,False,,28727,25000,2,1075,0
fix_A2,10,21,4.440892098500626e-16,4.440892098500626e-16,False,,28723,25000,2,1075,0
fix_A2,10,22,4.440892098500626e-16,4.440892098500626e-16,False,,29765,25015,2,1245,0
fix_A2,10,23,4.440892098500626e-16,4.440892098500626e-16,False,,28726,25000,2,1075,0
fix_A2,10,24,4.440892098500626e-16,4.440892098500626e-16,False,,28718,25000,2,1075,0
fix_A2,10,25,4.440892098500626e-16,4.440892098500626e-16,False,,28694,25000,2,1075,0
fix_A2,10,26,4.440892098500626e-16,4.440892098500626e-16,False,,28728,25000,2,1075,0
fix_A2,10,27,4.440892098500626e-16,4.440892098500626e-16,False,,29808,25070,2,1243,0
fix_A2,10,28,4.440892098500626e-16,4.440892098500626e-16,False,,28324,25000,2,1075,0
fix_A2,10,29,4.440892098500626e-16,4.440892098500626e-16,False,,29882,25065,2,1233,0
fix_A2,10,30,4.440892098500626e-16,4.440892098500626e-16,False,,28612,25000,2,1075,0
fix_A2,11,1,0.0,0.0,True,,227,185,1,37,0
fix_A2,11,2,0.0,0.0,True,,227,185,1,37,0
fix_A2,11,3,0.0,0.0,True,,209,170,1,34,0
fix_A2,11,4,0.0,0.0,True,,215,175,1,35,0
fix_A2,11,5,0.0,0.0,True,,185,150,1,30,0
fix_A2,11,6,0.0,0.0,True,,197,160,1,32,0
fix_A2,11,7,0.0,0.0,True,,209,170,1,34,0
fix_A2,11,8,0.0,0.0,True,,227,185,1,37,0
fix_A2,11,9,0.0,0.0,True,,239,195,1,39,0
fix_A2,11,10,0.0,0.0,True,,233,190,1,38,0
fix_A2,11,11,0.0,0.0,True,,221,180,1,36,0
fix_A2,11,12,0.0,0.0,True,,215,175,1,35,0
fix_A2,11,13,0.0,0.0,True,,197,160,1,32,0
fix_A2,11,14,0.0,0.0,True,,227,185,1,37,0
fix_A2,11,15,0.0,0.0,True,,209,170,1,34,0
fix_A2,11,16,0.0,0.0,True,,197,160,1,32,0
fix_A2,11,17,0.0,0.0,True,,191,155,1,31,0
fix_A2,11,18,0.0,0.0,True,,203,165,1,33,0
fix_A2,11,19,0.0,0.0,True,,197,160,1,32,0
fix_A2,11,20,0.0,0.0,True,,203,165,1,33,0
fix_A2,11,21,0.0,0.0,True,,209,170,1,34,0
fix_A2,11,22,0.0,0.0,True,,221,180,1,36,0
fix_A2,11,23,0.0,0.0,True,,215,175,1,35,0
fix_A2,11,24,0.0,0.0,True,,209,170,1,34,0
fix_A2,11,25,0.0,0.0,True,,209,170,1,34,0
fix_A2,11,26,0.0,0.0,True,,203,165,1,33,0
fix_A2,11,27,0.0,0.0,True,,203,165,1,33,0
fix_A2,11,28,0.0,0.0,True,,197,160,1,32,0
fix_A2,11,29,0.0,0.0,True,,239,195,1,39,0
fix_A2,11,30,0.0,0.0,True,,203,165,1,33,0
fix_A2,12,1,0.01924688695318588,0.01924688695318588,False,,29718,25010,2,1249,0
fix_A2,12,2,0.002065688062949287,0.002065688062949287,False,,29747,25025,2,1130,0
fix_A2,12,3,0.006956484644693585,0.006956484644693585,False,,29762,25020,2,1155,0
fix_A2,12,4,0.0011871329344372138,0.0011871329344372138,False,,30117,25020,2,295,0
fix_A2,12,5,0.001521512702817589,0.001521512702817589,False,,30151,25005,2,437,0
fix_A2,12,6,0.0033163033312650814,0.0033163033312650814,False,,29637,25005,2,1166,0
fix_A2,12,7,0.06324181907613238,0.06324181907613238,False,,29768,25065,2,1130,0
fix_A2,12,8,0.0007939481213560071,0.0007939481213560071,False,,29730,25015,2,1242,0
fix_A2,12,9,0.0014028429198078554,0.0014028429198078554,False,,29694,25005,2,1204,0
fix_A2,12,10,0.00019163639535493344,0.00019163639535493344,False,,29717,25045,2,1125,0
fix_A2,12,11,0.0015611768246964531,0.0015611768246964531,False,,29716,25010,2,1152,0
fix_A2,12,12,0.0059901831613145004,0.0059901831613145004,False,,29665,25000,2,1249,0
fix_A2,12,13,0.04181766298273466,0.04181766298273466,False,,29659,25000,2,1180,0
fix_A2,12,14,0.0009914569449750675,0.0009914569449750675,False,,29728,25035,2,1146,0
fix_A2,12,15,0.02549526982855083,0.02549526982855083,False,,29676,25015,2,1191,0
fix_A2,12,16,0.00724252949273139,0.00724252949273139,False,,29670,25015,2,1133,0
fix_A2,12,17,0.006585234344834143,0.006585234344834143,False,,29746,25045,2,1160,0
fix_A2,12,18,0.00991678256669962,0.00991678256669962,False,,29724,25010,2,1146,0
fix_A2,12,19,0.006827259610691834,0.006827259610691834,False,,29689,25005,2,1162,0
fix_A2,12,20,0.0009050295562749718,0.0009050295562749718,False,,29698,25035,2,1137,0
fix_A2,12,21,0.0003662119011565433,0.0003662119011565433,False,,30106,25005,2,305,0
fix_A2,12,22,0.007539030629957311,0.007539030629957311,False,,29780,25055,2,1136,0
fix_A2,12,23,0.007710167948211201,0.007710167948211201,False,,29657,25045,2,1139,0
fix_A2,12,24,0.007293658247552805,0.007293658247552805,False,,29632,25000,2,1214,0
fix_A2,12,25,0.007201972669727408,0.007201972669727408,False,,30131,25000,2,428,0
fix_A2,12,26,0.000927816862333312,0.000927816862333312,False,,30139,25000,2,460,0
fix_A2,12,27,0.000736581470693739,0.000736581470693739,False,,30117,25015,2,336,0
fix_A2,12,28,0.01981888755461865,0.01981888755461865,False,,29683,25020,2,1141,0
fix_A2,12,29,0.0016371414109230317,0.0016371414109230317,False,,29721,25020,2,1147,0
fix_A2,12,30,0.004662250922532613,0.004662250922532613,False,,29803,25040,2,1155,0
fix_A2,13,1,0.22649652874348145,0.22649652874348145,False,,29781,25100,2,1115,0
fix_A2,13,2,0.7037478138436216,0.7037478138436216,False,,29746,25055,2,1152,0
fix_A2,13,3,0.019565391354822458,0.019565391354822458,False,,29911,25005,2,1130,0
fix_A2,13,4,1.030036052860864,1.030036052860864,False,,29734,25060,2,1118,0
fix_A2,13,5,0.24517597275878572,0.24517597275878572,False,,29724,25020,2,1140,0
fix_A2,13,6,0.5314579277422821,0.5314579277422821,False,,29662,25015,2,1132,0
fix_A2,13,7,0.3958562290629883,0.3958562290629883,False,,29734,25050,2,1131,0
fix_A2,13,8,0.021921247626089307,0.021921247626089307,False,,29763,25030,2,1120,0
fix_A2,13,9,0.03794113177890888,0.03794113177890888,False,,29664,25005,2,1131,0
fix_A2,13,10,0.44068574144558187,0.44068574144558187,False,,29665,25005,2,1125,0
fix_A2,13,11,0.04322567123872317,0.04322567123872317,False,,29696,25020,2,1127,0
fix_A2,13,12,0.19451814785632238,0.19451814785632238,False,,29682,25035,2,1129,0
fix_A2,13,13,1.2553463528806923,1.2553463528806923,False,,30121,25045,2,290,0
fix_A2,13,14,0.4769516176220521,0.4769516176220521,False,,29719,25055,2,1119,0
fix_A2,13,15,0.015898145871928403,0.015898145871928403,False,,29662,25005,2,1119,0
fix_A2,13,16,0.11963813028184778,0.11963813028184778,False,,29682,25055,2,1122,0
fix_A2,13,17,0.24248148204816516,0.24248148204816516,False,,29744,25035,2,1144,0
fix_A2,13,18,0.17735319724435794,0.17735319724435794,False,,29645,25000,2,1133,0
fix_A2,13,19,0.06020925704550453,0.06020925704550453,False,,29772,25095,2,1118,0
fix_A2,13,20,0.2166672138566661,0.2166672138566661,False,,29720,25005,2,1127,0
fix_A2,13,21,0.4341629714226903,0.4341629714226903,False,,30159,25060,2,271,0
fix_A2,13,22,0.13936008954494414,0.13936008954494414,False,,29688,25005,2,1167,0
fix_A2,13,23,0.2806380374064773,0.2806380374064773,False,,29731,25015,2,1132,0
fix_A2,13,24,0.017539014184238717,0.017539014184238717,False,,29701,25060,2,1123,0
fix_A2,13,25,0.01647468033376395,0.01647468033376395,False,,29795,25125,2,1117,0
fix_A2,13,26,0.06949698871619707,0.06949698871619707,False,,29725,25070,2,1132,0
fix_A2,13,27,0.42806793304709134,0.42806793304709134,False,,29778,25055,2,1131,0
fix_A2,13,28,0.02295467911355603,0.02295467911355603,False,,29711,25050,2,1158,0
fix_A2,13,29,1.3569048217098276,1.3569048217098276,False,,29666,25030,2,1117,0
fix_A2,13,30,0.22762900886235202,0.22762900886235202,False,,29755,25070,2,1135,0
fix_A2,14,1,nan,,False,F14 matches no case in the published switch,1,0,1,0,0
fix_A2,14,2,nan,,False,F14 matches no case in the published switch,1,0,1,0,0
fix_A2,14,3,nan,,False,F14 matches no case in the published switch,1,0,1,0,0
fix_A2,14,4,nan,,False,F14 matches no case in the published switch,1,0,1,0,0
fix_A2,14,5,nan,,False,F14 matches no case in the published switch,1,0,1,0,0
fix_A2,14,6,nan,,False,F14 matches no case in the published switch,1,0,1,0,0
fix_A2,14,7,nan,,False,F14 matches no case in the published switch,1,0,1,0,0
fix_A2,14,8,nan,,False,F14 matches no case in the published switch,1,0,1,0,0
fix_A2,14,9,nan,,False,F14 matches no case in the published switch,1,0,1,0,0
fix_A2,14,10,nan,,False,F14 matches no case in the published switch,1,0,1,0,0
fix_A2,14,11,nan,,False,F14 matches no case in the published switch,1,0,1,0,0
fix_A2,14,12,nan,,False,F14 matches no case in the published switch,1,0,1,0,0
fix_A2,14,13,nan,,False,F14 matches no case in the published switch,1,0,1,0,0
fix_A2,14,14,nan,,False,F14 matches no case in the published switch,1,0,1,0,0
fix_A2,14,15,nan,,False,F14 matches no case in the published switch,1,0,1,0,0
fix_A2,14,16,nan,,False,F14 matches no case in the published switch,1,0,1,0,0
fix_A2,14,17,nan,,False,F14 matches no case in the published switch,1,0,1,0,0
fix_A2,14,18,nan,,False,F14 matches no case in the published switch,1,0,1,0,0
fix_A2,14,19,nan,,False,F14 matches no case in the published switch,1,0,1,0,0
fix_A2,14,20,nan,,False,F14 matches no case in the published switch,1,0,1,0,0
fix_A2,14,21,nan,,False,F14 matches no case in the published switch,1,0,1,0,0
fix_A2,14,22,nan,,False,F14 matches no case in the published switch,1,0,1,0,0
fix_A2,14,23,nan,,False,F14 matches no case in the published switch,1,0,1,0,0
fix_A2,14,24,nan,,False,F14 matches no case in the published switch,1,0,1,0,0
fix_A2,14,25,nan,,False,F14 matches no case in the published switch,1,0,1,0,0
fix_A2,14,26,nan,,False,F14 matches no case in the published switch,1,0,1,0,0
fix_A2,14,27,nan,,False,F14 matches no case in the published switch,1,0,1,0,0
fix_A2,14,28,nan,,False,F14 matches no case in the published switch,1,0,1,0,0
fix_A2,14,29,nan,,False,F14 matches no case in the published switch,1,0,1,0,0
fix_A2,14,30,nan,,False,F14 matches no case in the published switch,1,0,1,0,0
fix_A2,15,1,0.00030748598780570933,0.00030748598780570933,False,,29704,25035,2,1118,0
fix_A2,15,2,0.00030748598780662976,0.00030748598780662976,False,,29993,25070,2,231,0
fix_A2,15,3,0.0003074859878056275,0.0003074859878056275,False,,30137,25030,2,239,0
fix_A2,15,4,0.00030748598780896665,0.00030748598780896665,False,,30017,25135,2,1108,0
fix_A2,15,5,0.00030748598780560546,0.00030748598780560546,False,,30141,25005,2,254,0
fix_A2,15,6,0.0003074859926630814,0.0003074859926630814,False,,29674,25025,2,1120,0
fix_A2,15,7,0.0003074859878056083,0.0003074859878056083,False,,30202,25015,2,242,0
fix_A2,15,8,0.00030748598780560584,0.00030748598780560584,False,,30315,25115,2,238,0
fix_A2,15,9,0.0003074859878056073,0.0003074859878056073,False,,30181,25005,2,243,0
fix_A2,15,10,0.0003074859878232122,0.0003074859878232122,False,,30007,25015,2,240,0
fix_A2,15,11,0.0003074859878056065,0.0003074859878056065,False,,30205,25060,2,240,0
fix_A2,15,12,0.00030748598780966596,0.00030748598780966596,False,,29854,25090,2,1126,0
fix_A2,15,13,0.0003074859878062842,0.0003074859878062842,False,,29752,25080,2,1104,0
fix_A2,15,14,0.0003074859878056097,0.0003074859878056097,False,,30215,25020,2,252,0
fix_A2,15,15,0.00030748599924143626,0.00030748599924143626,False,,29684,25050,2,214,0
fix_A2,15,16,0.00030748598780560524,0.00030748598780560524,False,,30295,25130,2,238,0
fix_A2,15,17,0.0003074859878056052,0.0003074859878056052,False,,30286,25160,2,234,0
fix_A2,15,18,0.0003074859878056217,0.0003074859878056217,False,,30142,25000,2,1116,0
fix_A2,15,19,0.00030748598780560595,0.00030748598780560595,False,,30255,25095,2,237,0
fix_A2,15,20,0.00030748598780560584,0.00030748598780560584,False,,30256,25095,2,226,0
fix_A2,15,21,0.0003074859878056059,0.0003074859878056059,False,,30165,25025,2,235,0
fix_A2,15,22,0.0003074859924206488,0.0003074859924206488,False,,29671,25035,2,1102,0
fix_A2,15,23,0.0003074859878056054,0.0003074859878056054,False,,30248,25060,2,257,0
fix_A2,15,24,0.00030748598780560546,0.00030748598780560546,False,,30303,25110,2,243,0
fix_A2,15,25,0.00030748598780607075,0.00030748598780607075,False,,29621,25035,2,1100,0
fix_A2,15,26,0.0003074859878056052,0.0003074859878056052,False,,30378,25165,2,235,0
fix_A2,15,27,0.0003074859878056109,0.0003074859878056109,False,,30264,25135,2,236,0
fix_A2,15,28,0.00030748598780560606,0.00030748598780560606,False,,30252,25085,2,244,0
fix_A2,15,29,0.00030748598780564064,0.00030748598780564064,False,,29684,25070,2,1107,0
fix_A2,15,30,0.00030748598780573074,0.00030748598780573074,False,,30194,25070,2,233,0
fix_A2,16,1,12.67050581113557,0.0007804979507909441,False,,29036,25190,2,1081,0
fix_A2,16,2,12.670505811135554,0.000773205636600532,False,,29056,25025,2,200,0
fix_A2,16,3,12.670505811135662,-0.0007939423972123157,False,,29000,25100,2,196,0
fix_A2,16,4,12.67050581113565,-0.0007557544224629404,False,,29083,25075,2,199,0
fix_A2,16,5,12.670505811135614,-0.0007699838549782162,False,,29130,25050,2,202,0
fix_A2,16,6,12.670505811135614,-0.0007703369520466402,False,,28981,25000,2,1079,0
fix_A2,16,7,12.670505811135614,-0.0007699096885995254,False,,28985,25060,2,196,0
fix_A2,16,8,12.67050581113585,-0.0007711011202683577,False,,29192,25100,2,200,0
fix_A2,16,9,12.670505811135614,-0.000769621395374304,False,,29101,25055,2,199,0
fix_A2,16,10,12.67050581113591,0.0007732574249556398,False,,29035,25070,2,198,0
fix_A2,16,11,12.670505811135614,-0.0007722103844698804,False,,29265,25300,2,197,0
fix_A2,16,12,12.670505811135852,-0.0007717758697978351,False,,29253,25360,2,1083,0
fix_A2,16,13,12.670505811135625,-0.0007772419604535428,False,,29107,25080,2,199,0
fix_A2,16,14,12.670505811135852,-0.0007714705101142342,False,,29555,25235,2,1083,0
fix_A2,16,15,12.670505811135907,-0.000755648058152129,False,,29178,25090,2,203,0
fix_A2,16,16,12.670505811135554,0.0007736612363077421,False,,28826,25175,2,1079,0
fix_A2,16,17,12.67050581113591,0.0007733644159260398,False,,29248,25235,2,200,0
fix_A2,16,18,12.670505811135614,-0.0007718376187743252,False,,29093,25085,2,198,0
fix_A2,16,19,12.670505811135618,-0.000770570345756166,False,,28945,25020,2,1084,0
fix_A2,16,20,12.670505811135913,0.00077194927120256,False,,29183,25335,2,1083,0
fix_A2,16,21,12.670505811135554,0.0007736726526148243,False,,29017,25180,2,1082,0
fix_A2,16,22,12.670505811135614,-0.0007714455648482591,False,,29239,25245,2,198,0
fix_A2,16,23,12.670505811135614,-0.0007715656724822586,False,,29145,25100,2,198,0
fix_A2,16,24,12.670505811135554,0.000774682511457534,False,,29247,25300,2,198,0
fix_A2,16,25,12.670505811135614,-0.0007710305157742697,False,,29050,25050,2,198,0
fix_A2,16,26,12.670505811135554,0.0007716654092868427,False,,28735,25000,2,1079,0
fix_A2,16,27,12.670505811135554,0.0007710648665313295,False,,28999,25165,2,1083,0
fix_A2,16,28,12.670505811135554,0.0007733509857599654,False,,29074,25065,2,198,0
fix_A2,16,29,12.670505811135852,-0.0007706461539825349,False,,29029,25155,2,1082,0
fix_A2,16,30,12.670505811135614,-0.0007709393809467832,False,,29052,25075,2,198,0
fix_A2,17,1,0.39796664854299024,0.39796664854299024,True,,2602,2015,2,108,0
fix_A2,17,2,0.3979014672786718,0.3979014672786718,True,,6978,6055,2,1005,0
fix_A2,17,3,0.3978881454181522,0.3978881454181522,True,,2038,1545,2,106,0
fix_A2,17,4,0.3979124457033425,0.3979124457033425,True,,1974,1490,2,105,0
fix_A2,17,5,0.3979674529444157,0.3979674529444157,True,,1067,735,2,102,0
fix_A2,17,6,0.39793097808538036,0.39793097808538036,True,,2483,1920,2,108,0
fix_A2,17,7,0.3979776402252728,0.3979776402252728,True,,7223,6300,2,1006,0
fix_A2,17,8,0.39792474872460204,0.39792474872460204,True,,2227,1710,2,107,0
fix_A2,17,9,0.3979432257163893,0.3979432257163893,True,,2499,1945,2,108,0
fix_A2,17,10,0.3979101437278292,0.3979101437278292,True,,2638,2060,2,108,0
fix_A2,17,11,0.3979688072818508,0.3979688072818508,True,,2279,1750,2,107,0
fix_A2,17,12,0.3979508411726318,0.3979508411726318,True,,2483,1935,2,108,0
fix_A2,17,13,0.3978895462832899,0.3978895462832899,True,,7403,6405,2,1007,0
fix_A2,17,14,0.3979472230818608,0.3979472230818608,True,,7273,6245,2,1007,0
fix_A2,17,15,0.39789228365271256,0.39789228365271256,True,,2071,1575,2,106,0
fix_A2,17,16,0.3979419065707983,0.3979419065707983,True,,7099,6115,2,1006,0
fix_A2,17,17,0.3979928456586066,0.3979928456586066,True,,2648,2050,2,108,0
fix_A2,17,18,0.3979503821985695,0.3979503821985695,True,,6310,5495,2,1003,0
fix_A2,17,19,0.39799537133328755,0.39799537133328755,True,,7557,6490,2,1008,0
fix_A2,17,20,0.3979886383154625,0.3979886383154625,True,,2239,1735,2,107,0
fix_A2,17,21,0.3979130459216016,0.3979130459216016,True,,2528,1945,2,108,0
fix_A2,17,22,0.39789498586107364,0.39789498586107364,True,,2745,2140,2,109,0
fix_A2,17,23,0.3979428492649024,0.3979428492649024,True,,2035,1540,2,106,0
fix_A2,17,24,0.39798783239480606,0.39798783239480606,True,,2811,2220,2,108,0
fix_A2,17,25,0.3979673644734323,0.3979673644734323,True,,2534,1965,2,108,0
fix_A2,17,26,0.3979301263178563,0.3979301263178563,True,,2512,1945,2,108,0
fix_A2,17,27,0.3979285170928968,0.3979285170928968,True,,2173,1705,2,106,0
fix_A2,17,28,0.39794214098826686,0.39794214098826686,True,,2562,1990,2,108,0
fix_A2,17,29,0.39791625968767796,0.39791625968767796,True,,2432,1905,2,107,0
fix_A2,17,30,0.39796763051583817,0.39796763051583817,True,,2559,1990,2,108,0
fix_A2,18,1,2.999999999999996,2.999999999999996,True,,7651,6215,2,130,0
fix_A2,18,2,2.999999999999975,2.999999999999975,True,,8252,6730,2,133,0
fix_A2,18,3,2.999999999999954,2.999999999999954,True,,9100,7445,2,137,0
fix_A2,18,4,2.999999999999986,2.999999999999986,True,,9111,7550,2,134,0
fix_A2,18,5,3.0,3.0,True,,14417,12185,2,1038,0
fix_A2,18,6,2.999999999999941,2.999999999999941,True,,8208,6675,2,132,0
fix_A2,18,7,2.999999999999979,2.999999999999979,True,,8379,6860,2,131,0
fix_A2,18,8,2.9999999999999525,2.9999999999999525,True,,8465,6900,2,134,0
fix_A2,18,9,2.999999999999958,2.999999999999958,True,,8401,6865,2,134,0
fix_A2,18,10,2.9999999999999902,2.9999999999999902,True,,8104,6610,2,132,0
fix_A2,18,11,2.9999999999999982,2.9999999999999982,True,,8829,7225,2,134,0
fix_A2,18,12,2.999999999999967,2.999999999999967,True,,9036,7415,2,135,0
fix_A2,18,13,2.999999999999975,2.999999999999975,True,,12780,10795,2,1029,0
fix_A2,18,14,2.9999999999999996,2.9999999999999996,True,,8717,7150,2,135,0
fix_A2,18,15,2.9999999999999902,2.9999999999999902,True,,8722,7130,2,135,0
fix_A2,18,16,2.9999999999999933,2.9999999999999933,True,,8595,7015,2,134,0
fix_A2,18,17,2.999999999999959,2.999999999999959,True,,8657,7075,2,136,0
fix_A2,18,18,2.999999999999975,2.999999999999975,True,,9068,7435,2,135,0
fix_A2,18,19,2.9999999999999982,2.9999999999999982,True,,8096,6585,2,132,0
fix_A2,18,20,2.9999999999999716,2.9999999999999716,True,,7698,6260,2,130,0
fix_A2,18,21,2.9999999999999964,2.9999999999999964,True,,8847,7230,2,135,0
fix_A2,18,22,2.9999999999999942,2.9999999999999942,True,,7930,6460,2,132,0
fix_A2,18,23,2.99999999999995,2.99999999999995,True,,8399,6840,2,133,0
fix_A2,18,24,2.9999999999999942,2.9999999999999942,True,,13486,11310,2,1029,0
fix_A2,18,25,2.9999999999999942,2.9999999999999942,True,,9109,7460,2,137,0
fix_A2,18,26,2.999999999999975,2.999999999999975,True,,9306,7600,2,138,0
fix_A2,18,27,2.9999999999999933,2.9999999999999933,True,,8149,6655,2,132,0
fix_A2,18,28,2.999999999999961,2.999999999999961,True,,8518,6940,2,135,0
fix_A2,18,29,2.999999999999962,2.999999999999962,True,,8489,6920,2,134,0
fix_A2,18,30,2.9999999999999845,2.9999999999999845,True,,8980,7345,2,137,0
fix_A2,19,1,-3.860547325165606,-3.860547325165606,True,,1864,1390,2,105,0
fix_A2,19,2,-3.860497567099689,-3.860497567099689,True,,1808,1355,2,105,0
fix_A2,19,3,-3.860383203121599,-3.860383203121599,True,,2273,1750,2,107,0
fix_A2,19,4,-3.8620134971040265,-3.8620134971040265,True,,1752,1305,2,105,0
fix_A2,19,5,-3.8621895598997136,-3.8621895598997136,True,,2154,1925,1,385,0
fix_A2,19,6,-3.860272118348086,-3.860272118348086,True,,1914,1435,2,105,0
fix_A2,19,7,-3.8604061978784263,-3.8604061978784263,True,,6499,5615,2,1004,0
fix_A2,19,8,-3.8618972097509006,-3.8618972097509006,True,,2155,1640,2,106,0
fix_A2,19,9,-3.8601066714658283,-3.8601066714658283,True,,1747,1305,2,105,0
fix_A2,19,10,-3.86000995699958,-3.86000995699958,True,,1751,1310,2,105,0
fix_A2,19,11,-3.8616839287434184,-3.8616839287434184,True,,2092,1585,2,106,0
fix_A2,19,12,-3.862275146527111,-3.862275146527111,True,,2061,1570,2,106,0
fix_A2,19,13,-3.8607172015769797,-3.8607172015769797,True,,2351,1810,2,107,0
fix_A2,19,14,-3.860803360746792,-3.860803360746792,True,,2133,1635,2,106,0
fix_A2,19,15,-3.8608921059291514,-3.8608921059291514,True,,2073,1580,2,106,0
fix_A2,19,16,-3.860092316212248,-3.860092316212248,True,,1545,1125,2,104,0
fix_A2,19,17,-3.861321159350211,-3.861321159350211,True,,1942,1480,2,105,0
fix_A2,19,18,-3.86130847143928,-3.86130847143928,True,,1547,1130,2,104,0
fix_A2,19,19,-3.861300695136257,-3.861300695136257,True,,1935,1450,2,105,0
fix_A2,19,20,-3.8608539617911233,-3.8608539617911233,True,,1865,1390,2,105,0
fix_A2,19,21,-3.860490197686956,-3.860490197686956,True,,1307,940,2,103,0
fix_A2,19,22,-3.8604513336241717,-3.8604513336241717,True,,2148,1640,2,106,0
fix_A2,19,23,-3.861195812943558,-3.861195812943558,True,,1880,1405,2,105,0
fix_A2,19,24,-3.862371611848684,-3.862371611848684,True,,1847,1385,2,105,0
fix_A2,19,25,-3.8604813315357007,-3.8604813315357007,True,,1552,1140,2,104,0
fix_A2,19,26,-3.8605427804854795,-3.8605427804854795,True,,2045,1545,2,106,0
fix_A2,19,27,-3.8615524194094712,-3.8615524194094712,True,,1768,1325,2,105,0
fix_A2,19,28,-3.8600744685289383,-3.8600744685289383,True,,3317,2945,1,589,0
fix_A2,19,29,-3.86079057142722,-3.86079057142722,True,,2243,1720,2,107,0
fix_A2,19,30,-3.861342966911102,-3.861342966911102,True,,1526,1115,2,104,0
fix_A2,20,1,-3.3213031191122377,-3.3213031191122377,True,,4809,3845,2,118,0
fix_A2,20,2,-3.3208954502868715,-3.3208954502868715,True,,4170,3310,2,115,0
fix_A2,20,3,-3.3200644709436586,-3.3200644709436586,True,,6380,5160,2,125,0
fix_A2,20,4,-3.3203944087939816,-3.3203944087939816,True,,4630,3695,2,117,0
fix_A2,20,5,-3.2031020502585243,-3.2031020502585243,False,,30202,25005,2,304,0
fix_A2,20,6,-3.320068676768142,-3.320068676768142,True,,5177,4150,2,119,0
fix_A2,20,7,-3.3202688506965172,-3.3202688506965172,True,,4235,3370,2,116,0
fix_A2,20,8,-3.320092654547696,-3.320092654547696,True,,5392,4335,2,121,0
fix_A2,20,9,-3.320587354246221,-3.320587354246221,True,,5031,4030,2,119,0
fix_A2,20,10,-3.2031020502341607,-3.2031020502341607,False,,30234,25040,2,277,0
fix_A2,20,11,-3.320496367611712,-3.320496367611712,True,,4806,3840,2,118,0
fix_A2,20,12,-3.3203159227725956,-3.3203159227725956,True,,8987,7650,2,1013,0
fix_A2,20,13,-3.3203216755366403,-3.3203216755366403,True,,5433,4365,2,121,0
fix_A2,20,14,-3.3209037488937314,-3.3209037488937314,True,,4959,3970,2,119,0
fix_A2,20,15,-3.2031020502642704,-3.2031020502642704,False,,30193,25000,2,280,0
fix_A2,20,16,-3.3205698120566316,-3.3205698120566316,True,,8444,7205,2,1010,0
fix_A2,20,17,-3.320788322988393,-3.320788322988393,True,,4127,3275,2,115,0
fix_A2,20,18,-3.320818712530953,-3.320818712530953,True,,3772,2985,2,113,0
fix_A2,20,19,-3.3206500303209667,-3.3206500303209667,True,,8914,7590,2,1012,0
fix_A2,20,20,-3.320303746619247,-3.320303746619247,True,,5881,4735,2,122,0
fix_A2,20,21,-3.3200431632328384,-3.3200431632328384,True,,5604,4505,2,122,0
fix_A2,20,22,-3.3201555258013373,-3.3201555258013373,True,,5296,4250,2,120,0
fix_A2,20,23,-3.3204515601522946,-3.3204515601522946,True,,4912,3930,2,119,0
fix_A2,20,24,-3.320753220819206,-3.320753220819206,True,,5749,4625,2,122,0
fix_A2,20,25,-3.3214217081672324,-3.3214217081672324,True,,5231,4195,2,120,0
fix_A2,20,26,-3.3206823101430287,-3.3206823101430287,True,,4955,3965,2,119,0
fix_A2,20,27,-3.3208676395877146,-3.3208676395877146,True,,5402,4340,2,121,0
fix_A2,20,28,-3.320884350998126,-3.320884350998126,True,,4824,3855,2,118,0
fix_A2,20,29,-3.320098103867697,-3.320098103867697,True,,4845,3875,2,118,0
fix_A2,20,30,-3.203102050256544,-3.203102050256544,False,,29970,25080,2,1121,0
fix_A2,21,1,-10.153199679058229,-10.153199679058229,False,,30194,25340,2,221,1
fix_A2,21,2,-10.15319967905823,-10.15319967905823,False,,29996,25000,2,230,1
fix_A2,21,3,-10.153199679058229,-10.153199679058229,False,,30148,25100,2,234,4
fix_A2,21,4,-10.15319967905823,-10.15319967905823,False,,30155,25280,2,223,4
fix_A2,21,5,-10.15319967905823,-10.15319967905823,False,,30084,25185,2,228,2
fix_A2,21,6,-10.15319967905823,-10.15319967905823,False,,30017,25060,2,235,1
fix_A2,21,7,-10.153199679058229,-10.153199679058229,False,,30104,25085,2,238,2
fix_A2,21,8,-10.15319967905823,-10.15319967905823,False,,30185,25240,2,236,3
fix_A2,21,9,-10.15319967905823,-10.15319967905823,False,,30094,25290,2,232,4
fix_A2,21,10,-10.15319967905823,-10.15319967905823,False,,29968,25030,2,231,2
fix_A2,21,11,-10.15319967905823,-10.15319967905823,False,,30290,25320,2,236,3
fix_A2,21,12,-10.15319967905823,-10.15319967905823,False,,30175,25385,2,219,0
fix_A2,21,13,-10.15319967905823,-10.15319967905823,False,,30145,25100,2,239,1
fix_A2,21,14,-10.153199679058229,-10.153199679058229,False,,29899,25100,2,222,2
fix_A2,21,15,-10.15319967905823,-10.15319967905823,False,,29620,25125,2,1102,3
fix_A2,21,16,-10.153199679058229,-10.153199679058229,False,,30014,25175,2,230,1
fix_A2,21,17,-10.153199679058229,-10.153199679058229,False,,29959,25010,2,232,2
fix_A2,21,18,-10.153199679058229,-10.153199679058229,False,,30042,25050,2,236,1
fix_A2,21,19,-10.153199679058229,-10.153199679058229,False,,30104,25040,2,228,1
fix_A2,21,20,-10.153199679058229,-10.153199679058229,False,,29948,25130,2,221,3
fix_A2,21,21,-10.15319967905823,-10.15319967905823,False,,29831,25155,2,218,1
fix_A2,21,22,-10.153199679058229,-10.153199679058229,False,,29982,25010,2,231,2
fix_A2,21,23,-5.055197728932868,-5.055197728932868,False,,30202,25335,2,223,3
fix_A2,21,24,-10.153199679058229,-10.153199679058229,False,,29913,25070,2,225,2
fix_A2,21,25,-10.153199679058229,-10.153199679058229,False,,30218,25370,2,232,2
fix_A2,21,26,-10.153199679058229,-10.153199679058229,False,,29971,25030,2,236,1
fix_A2,21,27,-10.153199679058229,-10.153199679058229,False,,29842,25055,2,223,3
fix_A2,21,28,-10.15319967905823,-10.15319967905823,False,,29829,25005,2,220,3
fix_A2,21,29,-10.15319967905823,-10.15319967905823,False,,30293,25335,2,229,1
fix_A2,21,30,-10.153199679058229,-10.153199679058229,False,,30182,25135,2,236,0
fix_A2,22,1,-10.402924424432788,-10.402924424432788,True,,10742,8930,2,139,2
fix_A2,22,2,-10.402924528803137,-10.402924528803137,True,,7621,6195,2,130,1
fix_A2,22,3,-10.402909291393453,-10.402909291393453,True,,9264,7600,2,135,4
fix_A2,22,4,-10.402910129891195,-10.402910129891195,True,,6914,5645,2,126,1
fix_A2,22,5,-10.40291836317318,-10.40291836317318,True,,7821,6395,2,129,1
fix_A2,22,6,-10.402923950948328,-10.402923950948328,True,,7300,5985,2,126,2
fix_A2,22,7,-10.402924457589993,-10.402924457589993,True,,7050,5720,2,127,1
fix_A2,22,8,-5.08767182506029,-5.08767182506029,False,,30098,25120,2,240,5
fix_A2,22,9,-10.402916724966511,-10.402916724966511,True,,9035,7415,2,136,1
fix_A2,22,10,-10.402901925645187,-10.402901925645187,True,,15263,13030,2,1039,2
fix_A2,22,11,-10.402912613678849,-10.402912613678849,True,,11514,9575,2,144,1
fix_A2,22,12,-10.40290877180145,-10.40290877180145,True,,15124,12895,2,1037,3
fix_A2,22,13,-10.402909851035966,-10.402909851035966,True,,7633,6245,2,129,2
fix_A2,22,14,-10.402914159639911,-10.402914159639911,True,,8018,6520,2,133,0
fix_A2,22,15,-10.402909209546197,-10.402909209546197,True,,15366,13135,2,1038,4
fix_A2,22,16,-10.40290113450306,-10.40290113450306,True,,8846,7350,2,131,0
fix_A2,22,17,-10.402910712316071,-10.402910712316071,True,,7489,6120,2,128,4
fix_A2,22,18,-10.402911976813282,-10.402911976813282,True,,6924,5620,2,127,1
fix_A2,22,19,-10.402909691758161,-10.402909691758161,True,,9362,7685,2,136,1
fix_A2,22,20,-10.402923006888184,-10.402923006888184,True,,11870,9870,2,144,2
fix_A2,22,21,-10.402932694828701,-10.402932694828701,True,,14701,12505,2,1039,2
fix_A2,22,22,-10.402901079630816,-10.402901079630816,True,,11180,9310,2,141,5
fix_A2,22,23,-10.402924850072386,-10.402924850072386,True,,8872,7270,2,134,4
fix_A2,22,24,-10.402912213011676,-10.402912213011676,True,,7567,6145,2,129,3
fix_A2,22,25,-10.402925755297675,-10.402925755297675,True,,9017,7400,2,135,4
fix_A2,22,26,-10.402936464143007,-10.402936464143007,True,,7343,6105,2,125,3
fix_A2,22,27,-10.402911682421935,-10.402911682421935,True,,7637,6285,2,128,1
fix_A2,22,28,-10.40293311552971,-10.40293311552971,True,,12417,10260,2,148,4
fix_A2,22,29,-10.402926672631681,-10.402926672631681,True,,8024,6560,2,131,3
fix_A2,22,30,-10.402924292818012,-10.402924292818012,True,,7701,6265,2,131,2
fix_A2,23,1,-10.536407355572802,-10.536407355572802,True,,8293,6855,2,130,1
fix_A2,23,2,-10.536400833045839,-10.536400833045839,True,,6940,5690,2,125,1
fix_A2,23,3,-10.536401033275418,-10.536401033275418,True,,9746,8035,2,137,4
fix_A2,23,4,-10.536405758422077,-10.536405758422077,True,,8949,7360,2,134,5
fix_A2,23,5,-10.536401883608121,-10.536401883608121,True,,12756,10575,2,149,1
fix_A2,23,6,-10.536404246402912,-10.536404246402912,True,,10003,8220,2,140,2
fix_A2,23,7,-10.536407326360122,-10.536407326360122,True,,7442,6080,2,128,0
fix_A2,23,8,-10.536402439604823,-10.536402439604823,True,,10277,8485,2,139,5
fix_A2,23,9,-10.536401596914178,-10.536401596914178,True,,8683,7095,2,135,0
fix_A2,23,10,-10.536402705064015,-10.536402705064015,True,,16557,14095,2,1044,3
fix_A2,23,11,-10.536403325454499,-10.536403325454499,True,,9360,7680,2,136,1
fix_A2,23,12,-10.53640166782382,-10.53640166782382,True,,8903,7360,2,132,0
fix_A2,23,13,-10.536403515970163,-10.536403515970163,True,,13783,11500,2,151,2
fix_A2,23,14,-10.536403272115678,-10.536403272115678,True,,7728,6310,2,130,1
fix_A2,23,15,-10.536400789666027,-10.536400789666027,True,,8026,6560,2,130,2
fix_A2,23,16,-10.536404870845987,-10.536404870845987,True,,6793,5505,2,126,3
fix_A2,23,17,-10.536404657626795,-10.536404657626795,True,,9573,7820,2,138,2
fix_A2,23,18,-10.536406105976694,-10.536406105976694,True,,7447,6085,2,128,0
fix_A2,23,19,-10.536402873226033,-10.536402873226033,True,,18105,15225,2,167,2
fix_A2,23,20,-10.536405813072506,-10.536405813072506,True,,9247,7550,2,136,1
fix_A2,23,21,-10.536403878476397,-10.536403878476397,True,,9118,7515,2,135,3
fix_A2,23,22,-10.536403542921583,-10.536403542921583,True,,8142,6675,2,131,1
fix_A2,23,23,-10.536400066508856,-10.536400066508856,True,,11270,9340,2,143,4
fix_A2,23,24,-10.536400389338569,-10.536400389338569,True,,7281,5905,2,129,3
fix_A2,23,25,-10.536403172737028,-10.536403172737028,True,,7913,6480,2,130,4
fix_A2,23,26,-10.536405259160817,-10.536405259160817,True,,7290,5930,2,129,1
fix_A2,23,27,-10.536404292271566,-10.536404292271566,True,,6741,5505,2,125,1
fix_A2,23,28,-10.536404277763118,-10.536404277763118,True,,9278,7575,2,137,4
fix_A2,23,29,-10.536402069474649,-10.536402069474649,True,,7411,6050,2,128,1
fix_A2,23,30,-10.536401077555729,-10.536401077555729,True,,8241,6715,2,132,0
fix_A3,1,1,9.34398751601585e-34,9.34398751601585e-34,False,,29632,25065,2,1098,69
fix_A3,1,2,5.172626788055483e-35,5.172626788055483e-35,False,,29500,25130,2,1091,69
fix_A3,1,3,3.142765972235173e-34,3.142765972235173e-34,False,,29464,25095,2,1091,69
fix_A3,1,4,9.30323237751204e-36,9.30323237751204e-36,False,,29661,25045,2,1098,69
fix_A3,1,5,2.25515252342663e-34,2.25515252342663e-34,False,,29602,25130,2,1094,69
fix_A3,1,6,4.9946201904241785e-45,4.9946201904241785e-45,False,,29716,25045,2,210,69
fix_A3,1,7,4.10946243600838e-37,4.10946243600838e-37,False,,29701,25170,2,1096,69
fix_A3,1,8,1.6432496879097597e-34,1.6432496879097597e-34,False,,29464,25150,2,1090,69
fix_A3,1,9,2.2163166897755198e-36,2.2163166897755198e-36,False,,29998,25370,2,1099,69
fix_A3,1,10,2.2526276984061545e-34,2.2526276984061545e-34,False,,29633,25130,2,1095,69
fix_A3,1,11,1.3352985204187965e-34,1.3352985204187965e-34,False,,29597,25025,2,1096,69
fix_A3,1,12,3.6293082504866805e-35,3.6293082504866805e-35,False,,29691,25155,2,1097,69
fix_A3,1,13,2.0543414498872303e-46,2.0543414498872303e-46,False,,30256,25175,2,222,69
fix_A3,1,14,1.4989177419328636e-36,1.4989177419328636e-36,False,,29632,25125,2,1095,69
fix_A3,1,15,5.620131174989201e-36,5.620131174989201e-36,False,,29470,25020,2,1094,69
fix_A3,1,16,4.516485987403503e-36,4.516485987403503e-36,False,,29467,25015,2,1094,69
fix_A3,1,17,5.669807131818634e-36,5.669807131818634e-36,False,,29646,25045,2,1102,69
fix_A3,1,18,1.0246098794354487e-41,1.0246098794354487e-41,False,,29946,25045,2,217,69
fix_A3,1,19,4.640559471362399e-34,4.640559471362399e-34,False,,29699,25040,2,1099,69
fix_A3,1,20,1.0904989169512569e-35,1.0904989169512569e-35,False,,29819,25180,2,1100,69
fix_A3,1,21,2.248960689706017e-33,2.248960689706017e-33,False,,29456,25170,2,1089,69
fix_A3,1,22,3.444873249077588e-36,3.444873249077588e-36,False,,29572,25050,2,1096,69
fix_A3,1,23,3.072080909448649e-36,3.072080909448649e-36,False,,29962,25255,2,1101,69
fix_A3,1,24,3.0344784187856904e-35,3.0344784187856904e-35,False,,29540,25155,2,1093,69
fix_A3,1,25,1.326938865275781e-33,1.326938865275781e-33,False,,29702,25160,2,1096,69
fix_A3,1,26,9.605691973371228e-37,9.605691973371228e-37,False,,29373,25000,2,1092,69
fix_A3,1,27,8.544587640352643e-35,8.544587640352643e-35,False,,29685,25140,2,1096,69
fix_A3,1,28,1.7323391782421325e-40,1.7323391782421325e-40,False,,29733,25085,2,1109,69
fix_A3,1,29,8.650955427511071e-35,8.650955427511071e-35,False,,29645,25150,2,1096,69
fix_A3,1,30,2.36291145827047e-38,2.36291145827047e-38,False,,29576,25135,2,1093,69
fix_A3,2,1,1.489402677765101e-22,1.489402677765101e-22,False,,30275,25115,2,231,69
fix_A3,2,2,2.4738498326119043e-19,2.4738498326119043e-19,False,,29528,25020,2,1094,69
fix_A3,2,3,1.3229386457212586e-23,1.3229386457212586e-23,False,,29916,25055,2,216,69
fix_A3,2,4,6.2066890616988534e-21,6.2066890616988534e-21,False,,29667,25040,2,209,69
fix_A3,2,5,1.0820416970200893e-22,1.0820416970200893e-22,False,,30030,25185,2,215,69
fix_A3,2,6,2.5199475734160287e-22,2.5199475734160287e-22,False,,30042,25150,2,217,69
fix_A3,2,7,3.884129990303291e-18,3.884129990303291e-18,False,,29766,25155,2,1098,69
fix_A3,2,8,3.733692382325969e-19,3.733692382325969e-19,False,,29677,25065,2,1100,69
fix_A3,2,9,1.5438916111739741e-22,1.5438916111739741e-22,False,,30090,25130,2,219,69
fix_A3,2,10,2.491051510929587e-22,2.491051510929587e-22,False,,29972,25030,2,218,69
fix_A3,2,11,1.0861245330423539e-17,1.0861245330423539e-17,False,,29767,25150,2,1095,69
fix_A3,2,12,1.8484677750258835e-19,1.8484677750258835e-19,False,,30053,25380,2,1100,69
fix_A3,2,13,4.7057934895017075e-17,4.7057934895017075e-17,False,,29400,25105,2,1090,69
fix_A3,2,14,1.5046361641352343e-17,1.5046361641352343e-17,False,,29624,25160,2,1093,69
fix_A3,2,15,2.0728887063062834e-18,2.0728887063062834e-18,False,,29846,25120,2,1102,69
fix_A3,2,16,1.519304380382017e-17,1.519304380382017e-17,False,,29604,25095,2,1096,69
fix_A3,2,17,1.9928929211052525e-22,1.9928929211052525e-22,False,,29803,25025,2,213,69
fix_A3,2,18,3.831881130512378e-21,3.831881130512378e-21,False,,30187,25340,2,215,69
fix_A3,2,19,5.2207774165768285e-18,5.2207774165768285e-18,False,,29864,25125,2,1104,69
fix_A3,2,20,2.82631629713391e-24,2.82631629713391e-24,False,,30266,25080,2,231,69
fix_A3,2,21,1.1286374377290233e-18,1.1286374377290233e-18,False,,29583,25080,2,1095,69
fix_A3,2,22,1.6064138893985432e-19,1.6064138893985432e-19,False,,29729,25165,2,1097,69
fix_A3,2,23,4.237036462933025e-18,4.237036462933025e-18,False,,29718,25140,2,1095,69
fix_A3,2,24,5.882447489082587e-22,5.882447489082587e-22,False,,30085,25340,2,212,69
fix_A3,2,25,4.030946370523004e-18,4.030946370523004e-18,False,,29676,25175,2,1092,69
fix_A3,2,26,1.9613122700771782e-20,1.9613122700771782e-20,False,,29619,25040,2,208,69
fix_A3,2,27,1.2095950516823777e-17,1.2095950516823777e-17,False,,29985,25325,2,1098,69
fix_A3,2,28,3.409649183284489e-19,3.409649183284489e-19,False,,29918,25130,2,1100,69
fix_A3,2,29,1.511832380384455e-21,1.511832380384455e-21,False,,29859,25065,2,213,69
fix_A3,2,30,2.1537698540423703e-22,2.1537698540423703e-22,False,,29936,25035,2,217,69
fix_A3,3,1,5.320317350026541e-33,5.320317350026541e-33,False,,29678,25105,2,1097,69
fix_A3,3,2,4.313694337400949e-32,4.313694337400949e-32,False,,30056,25145,2,1104,69
fix_A3,3,3,2.490161694893059e-32,2.490161694893059e-32,False,,29712,25020,2,1102,69
fix_A3,3,4,2.3970059802245422e-28,2.3970059802245422e-28,False,,30041,25165,2,1095,69
fix_A3,3,5,1.5147249522518798e-32,1.5147249522518798e-32,False,,29387,25085,2,1090,69
fix_A3,3,6,4.621372447851834e-32,4.621372447851834e-32,False,,29813,25050,2,1095,69
fix_A3,3,7,1.9486567258333318e-31,1.9486567258333318e-31,False,,29421,25180,2,1087,69
fix_A3,3,8,3.081150152544135e-32,3.081150152544135e-32,False,,29786,25355,2,1094,69
fix_A3,3,9,1.0648397448236191e-38,1.0648397448236191e-38,False,,30010,25130,2,216,69
fix_A3,3,10,1.2301435792664883e-34,1.2301435792664883e-34,False,,29735,25180,2,1091,69
fix_A3,3,11,3.1645843876221847e-34,3.1645843876221847e-34,False,,30063,25110,2,1105,69
fix_A3,3,12,3.64159606451375e-35,3.64159606451375e-35,False,,30045,25180,2,1108,69
fix_A3,3,13,3.0188195790812418e-33,3.0188195790812418e-33,False,,30152,25365,2,1097,69
fix_A3,3,14,5.5661546044638166e-30,5.5661546044638166e-30,False,,29596,25160,2,1089,69
fix_A3,3,15,1.3738597458087275e-40,1.3738597458087275e-40,False,,29968,25195,2,213,69
fix_A3,3,16,3.4988500656927176e-38,3.4988500656927176e-38,False,,30344,25350,2,220,69
fix_A3,3,17,5.334256300051466e-28,5.334256300051466e-28,False,,29418,25175,2,1088,69
fix_A3,3,18,3.280173663015826e-32,3.280173663015826e-32,False,,29591,25140,2,1093,69
fix_A3,3,19,8.682646089791611e-41,8.682646089791611e-41,False,,29904,25100,2,214,69
fix_A3,3,20,6.094153717483595e-29,6.094153717483595e-29,False,,29791,25165,2,1097,69
fix_A3,3,21,2.7600602520353885e-29,2.7600602520353885e-29,False,,29453,25070,2,1092,69
fix_A3,3,22,2.62912194701271e-30,2.62912194701271e-30,False,,29878,25370,2,1091,69
fix_A3,3,23,5.216221553531442e-31,5.216221553531442e-31,False,,29492,25045,2,1093,69
fix_A3,3,24,8.785749999204078e-32,8.785749999204078e-32,False,,29742,25085,2,1096,69
fix_A3,3,25,6.149648017431017e-29,6.149648017431017e-29,False,,29580,25085,2,1090,69
fix_A3,3,26,3.487274097824924e-30,3.487274097824924e-30,False,,29711,25100,2,1093,69
fix_A3,3,27,1.933258874930662e-32,1.933258874930662e-32,False,,29754,25185,2,1091,69
fix_A3,3,28,1.84073293662935e-33,1.84073293662935e-33,False,,29537,25025,2,1094,69
fix_A3,3,29,3.079879614059325e-34,3.079879614059325e-34,False,,29602,25020,2,1096,69
fix_A3,3,30,9.651301012590284e-42,9.651301012590284e-42,False,,29844,25140,2,211,69
fix_A3,4,1,4.332898383046931e-18,4.332898383046931e-18,False,,29622,25000,2,1099,69
fix_A3,4,2,5.5232080178790894e-17,5.5232080178790894e-17,False,,29276,25005,2,1090,69
fix_A3,4,3,3.061228936377947e-21,3.061228936377947e-21,False,,29805,25005,2,214,69
fix_A3,4,4,6.660274758949058e-22,6.660274758949058e-22,False,,29961,25175,2,214,69
fix_A3,4,5,4.676609482502023e-19,4.676609482502023e-19,False,,29695,25125,2,1098,69
fix_A3,4,6,9.800239821007381e-24,9.800239821007381e-24,False,,29905,25045,2,215,69
fix_A3,4,7,1.2338286902775824e-17,1.2338286902775824e-17,False,,29533,25070,2,1094,69
fix_A3,4,8,2.0285809047662686e-16,2.0285809047662686e-16,False,,29483,25150,2,1091,69
fix_A3,4,9,1.211691273347685e-21,1.211691273347685e-21,False,,29888,25070,2,214,69
fix_A3,4,10,2.7337774334813174e-18,2.7337774334813174e-18,False,,29500,25065,2,1094,69
fix_A3,4,11,7.488047391174425e-19,7.488047391174425e-19,False,,29929,25370,2,1099,69
fix_A3,4,12,4.7437196354802833e-17,4.7437196354802833e-17,False,,29575,25040,2,1098,69
fix_A3,4,13,9.441772233774813e-23,9.441772233774813e-23,False,,30019,25080,2,218,69
fix_A3,4,14,1.6389150046416872e-21,1.6389150046416872e-21,False,,29912,25155,2,213,69
fix_A3,4,15,1.817061629725415e-20,1.817061629725415e-20,False,,29694,25030,2,1105,69
fix_A3,4,16,1.2816022435341095e-18,1.2816022435341095e-18,False,,29782,25195,2,1099,69
fix_A3,4,17,1.8292374219027816e-18,1.8292374219027816e-18,False,,29428,25035,2,1093,69
fix_A3,4,18,7.440485493569255e-20,7.440485493569255e-20,False,,29621,25030,2,1101,69
fix_A3,4,19,2.2324991921650143e-18,2.2324991921650143e-18,False,,29598,25135,2,1094,69
fix_A3,4,20,1.772935500378182e-16,1.772935500378182e-16,False,,29527,25085,2,1094,69
fix_A3,4,21,9.73874715508006e-17,9.73874715508006e-17,False,,29419,25165,2,1089,69
fix_A3,4,22,4.803343827379059e-18,4.803343827379059e-18,False,,29756,25380,2,1092,69
fix_A3,4,23,3.197885967791163e-17,3.197885967791163e-17,False,,29615,25050,2,1101,69
fix_A3,4,24,5.064726333499733e-18,5.064726333499733e-18,False,,29468,25080,2,1093,69
fix_A3,4,25,7.933978361716922e-24,7.933978361716922e-24,False,,30287,25150,2,231,69
fix_A3,4,26,7.369700647997628e-20,7.369700647997628e-20,False,,29648,25170,2,1094,69
fix_A3,4,27,8.618792335902147e-18,8.618792335902147e-18,False,,29646,25125,2,1098,69
fix_A3,4,28,1.4194403802452707e-22,1.4194403802452707e-22,False,,29971,25145,2,217,69
fix_A3,4,29,2.769620472195048e-21,2.769620472195048e-21,False,,29942,25015,2,218,69
fix_A3,4,30,2.945537107877239e-22,2.945537107877239e-22,False,,30137,25120,2,222,69
fix_A3,5,1,47.67722246161489,47.67722246161489,False,,30159,25015,2,430,69
fix_A3,5,2,47.33439930765543,47.33439930765543,False,,29709,25010,2,1154,69
fix_A3,5,3,46.68157320763079,46.68157320763079,False,,29748,25015,2,1170,69
fix_A3,5,4,47.49921040237469,47.49921040237469,False,,29747,25005,2,1180,69
fix_A3,5,5,47.29070123984037,47.29070123984037,False,,29725,25000,2,1196,69
fix_A3,5,6,47.41862186619639,47.41862186619639,False,,29743,25025,2,1142,69
fix_A3,5,7,47.0304259827324,47.0304259827324,False,,30151,25015,2,585,69
fix_A3,5,8,46.95393371751878,46.95393371751878,False,,30138,25000,2,486,69
fix_A3,5,9,46.970758470153214,46.970758470153214,False,,30140,25000,2,445,69
fix_A3,5,10,47.740433538052606,47.740433538052606,False,,29823,25085,2,1131,69
fix_A3,5,11,46.92763871013054,46.92763871013054,False,,30194,25015,2,532,69
fix_A3,5,12,47.238548989844084,47.238548989844084,False,,29721,25000,2,1196,69
fix_A3,5,13,47.453182687795156,47.453182687795156,False,,30069,25010,2,478,69
fix_A3,5,14,47.08981907625786,47.08981907625786,False,,29646,25000,2,1182,69
fix_A3,5,15,46.90577766575294,46.90577766575294,False,,29664,25015,2,1198,69
fix_A3,5,16,47.215409231856114,47.215409231856114,False,,29697,25035,2,1146,69
fix_A3,5,17,47.36381537583438,47.36381537583438,False,,29634,25065,2,1132,69
fix_A3,5,18,47.45274297871771,47.45274297871771,False,,29602,25000,2,1139,69
fix_A3,5,19,47.221924263784835,47.221924263784835,False,,29702,25015,2,1245,69
fix_A3,5,20,46.92941926907937,46.92941926907937,False,,30102,25010,2,381,69
fix_A3,5,21,47.16196759550812,47.16196759550812,False,,29601,25025,2,1124,69
fix_A3,5,22,47.62021498849977,47.62021498849977,False,,29713,25010,2,1305,69
fix_A3,5,23,48.31186339116603,48.31186339116603,False,,30143,25015,2,464,69
fix_A3,5,24,47.38426636957977,47.38426636957977,False,,29736,25015,2,1143,69
fix_A3,5,25,47.22834160603126,47.22834160603126,False,,30194,25015,2,479,69
fix_A3,5,26,47.61449578945097,47.61449578945097,False,,29699,25005,2,1171,69
fix_A3,5,27,46.963072986692666,46.963072986692666,False,,29714,25025,2,1159,69
fix_A3,5,28,46.86432071702561,46.86432071702561,False,,29664,25000,2,1158,69
fix_A3,5,29,47.5288057184405,47.5288057184405,False,,29672,25005,2,1243,69
fix_A3,5,30,46.52149116868931,46.52149116868931,False,,30191,25010,2,455,69
fix_A3,6,1,0.0,0.0,True,,5887,5150,2,1001,39
fix_A3,6,2,0.0,0.0,True,,7606,6585,2,1008,69
fix_A3,6,3,0.0,0.0,True,,2605,2035,2,108,69
fix_A3,6,4,0.0,0.0,True,,7571,6570,2,1007,69
fix_A3,6,5,0.0,0.0,True,,6863,5965,2,1005,69
fix_A3,6,6,0.0,0.0,True,,944,650,2,101,39
fix_A3,6,7,0.0,0.0,True,,7376,6380,2,1007,69
fix_A3,6,8,0.0,0.0,True,,2864,2260,2,109,69
fix_A3,6,9,0.0,0.0,True,,8303,7130,2,1011,69
fix_A3,6,10,0.0,0.0,True,,7587,6575,2,1008,69
fix_A3,6,11,0.0,0.0,True,,7883,6785,2,1009,69
fix_A3,6,12,0.0,0.0,True,,6825,5945,2,1005,69
fix_A3,6,13,0.0,0.0,True,,6145,5380,2,1002,69
fix_A3,6,14,0.0,0.0,True,,6817,5920,2,1005,69
fix_A3,6,15,0.0,0.0,True,,7771,6760,2,1008,69
fix_A3,6,16,0.0,0.0,True,,3052,2415,2,110,69
fix_A3,6,17,0.0,0.0,True,,7814,6760,2,1009,69
fix_A3,6,18,0.0,0.0,True,,8054,6960,2,1010,69
fix_A3,6,19,0.0,0.0,True,,2790,2185,2,109,69
fix_A3,6,20,0.0,0.0,True,,7598,6575,2,1008,69
fix_A3,6,21,0.0,0.0,True,,8264,7170,2,1010,69
fix_A3,6,22,0.0,0.0,True,,6621,5780,2,1004,69
fix_A3,6,23,0.0,0.0,True,,6810,5910,2,1005,69
fix_A3,6,24,0.0,0.0,True,,6841,5955,2,1005,69
fix_A3,6,25,0.0,0.0,True,,2167,1700,2,105,69
fix_A3,6,26,0.0,0.0,True,,7324,6340,2,1007,69
fix_A3,6,27,0.0,0.0,True,,8098,6995,2,1010,69
fix_A3,6,28,0.0,0.0,True,,7099,6170,2,1006,69
fix_A3,6,29,0.0,0.0,True,,8206,7135,2,1010,69
fix_A3,6,30,0.0,0.0,True,,7618,6590,2,1008,69
fix_A3,7,1,5.823773234049432e-05,0.43742467593859014,False,,29523,25270,2,199,69
fix_A3,7,2,1.2902039605336691e-05,0.04080350498792871,False,,29253,25045,2,198,69
fix_A3,7,3,0.00022180536865459068,0.37733384907958234,False,,29480,25200,2,1077,69
fix_A3,7,4,0.00021273475654864642,0.49780159225167603,False,,29283,25070,2,198,69
fix_A3,7,5,0.00017845110134133608,0.33291941720821444,False,,29600,25300,2,200,69
fix_A3,7,6,0.0006498412620299799,0.5064065297638358,False,,29440,25000,2,1081,69
fix_A3,7,7,0.0001228124779791946,0.17830399904593586,False,,29259,25050,2,198,69
fix_A3,7,8,0.00014587211807515454,0.03563898327953019,False,,29280,25100,2,197,69
fix_A3,7,9,0.00012765206750327092,0.25184382873652417,False,,29280,25100,2,197,69
fix_A3,7,10,0.00027645193743062974,0.5677180386752146,False,,29280,25100,2,197,69
fix_A3,7,11,6.293952353796377e-05,0.6287052625399553,False,,29639,25100,2,1084,69
fix_A3,7,12,9.5177300065525e-05,0.7122744387129333,False,,29311,25060,2,199,69
fix_A3,7,13,0.00010306178855843716,0.6416145844425708,False,,29529,25045,2,206,69
fix_A3,7,14,0.0002577228001174659,0.41361315575386115,False,,29295,25080,2,198,69
fix_A3,7,15,0.00026750363518702216,0.9026502156839714,False,,29440,25300,2,196,69
fix_A3,7,16,0.00014466362699070917,0.9327821924130051,False,,29240,25100,2,196,69
fix_A3,7,17,0.0003809696684620269,0.1717984818634143,False,,29320,25100,2,198,69
fix_A3,7,18,0.0001689042095986557,0.02779702967297655,False,,29280,25100,2,197,69
fix_A3,7,19,0.0002318455852504971,0.47582658638478853,False,,29286,25040,2,199,69
fix_A3,7,20,0.0001592538137955757,0.16554330689448918,False,,29317,25065,2,199,69
fix_A3,7,21,0.00022889172038837916,0.9781375463895841,False,,29347,25090,2,199,69
fix_A3,7,22,0.0005232939413002221,0.00016428966899038465,False,,29271,25060,2,198,69
fix_A3,7,23,0.0002135062401881848,0.6150991555535779,False,,29280,25100,2,197,69
fix_A3,7,24,0.0003463436071292451,0.6903162846634788,False,,29261,25085,2,197,69
fix_A3,7,25,0.00040762900972969026,0.9884884486491964,False,,29627,25190,2,1081,69
fix_A3,7,26,0.00018652506019810997,0.6079982841657992,False,,29320,25100,2,198,69
fix_A3,7,27,0.00016069287153101938,0.5168705171900835,False,,29240,25035,2,198,69
fix_A3,7,28,0.00028806907911126686,0.4981598967600578,False,,29520,25300,2,198,69
fix_A3,7,29,0.0004384099000559219,0.926476494611152,False,,29529,25275,2,199,69
fix_A3,7,30,0.000273789793239567,0.06679181487441234,False,,29467,25290,2,197,69
fix_A3,8,1,-15026.380466892793,-15026.380466892793,False,,30055,25035,2,270,69
fix_A3,8,2,-20948.34867087326,-20948.34867087326,False,,29576,25020,2,212,69
fix_A3,8,3,-15026.767494672366,-15026.767494672366,False,,29955,25010,2,270,69
fix_A3,8,4,-15027.21640231974,-15027.21640231974,False,,30009,25045,2,258,69
fix_A3,8,5,-15027.172573756809,-15027.172573756809,False,,29985,25025,2,253,69
fix_A3,8,6,-15027.149145951205,-15027.149145951205,False,,30016,25010,2,381,69
fix_A3,8,7,-20600.623920273294,-20600.623920273294,False,,29430,25000,2,206,69
fix_A3,8,8,-20802.33270229577,-20802.33270229577,False,,30014,25030,2,246,69
fix_A3,8,9,-15026.948556248683,-15026.948556248683,False,,30083,25015,2,395,69
fix_A3,8,10,-20947.706721895738,-20947.706721895738,False,,29573,25065,2,1098,69
fix_A3,8,11,-15027.183673880838,-15027.183673880838,False,,29910,25010,2,245,69
fix_A3,8,12,-15027.21563833806,-15027.21563833806,False,,30057,25000,2,334,69
fix_A3,8,13,-15027.014271049411,-15027.014271049411,False,,29919,25005,2,306,69
fix_A3,8,14,-15739.371828579591,-15739.371828579591,False,,29145,25100,2,194,69
fix_A3,8,15,-15027.138763048708,-15027.138763048708,False,,29644,25065,2,1109,69
fix_A3,8,16,-17783.055518469093,-17783.055518469093,False,,29603,25045,2,210,69
fix_A3,8,17,-20857.88511879193,-20857.88511879193,False,,29569,25010,2,213,69
fix_A3,8,18,-15027.097303008748,-15027.097303008748,False,,29832,25095,2,1112,69
fix_A3,8,19,-20869.035748176506,-20869.035748176506,False,,29797,25135,2,213,69
fix_A3,8,20,-17831.679222820803,-17831.679222820803,False,,29232,25145,2,1082,69
fix_A3,8,21,-15026.448882631874,-15026.448882631874,False,,30112,25065,2,255,69
fix_A3,8,22,-17968.06913639471,-17968.06913639471,False,,29878,25070,2,220,69
fix_A3,8,23,-15026.93070454123,-15026.93070454123,False,,30159,25005,2,409,69
fix_A3,8,24,-16606.57590637768,-16606.57590637768,False,,29228,25100,2,196,69
fix_A3,8,25,-15026.417130052676,-15026.417130052676,False,,29979,25020,2,279,69
fix_A3,8,26,-15024.204530417876,-15024.204530417876,False,,30146,25000,2,356,69
fix_A3,8,27,-15027.198480048753,-15027.198480048753,False,,30101,25020,2,277,69
fix_A3,8,28,-17948.73507246136,-17948.73507246136,False,,29682,25015,2,221,69
fix_A3,8,29,-17881.449184060017,-17881.449184060017,False,,29678,25075,2,213,69
fix_A3,8,30,-17643.747199320238,-17643.747199320238,False,,29275,25020,2,1089,69
fix_A3,9,1,0.0,0.0,True,,16040,13625,2,1044,69
fix_A3,9,2,0.0,0.0,True,,15332,13030,2,1040,69
fix_A3,9,3,0.0,0.0,True,,16180,13660,2,1044,69
fix_A3,9,4,0.0,0.0,True,,10733,8795,2,142,69
fix_A3,9,5,0.0,0.0,True,,16561,14165,2,1041,69
fix_A3,9,6,0.0,0.0,True,,18234,15715,2,1046,69
fix_A3,9,7,0.0,0.0,True,,15786,13540,2,1038,69
fix_A3,9,8,0.0,0.0,True,,15365,13135,2,1038,69
fix_A3,9,9,0.0,0.0,True,,15687,13395,2,1038,69
fix_A3,9,10,0.0,0.0,True,,15670,13390,2,1039,69
fix_A3,9,11,0.0,0.0,True,,15698,13315,2,1040,69
fix_A3,9,12,0.0,0.0,True,,17226,14680,2,1045,69
fix_A3,9,13,0.0,0.0,True,,16621,14190,2,1044,69
fix_A3,9,14,0.0,0.0,True,,15664,13335,2,1041,69
fix_A3,9,15,0.0,0.0,True,,12806,10625,2,148,69
fix_A3,9,16,0.0,0.0,True,,16235,13785,2,1042,69
fix_A3,9,17,0.0,0.0,True,,16493,14000,2,1045,69
fix_A3,9,18,0.0,0.0,True,,15678,13295,2,1044,69
fix_A3,9,19,0.0,0.0,True,,16290,13855,2,1043,69
fix_A3,9,20,0.0,0.0,True,,17207,14655,2,1046,69
fix_A3,9,21,0.0,0.0,True,,16759,14325,2,1043,69
fix_A3,9,22,0.0,0.0,True,,9521,8165,2,1015,69
fix_A3,9,23,0.0,0.0,True,,16479,14195,2,1039,69
fix_A3,9,24,0.0,0.0,True,,15986,13690,2,1040,69
fix_A3,9,25,0.0,0.0,True,,12075,9980,2,146,69
fix_A3,9,26,0.0,0.0,True,,16419,13985,2,1042,69
fix_A3,9,27,0.0,0.0,True,,15611,13365,2,1038,69
fix_A3,9,28,0.0,0.0,True,,10439,8550,2,141,69
fix_A3,9,29,0.0,0.0,True,,15742,13460,2,1040,69
fix_A3,9,30,0.0,0.0,True,,16006,13660,2,1041,69
fix_A3,10,1,4.440892098500626e-16,4.440892098500626e-16,False,,29637,25395,2,212,69
fix_A3,10,2,4.440892098500626e-16,4.440892098500626e-16,False,,29479,25120,2,1095,69
fix_A3,10,3,4.440892098500626e-16,4.440892098500626e-16,False,,29408,25025,2,1093,69
fix_A3,10,4,4.440892098500626e-16,4.440892098500626e-16,False,,29715,25360,2,214,69
fix_A3,10,5,4.440892098500626e-16,4.440892098500626e-16,False,,29296,25015,2,1093,69
fix_A3,10,6,4.440892098500626e-16,4.440892098500626e-16,False,,29402,25015,2,1095,69
fix_A3,10,7,4.440892098500626e-16,4.440892098500626e-16,False,,29663,25365,2,1091,69
fix_A3,10,8,4.440892098500626e-16,4.440892098500626e-16,False,,29693,25335,2,1092,69
fix_A3,10,9,4.440892098500626e-16,4.440892098500626e-16,False,,29589,25155,2,1096,69
fix_A3,10,10,4.440892098500626e-16,4.440892098500626e-16,False,,29668,25245,2,1096,69
fix_A3,10,11,4.440892098500626e-16,4.440892098500626e-16,False,,29252,25060,2,205,69
fix_A3,10,12,4.440892098500626e-16,4.440892098500626e-16,False,,29594,25350,2,1089,69
fix_A3,10,13,4.440892098500626e-16,4.440892098500626e-16,False,,29350,25045,2,1092,69
fix_A3,10,14,4.440892098500626e-16,4.440892098500626e-16,False,,29493,25080,2,1094,69
fix_A3,10,15,4.440892098500626e-16,4.440892098500626e-16,False,,29595,25175,2,1096,69
fix_A3,10,16,4.440892098500626e-16,4.440892098500626e-16,False,,29285,25175,2,208,69
fix_A3,10,17,4.440892098500626e-16,4.440892098500626e-16,False,,29389,25135,2,1090,69
fix_A3,10,18,4.440892098500626e-16,4.440892098500626e-16,False,,29612,25210,2,1096,69
fix_A3,10,19,4.440892098500626e-16,4.440892098500626e-16,False,,29741,25250,2,1095,69
fix_A3,10,20,4.440892098500626e-16,4.440892098500626e-16,False,,29386,25110,2,212,69
fix_A3,10,21,4.440892098500626e-16,4.440892098500626e-16,False,,29459,25110,2,1092,69
fix_A3,10,22,4.440892098500626e-16,4.440892098500626e-16,False,,29464,25225,2,209,69
fix_A3,10,23,4.440892098500626e-16,4.440892098500626e-16,False,,29345,25010,2,1094,69
fix_A3,10,24,4.440892098500626e-16,4.440892098500626e-16,False,,29298,25070,2,205,69
fix_A3,10,25,4.440892098500626e-16,4.440892098500626e-16,False,,29598,25170,2,1093,69
fix_A3,10,26,4.440892098500626e-16,4.440892098500626e-16,False,,29348,25075,2,1090,69
fix_A3,10,27,4.440892098500626e-16,4.440892098500626e-16,False,,29262,25070,2,207,69
fix_A3,10,28,4.440892098500626e-16,4.440892098500626e-16,False,,29523,25145,2,1094,69
fix_A3,10,29,4.440892098500626e-16,4.440892098500626e-16,False,,29361,25070,2,1092,69
fix_A3,10,30,4.440892098500626e-16,4.440892098500626e-16,False,,29432,25095,2,1092,69
fix_A3,11,1,0.0,0.0,True,,18259,15575,2,1049,69
fix_A3,11,2,0.0,0.0,True,,18236,15575,2,1048,69
fix_A3,11,3,0.0,0.0,True,,16288,13915,2,1041,69
fix_A3,11,4,0.0,0.0,True,,17941,15345,2,1046,69
fix_A3,11,5,0.0,0.0,True,,17397,14925,2,1044,69
fix_A3,11,6,0.0,0.0,True,,12256,10160,2,146,69
fix_A3,11,7,0.0,0.0,True,,16299,13835,2,1044,69
fix_A3,11,8,0.0,0.0,True,,18145,15485,2,1049,69
fix_A3,11,9,0.0,0.0,True,,16767,14300,2,1043,69
fix_A3,11,10,0.0,0.0,True,,17014,14405,2,1048,69
fix_A3,11,11,0.0,0.0,True,,18216,15480,2,1050,69
fix_A3,11,12,0.0,0.0,True,,12433,10250,2,148,69
fix_A3,11,13,0.0,0.0,True,,12616,10470,2,147,69
fix_A3,11,14,0.0,0.0,True,,16933,14475,2,1044,69
fix_A3,11,15,0.0,0.0,True,,15489,13170,2,1040,69
fix_A3,11,16,0.0,0.0,True,,16575,14170,2,1042,69
fix_A3,11,17,0.0,0.0,True,,16557,14065,2,1045,69
fix_A3,11,18,0.0,0.0,True,,12571,10430,2,147,69
fix_A3,11,19,0.0,0.0,True,,17821,15190,2,1047,69
fix_A3,11,20,0.0,0.0,True,,12545,10405,2,147,69
fix_A3,11,21,0.0,0.0,True,,12747,10640,2,146,69
fix_A3,11,22,0.0,0.0,True,,15083,12915,2,1037,69
fix_A3,11,23,0.0,0.0,True,,17291,14685,2,1047,69
fix_A3,11,24,0.0,0.0,True,,17769,15110,2,1049,69
fix_A3,11,25,0.0,0.0,True,,17942,15260,2,1049,69
fix_A3,11,26,0.0,0.0,True,,17028,14450,2,1047,69
fix_A3,11,27,0.0,0.0,True,,18340,15680,2,1049,69
fix_A3,11,28,0.0,0.0,True,,16872,14365,2,1045,69
fix_A3,11,29,0.0,0.0,True,,13718,11450,2,150,69
fix_A3,11,30,0.0,0.0,True,,16734,14305,2,1043,69
fix_A3,12,1,5.717025007653771e-05,5.717025007653771e-05,False,,30178,25000,2,585,69
fix_A3,12,2,1.37113851567526e-05,1.37113851567526e-05,False,,30112,25010,2,543,69
fix_A3,12,3,0.003387371579442255,0.003387371579442255,False,,29739,25005,2,1271,69
fix_A3,12,4,0.0020928765646004515,0.0020928765646004515,False,,29667,25005,2,1144,69
fix_A3,12,5,0.001399657938988094,0.001399657938988094,False,,30200,25015,2,610,69
fix_A3,12,6,0.00020654905339825402,0.00020654905339825402,False,,29714,25010,2,1232,69
fix_A3,12,7,0.010141655896687194,0.010141655896687194,False,,30175,25000,2,627,69
fix_A3,12,8,0.0006020092178942332,0.0006020092178942332,False,,29737,25020,2,1133,69
fix_A3,12,9,0.004280227307843404,0.004280227307843404,False,,29712,25000,2,1266,69
fix_A3,12,10,0.0007192031676196962,0.0007192031676196962,False,,29657,25020,2,1125,69
fix_A3,12,11,9.730545610305903e-05,9.730545610305903e-05,False,,29781,25015,2,1151,69
fix_A3,12,12,0.0003875888859470638,0.0003875888859470638,False,,29710,25000,2,1291,69
fix_A3,12,13,1.0391589242249665e-05,1.0391589242249665e-05,False,,30133,25000,2,555,69
fix_A3,12,14,0.001354069146770999,0.001354069146770999,False,,29783,25050,2,1135,69
fix_A3,12,15,0.00044730226201157304,0.00044730226201157304,False,,29761,25015,2,1303,69
fix_A3,12,16,0.0001293360752201861,0.0001293360752201861,False,,30155,25015,2,569,69
fix_A3,12,17,2.4887630435382813e-05,2.4887630435382813e-05,False,,30179,25005,2,608,69
fix_A3,12,18,0.0010412158105694486,0.0010412158105694486,False,,29722,25005,2,1196,69
fix_A3,12,19,4.458006248802473e-05,4.458006248802473e-05,False,,30188,25010,2,695,69
fix_A3,12,20,0.005901165657922418,0.005901165657922418,False,,29698,25010,2,1347,69
fix_A3,12,21,0.0024808828138011764,0.0024808828138011764,False,,29749,25025,2,1142,69
fix_A3,12,22,0.009429969423083223,0.009429969423083223,False,,29715,25000,2,1348,69
fix_A3,12,23,0.004237043659734965,0.004237043659734965,False,,29731,25005,2,1274,69
fix_A3,12,24,0.00012496644720521338,0.00012496644720521338,False,,30132,25000,2,584,69
fix_A3,12,25,0.0014367103174200398,0.0014367103174200398,False,,29770,25015,2,1274,69
fix_A3,12,26,0.00019514623169555295,0.00019514623169555295,False,,29706,25015,2,1164,69
fix_A3,12,27,0.0005909772869066176,0.0005909772869066176,False,,29732,25005,2,1316,69
fix_A3,12,28,0.0006333647892957294,0.0006333647892957294,False,,29678,25010,2,1175,69
fix_A3,12,29,0.0017860168748525232,0.0017860168748525232,False,,29684,25015,2,1193,69
fix_A3,12,30,0.0021504771607096847,0.0021504771607096847,False,,29747,25010,2,1240,69
fix_A3,13,1,0.0007936020495273393,0.0007936020495273393,False,,30137,25000,2,440,69
fix_A3,13,2,0.004045561767331529,0.004045561767331529,False,,29646,25000,2,1174,69
fix_A3,13,3,0.0045849791624312936,0.0045849791624312936,False,,29761,25010,2,1150,69
fix_A3,13,4,0.04454078883757803,0.04454078883757803,False,,29783,25025,2,1145,69
fix_A3,13,5,0.005148871876033755,0.005148871876033755,False,,29660,25010,2,1164,69
fix_A3,13,6,0.02060341135488737,0.02060341135488737,False,,29701,25005,2,1227,69
fix_A3,13,7,0.00011983147502467685,0.00011983147502467685,False,,30091,25000,2,379,69
fix_A3,13,8,0.00411342884147939,0.00411342884147939,False,,29736,25010,2,1215,69
fix_A3,13,9,0.1574345499681831,0.1574345499681831,False,,30191,25015,2,562,69
fix_A3,13,10,0.1449365261229487,0.1449365261229487,False,,30182,25000,2,583,69
fix_A3,13,11,0.07364431752138649,0.07364431752138649,False,,29777,25015,2,1219,69
fix_A3,13,12,0.016169262535734613,0.016169262535734613,False,,29724,25045,2,1150,69
fix_A3,13,13,0.08140678851788866,0.08140678851788866,False,,30191,25015,2,582,69
fix_A3,13,14,0.0415916301451823,0.0415916301451823,False,,29737,25010,2,1334,69
fix_A3,13,15,0.06150109912226359,0.06150109912226359,False,,29704,25050,2,1114,69
fix_A3,13,16,0.0020962055915975286,0.0020962055915975286,False,,29705,25010,2,1205,69
fix_A3,13,17,0.0008303597682649003,0.0008303597682649003,False,,30189,25015,2,551,69
fix_A3,13,18,0.26089017937116593,0.26089017937116593,False,,29738,25015,2,1250,69
fix_A3,13,19,0.014021546046656275,0.014021546046656275,False,,29705,25000,2,1209,69
fix_A3,13,20,0.14075207145531546,0.14075207145531546,False,,29690,25010,2,1147,69
fix_A3,13,21,0.03856212941755502,0.03856212941755502,False,,29743,25010,2,1220,69
fix_A3,13,22,0.01123790210840085,0.01123790210840085,False,,30192,25010,2,569,69
fix_A3,13,23,0.06783546395712528,0.06783546395712528,False,,30171,25000,2,608,69
fix_A3,13,24,0.07455780726107177,0.07455780726107177,False,,29654,25010,2,1192,69
fix_A3,13,25,0.03146308089528926,0.03146308089528926,False,,29771,25025,2,1159,69
fix_A3,13,26,0.017098173076217787,0.017098173076217787,False,,29696,25005,2,1234,69
fix_A3,13,27,0.03553216554085805,0.03553216554085805,False,,29743,25015,2,1233,69
fix_A3,13,28,0.0029329712708330118,0.0029329712708330118,False,,29625,25000,2,1183,69
fix_A3,13,29,0.0064039633140387025,0.0064039633140387025,False,,29675,25075,2,1118,69
fix_A3,13,30,0.0003363697491453488,0.0003363697491453488,False,,30078,25015,2,507,69
fix_A3,14,1,nan,,False,F14 matches no case in the published switch,1,0,1,0,0
fix_A3,14,2,nan,,False,F14 matches no case in the published switch,1,0,1,0,0
fix_A3,14,3,nan,,False,F14 matches no case in the published switch,1,0,1,0,0
fix_A3,14,4,nan,,False,F14 matches no case in the published switch,1,0,1,0,0
fix_A3,14,5,nan,,False,F14 matches no case in the published switch,1,0,1,0,0
fix_A3,14,6,nan,,False,F14 matches no case in the published switch,1,0,1,0,0
fix_A3,14,7,nan,,False,F14 matches no case in the published switch,1,0,1,0,0
fix_A3,14,8,nan,,False,F14 matches no case in the published switch,1,0,1,0,0
fix_A3,14,9,nan,,False,F14 matches no case in the published switch,1,0,1,0,0
fix_A3,14,10,nan,,False,F14 matches no case in the published switch,1,0,1,0,0
fix_A3,14,11,nan,,False,F14 matches no case in the published switch,1,0,1,0,0
fix_A3,14,12,nan,,False,F14 matches no case in the published switch,1,0,1,0,0
fix_A3,14,13,nan,,False,F14 matches no case in the published switch,1,0,1,0,0
fix_A3,14,14,nan,,False,F14 matches no case in the published switch,1,0,1,0,0
fix_A3,14,15,nan,,False,F14 matches no case in the published switch,1,0,1,0,0
fix_A3,14,16,nan,,False,F14 matches no case in the published switch,1,0,1,0,0
fix_A3,14,17,nan,,False,F14 matches no case in the published switch,1,0,1,0,0
fix_A3,14,18,nan,,False,F14 matches no case in the published switch,1,0,1,0,0
fix_A3,14,19,nan,,False,F14 matches no case in the published switch,1,0,1,0,0
fix_A3,14,20,nan,,False,F14 matches no case in the published switch,1,0,1,0,0
fix_A3,14,21,nan,,False,F14 matches no case in the published switch,1,0,1,0,0
fix_A3,14,22,nan,,False,F14 matches no case in the published switch,1,0,1,0,0
fix_A3,14,23,nan,,False,F14 matches no case in the published switch,1,0,1,0,0
fix_A3,14,24,nan,,False,F14 matches no case in the published switch,1,0,1,0,0
fix_A3,14,25,nan,,False,F14 matches no case in the published switch,1,0,1,0,0
fix_A3,14,26,nan,,False,F14 matches no case in the published switch,1,0,1,0,0
fix_A3,14,27,nan,,False,F14 matches no case in the published switch,1,0,1,0,0
fix_A3,14,28,nan,,False,F14 matches no case in the published switch,1,0,1,0,0
fix_A3,14,29,nan,,False,F14 matches no case in the published switch,1,0,1,0,0
fix_A3,14,30,nan,,False,F14 matches no case in the published switch,1,0,1,0,0
fix_A3,15,1,0.00030748598780560573,0.00030748598780560573,False,,30228,25040,2,243,69
fix_A3,15,2,0.0003074859878056682,0.0003074859878056682,False,,30217,25160,2,228,69
fix_A3,15,3,0.0003075206196139998,0.0003075206196139998,False,,29570,25000,2,1110,69
fix_A3,15,4,0.0003074860098155627,0.0003074860098155627,False,,29853,25125,2,1119,69
fix_A3,15,5,0.00030748598780560524,0.00030748598780560524,False,,30180,25000,2,241,69
fix_A3,15,6,0.00030748598780561067,0.00030748598780561067,False,,30209,25060,2,243,69
fix_A3,15,7,0.0003074859878056076,0.0003074859878056076,False,,30288,25165,2,232,69
fix_A3,15,8,0.00030748598808091795,0.00030748598808091795,False,,30224,25030,2,285,69
fix_A3,15,9,0.0003074859878056741,0.0003074859878056741,False,,30157,25015,2,239,69
fix_A3,15,10,0.00030748598780560557,0.00030748598780560557,False,,30197,25020,2,232,69
fix_A3,15,11,0.0003074859878056156,0.0003074859878056156,False,,30207,25015,2,253,69
fix_A3,15,12,0.0003074859878073538,0.0003074859878073538,False,,30231,25070,2,229,69
fix_A3,15,13,0.0003074859878553238,0.0003074859878553238,False,,30264,25075,2,248,69
fix_A3,15,14,0.0003074859889516506,0.0003074859889516506,False,,30156,25005,2,239,69
fix_A3,15,15,0.0003074859878056614,0.0003074859878056614,False,,30188,25105,2,230,69
fix_A3,15,16,0.00030748613626598183,0.00030748613626598183,False,,30135,25095,2,225,69
fix_A3,15,17,0.000307485987805605,0.000307485987805605,False,,30143,25000,2,248,69
fix_A3,15,18,0.00030748598781721824,0.00030748598781721824,False,,30025,25145,2,1107,69
fix_A3,15,19,0.0003074859878056097,0.0003074859878056097,False,,30239,25040,2,267,69
fix_A3,15,20,0.00030748598780560703,0.00030748598780560703,False,,30254,25095,2,234,69
fix_A3,15,21,0.0003074859878064832,0.0003074859878064832,False,,30230,25035,2,261,69
fix_A3,15,22,0.00030748598780560665,0.00030748598780560665,False,,30335,25125,2,241,69
fix_A3,15,23,0.00030748598780560665,0.00030748598780560665,False,,30236,25075,2,236,69
fix_A3,15,24,0.0003074859878056054,0.0003074859878056054,False,,30211,25025,2,241,69
fix_A3,15,25,0.00030748598781348284,0.00030748598781348284,False,,30183,25000,2,318,69
fix_A3,15,26,0.0003074859878657732,0.0003074859878657732,False,,30118,25020,2,247,69
fix_A3,15,27,0.000307485989183275,0.000307485989183275,False,,30296,25100,2,257,69
fix_A3,15,28,0.00030748706437968437,0.00030748706437968437,False,,29905,25120,2,1118,69
fix_A3,15,29,0.0003074859878056062,0.0003074859878056062,False,,30221,25095,2,238,69
fix_A3,15,30,0.000307485987805609,0.000307485987805609,False,,30179,25030,2,226,69
fix_A3,16,1,12.670505811135614,-0.0007708745574668512,False,,29131,25070,2,200,69
fix_A3,16,2,12.67050581113591,0.0007731800932052553,False,,29136,25195,2,201,69
fix_A3,16,3,12.670505811135614,-0.0007712276407698058,False,,29007,25090,2,198,69
fix_A3,16,4,12.67050581113564,-0.0007681916493623477,False,,29457,25365,2,203,69
fix_A3,16,5,12.670505811135614,-0.0007717308367583556,False,,29027,25100,2,198,69
fix_A3,16,6,12.670505811135852,-0.0007706097165254984,False,,28969,25170,2,1081,69
fix_A3,16,7,12.670505811135614,-0.000770219067409659,False,,29104,25120,2,201,69
fix_A3,16,8,12.670505811135614,-0.000771302769394749,False,,29395,25145,2,204,69
fix_A3,16,9,12.670505811135554,0.0007728417735611972,False,,28853,25100,2,197,69
fix_A3,16,10,12.670505811135767,-0.000746068521489494,False,,28912,25070,2,198,69
fix_A3,16,11,12.670505811135605,0.0007909002761521139,False,,29029,25065,2,197,69
fix_A3,16,12,12.67050581113591,0.0007742633267889289,False,,29109,25185,2,201,69
fix_A3,16,13,12.670505811135554,0.0007725172416037943,False,,29111,25275,2,198,69
fix_A3,16,14,12.670505811135852,-0.0007703583418949083,False,,28876,25105,2,1081,69
fix_A3,16,15,12.670505811135554,0.0007712208582713416,False,,28972,25025,2,200,69
fix_A3,16,16,12.670505811135614,-0.0007704169004600071,False,,28998,25085,2,197,69
fix_A3,16,17,12.670505811135554,0.00077407156642297,False,,28922,25035,2,199,69
fix_A3,16,18,12.670505811135554,0.000772713291530148,False,,28669,25000,2,1079,69
fix_A3,16,19,12.670505811135856,-0.0007710676582902278,False,,29012,25020,2,202,69
fix_A3,16,20,12.670505811135575,0.0007581458554562008,False,,29161,25275,2,197,69
fix_A3,16,21,12.67050581113591,0.0007740764465183218,False,,29181,25270,2,200,69
fix_A3,16,22,12.670505811135653,-0.0007528609332144072,False,,29377,25380,2,202,69
fix_A3,16,23,12.670505811135614,-0.0007722776502589305,False,,29250,25190,2,201,69
fix_A3,16,24,12.670505811135852,-0.0007717110692966904,False,,29050,25025,2,200,69
fix_A3,16,25,12.67050581113591,0.0007729631884163777,False,,28967,25000,2,201,69
fix_A3,16,26,12.67050581113591,0.0007748503623548952,False,,28927,25100,2,197,69
fix_A3,16,27,12.670505811135554,0.0007758641020844973,False,,28931,25110,2,1084,69
fix_A3,16,28,12.670505811135614,-0.0007716380821751814,False,,29216,25185,2,201,69
fix_A3,16,29,12.670505811135554,0.0007750155407768003,False,,29005,25175,2,200,69
fix_A3,16,30,12.670505811135614,-0.0007709625064692895,False,,29182,25100,2,202,69
fix_A3,17,1,0.3979090891439441,0.3979090891439441,True,,1987,1510,2,106,69
fix_A3,17,2,0.3979683763840036,0.3979683763840036,True,,7347,6405,2,1007,69
fix_A3,17,3,0.3979726912105228,0.3979726912105228,True,,1799,1345,2,105,69
fix_A3,17,4,0.397902685695966,0.397902685695966,True,,2244,1715,2,107,69
fix_A3,17,5,0.39793814659612536,0.39793814659612536,True,,2545,1965,2,108,69
fix_A3,17,6,0.39790801395825426,0.39790801395825426,True,,2455,1890,2,108,69
fix_A3,17,7,0.3979026063084188,0.3979026063084188,True,,2817,2200,2,109,69
fix_A3,17,8,0.39798900382494296,0.39798900382494296,True,,2436,1890,2,108,69
fix_A3,17,9,0.39795857562134174,0.39795857562134174,True,,2289,1750,2,107,69
fix_A3,17,10,0.39799643162486475,0.39799643162486475,True,,2204,1695,2,107,69
fix_A3,17,11,0.39790170722779905,0.39790170722779905,True,,7730,6645,2,1008,69
fix_A3,17,12,0.3979860461784117,0.3979860461784117,True,,2709,2100,2,109,69
fix_A3,17,13,0.3979768515700375,0.3979768515700375,True,,2477,1915,2,108,69
fix_A3,17,14,0.3978875761950782,0.3978875761950782,True,,2789,2175,2,109,69
fix_A3,17,15,0.3979616327876201,0.3979616327876201,True,,1904,1440,2,105,69
fix_A3,17,16,0.3979013624753378,0.3979013624753378,True,,2703,2095,2,109,69
fix_A3,17,17,0.39790736737701415,0.39790736737701415,True,,2466,1900,2,108,69
fix_A3,17,18,0.3979639241739985,0.3979639241739985,True,,2445,1905,2,108,69
fix_A3,17,19,0.39794563574520936,0.39794563574520936,True,,7692,6630,2,1008,69
fix_A3,17,20,0.3979784000800155,0.3979784000800155,True,,2678,2085,2,108,69
fix_A3,17,21,0.39791561468123327,0.39791561468123327,True,,2120,1605,2,106,69
fix_A3,17,22,0.3979370338750172,0.3979370338750172,True,,2281,1745,2,107,69
fix_A3,17,23,0.3978951685245846,0.3978951685245846,True,,2838,2240,2,108,69
fix_A3,17,24,0.3979000724913302,0.3979000724913302,True,,2205,1695,2,106,69
fix_A3,17,25,0.3979219299091703,0.3979219299091703,True,,7432,6425,2,1007,69
fix_A3,17,26,0.3978932627733105,0.3978932627733105,True,,7148,6175,2,1006,69
fix_A3,17,27,0.3979605426927826,0.3979605426927826,True,,2573,1980,2,108,69
fix_A3,17,28,0.3979842355327907,0.3979842355327907,True,,7768,6705,2,1008,69
fix_A3,17,29,0.3979307688382345,0.3979307688382345,True,,2059,1570,2,106,69
fix_A3,17,30,0.39796674475033456,0.39796674475033456,True,,6980,6040,2,1005,69
fix_A3,18,1,2.999999999999979,2.999999999999979,True,,8228,6735,2,132,69
fix_A3,18,2,2.9999999999999796,2.9999999999999796,True,,8008,6550,2,132,69
fix_A3,18,3,2.9999999999999996,2.9999999999999996,True,,7362,5995,2,129,69
fix_A3,18,4,2.9999999999999827,2.9999999999999827,True,,13334,11255,2,1033,69
fix_A3,18,5,3.0,3.0,True,,8125,6630,2,133,69
fix_A3,18,6,2.999999999999986,2.999999999999986,True,,8176,6650,2,133,69
fix_A3,18,7,2.999999999999995,2.999999999999995,True,,8443,6905,2,133,69
fix_A3,18,8,2.999999999999959,2.999999999999959,True,,8011,6525,2,133,69
fix_A3,18,9,2.999999999999961,2.999999999999961,True,,8005,6510,2,132,69
fix_A3,18,10,2.9999999999999987,2.9999999999999987,True,,8455,6940,2,132,69
fix_A3,18,11,2.9999999999999756,2.9999999999999756,True,,7740,6290,2,130,69
fix_A3,18,12,2.9999999999999574,2.9999999999999574,True,,8156,6640,2,133,69
fix_A3,18,13,2.999999999999986,2.999999999999986,True,,8260,6735,2,132,69
fix_A3,18,14,2.9999999999999583,2.9999999999999583,True,,13506,11485,2,1033,69
fix_A3,18,15,2.999999999999986,2.999999999999986,True,,8314,6775,2,135,69
fix_A3,18,16,2.9999999999999636,2.9999999999999636,True,,8602,7005,2,137,69
fix_A3,18,17,2.999999999999988,2.999999999999988,True,,8327,6845,2,131,69
fix_A3,18,18,2.9999999999999885,2.9999999999999885,True,,8449,6900,2,134,69
fix_A3,18,19,2.9999999999999782,2.9999999999999782,True,,8019,6525,2,133,69
fix_A3,18,20,2.9999999999999947,2.9999999999999947,True,,7782,6320,2,131,69
fix_A3,18,21,2.999999999999992,2.999999999999992,True,,12913,10950,2,1030,69
fix_A3,18,22,2.9999999999999822,2.9999999999999822,True,,7530,6115,2,131,69
fix_A3,18,23,2.9999999999999876,2.9999999999999876,True,,13226,11195,2,1031,69
fix_A3,18,24,2.999999999999993,2.999999999999993,True,,8394,6850,2,134,69
fix_A3,18,25,2.999999999999987,2.999999999999987,True,,8401,6905,2,131,69
fix_A3,18,26,2.999999999999995,2.999999999999995,True,,8027,6530,2,133,69
fix_A3,18,27,2.9999999999999862,2.9999999999999862,True,,7620,6205,2,131,69
fix_A3,18,28,2.999999999999994,2.999999999999994,True,,8073,6625,2,131,69
fix_A3,18,29,2.9999999999999423,2.9999999999999423,True,,7868,6390,2,133,69
fix_A3,18,30,2.999999999999993,2.999999999999993,True,,7934,6470,2,133,69
fix_A3,19,1,-3.8624007246525327,-3.8624007246525327,True,,1871,1400,2,105,69
fix_A3,19,2,-3.8607432597523705,-3.8607432597523705,True,,2233,1710,2,107,69
fix_A3,19,3,-3.861611538597997,-3.861611538597997,True,,4612,4090,1,818,0
fix_A3,19,4,-3.862475138997225,-3.862475138997225,True,,1983,1765,1,353,0
fix_A3,19,5,-3.860319409002446,-3.860319409002446,True,,2108,1635,2,105,69
fix_A3,19,6,-3.86037290926207,-3.86037290926207,True,,1362,990,2,103,69
fix_A3,19,7,-3.8616545486560243,-3.8616545486560243,True,,5478,4900,1,980,0
fix_A3,19,8,-3.862622296502872,-3.862622296502872,True,,2469,1910,2,108,69
fix_A3,19,9,-3.861093353716268,-3.861093353716268,True,,1762,1310,2,105,69
fix_A3,19,10,-3.860519222904485,-3.860519222904485,True,,1903,1435,2,105,69
fix_A3,19,11,-3.8627182889668177,-3.8627182889668177,True,,3837,3425,1,685,0
fix_A3,19,12,-3.8609929698012504,-3.8609929698012504,True,,1770,1325,2,105,69
fix_A3,19,13,-3.861610744635389,-3.861610744635389,True,,1735,1290,2,104,69
fix_A3,19,14,-3.860550906137888,-3.860550906137888,True,,2031,1545,2,106,69
fix_A3,19,15,-3.8604373824375076,-3.8604373824375076,True,,6666,5780,2,1004,69
fix_A3,19,16,-3.862221828679292,-3.862221828679292,True,,1258,1135,1,227,0
fix_A3,19,17,-3.8623356167371705,-3.8623356167371705,True,,2187,1935,1,387,0
fix_A3,19,18,-3.860390403201934,-3.860390403201934,True,,1775,1325,2,105,69
fix_A3,19,19,-3.8608433973682184,-3.8608433973682184,True,,2317,1770,2,107,69
fix_A3,19,20,-3.8601368976392534,-3.8601368976392534,True,,1508,1110,2,104,69
fix_A3,19,21,-3.86190386157131,-3.86190386157131,True,,1693,1255,2,104,69
fix_A3,19,22,-3.860295198357024,-3.860295198357024,True,,2113,1610,2,106,69
fix_A3,19,23,-3.8605979150118443,-3.8605979150118443,True,,2018,1530,2,106,69
fix_A3,19,24,-3.860605825093893,-3.860605825093893,True,,2210,1690,2,107,69
fix_A3,19,25,-3.860083061360135,-3.860083061360135,True,,1025,880,1,176,0
fix_A3,19,26,-3.862333696306143,-3.862333696306143,True,,3854,3460,1,692,0
fix_A3,19,27,-3.86106772380971,-3.86106772380971,True,,2019,1525,2,106,69
fix_A3,19,28,-3.861188507150512,-3.861188507150512,True,,6786,5840,2,1005,69
fix_A3,19,29,-3.8608438991764897,-3.8608438991764897,True,,2012,1525,2,106,69
fix_A3,19,30,-3.8610438565118237,-3.8610438565118237,True,,7019,6075,2,1005,69
fix_A3,20,1,-3.32013797509211,-3.32013797509211,True,,8661,7390,2,1012,69
fix_A3,20,2,-3.320544471970148,-3.320544471970148,True,,4027,3210,2,114,69
fix_A3,20,3,-3.3200116098677612,-3.3200116098677612,True,,3895,3090,2,114,69
fix_A3,20,4,-3.3201368751305558,-3.3201368751305558,True,,9243,7900,2,1014,69
fix_A3,20,5,-3.320420219370958,-3.320420219370958,True,,3954,3130,2,114,69
fix_A3,20,6,-3.3203660560050388,-3.3203660560050388,True,,3656,2920,2,112,69
fix_A3,20,7,-3.320196030993781,-3.320196030993781,True,,9140,7810,2,1014,69
fix_A3,20,8,-3.320217242071503,-3.320217242071503,True,,3247,2550,2,111,69
fix_A3,20,9,-3.3201606704039683,-3.3201606704039683,True,,3997,3180,2,114,69
fix_A3,20,10,-3.3208968918623607,-3.3208968918623607,True,,3360,2655,2,112,69
fix_A3,20,11,-3.320481378404463,-3.320481378404463,True,,3637,2905,2,112,69
fix_A3,20,12,-3.3207335299419745,-3.3207335299419745,True,,4307,3465,2,115,69
fix_A3,20,13,-3.320079209463011,-3.320079209463011,True,,3437,2710,2,112,69
fix_A3,20,14,-3.3202757069137308,-3.3202757069137308,True,,3681,2905,2,113,69
fix_A3,20,15,-3.320348249962934,-3.320348249962934,True,,12056,10125,2,142,69
fix_A3,20,16,-3.3200898809078616,-3.3200898809078616,True,,3633,2930,2,111,69
fix_A3,20,17,-3.320341675367942,-3.320341675367942,True,,3842,3045,2,113,69
fix_A3,20,18,-3.203102050264328,-3.203102050264328,False,,30001,25035,2,261,69
fix_A3,20,19,-3.3202219754018008,-3.3202219754018008,True,,5285,4250,2,119,70
fix_A3,20,20,-3.321449967396817,-3.321449967396817,True,,4269,3395,2,116,69
fix_A3,20,21,-3.3202882170576893,-3.3202882170576893,True,,4089,3250,2,115,69
fix_A3,20,22,-3.3201406949933223,-3.3201406949933223,True,,3859,3055,2,114,69
fix_A3,20,23,-3.320142323168086,-3.320142323168086,True,,2769,2150,2,109,69
fix_A3,20,24,-3.320289418349015,-3.320289418349015,True,,5067,4070,2,119,69
fix_A3,20,25,-3.320219729447419,-3.320219729447419,True,,3699,2920,2,113,69
fix_A3,20,26,-3.320170732616964,-3.320170732616964,True,,3404,2690,2,112,69
fix_A3,20,27,-3.3201705142960583,-3.3201705142960583,True,,3656,2895,2,113,69
fix_A3,20,28,-3.32043418392181,-3.32043418392181,True,,8756,7475,2,1012,70
fix_A3,20,29,-3.321065715231664,-3.321065715231664,True,,3851,3050,2,114,69
fix_A3,20,30,-3.320184043973167,-3.320184043973167,True,,4453,3555,2,117,69
fix_A3,21,1,-10.15319967905823,-10.15319967905823,False,,30079,25340,2,229,72
fix_A3,21,2,-10.15319967905823,-10.15319967905823,False,,29729,25045,2,1120,73
fix_A3,21,3,-10.15319967905823,-10.15319967905823,False,,29571,25155,2,1102,70
fix_A3,21,4,-10.153199679058229,-10.153199679058229,False,,29430,25030,2,1103,69
fix_A3,21,5,-10.153199679058229,-10.153199679058229,False,,29915,25320,2,1107,73
fix_A3,21,6,-10.153199679058229,-10.153199679058229,False,,29842,25155,2,1112,71
fix_A3,21,7,-10.15319967905823,-10.15319967905823,False,,29913,25175,2,229,72
fix_A3,21,8,-10.153199679058229,-10.153199679058229,False,,29613,25125,2,1104,73
fix_A3,21,9,-10.153199679058229,-10.153199679058229,False,,29649,25015,2,1116,70
fix_A3,21,10,-10.153199679058229,-10.153199679058229,False,,29664,25130,2,1107,70
fix_A3,21,11,-10.153199679058229,-10.153199679058229,False,,29769,25150,2,218,70
fix_A3,21,12,-10.153199679058229,-10.153199679058229,False,,29689,25130,2,1108,74
fix_A3,21,13,-10.153199679058229,-10.153199679058229,False,,29616,25130,2,1098,70
fix_A3,21,14,-10.15319967905823,-10.15319967905823,False,,29744,25245,2,1105,72
fix_A3,21,15,-10.15319967905823,-10.15319967905823,False,,29866,25110,2,230,73
fix_A3,21,16,-10.15319967905823,-10.15319967905823,False,,29908,25100,2,232,72
fix_A3,21,17,-10.153199679058229,-10.153199679058229,False,,29859,25180,2,227,75
fix_A3,21,18,-10.153199679058229,-10.153199679058229,False,,29605,25045,2,221,70
fix_A3,21,19,-10.15319967905823,-10.15319967905823,False,,29774,25110,2,222,73
fix_A3,21,20,-10.15319967905823,-10.15319967905823,False,,29687,25145,2,218,73
fix_A3,21,21,-10.153199679058229,-10.153199679058229,False,,29516,25170,2,1100,74
fix_A3,21,22,-10.153199679058229,-10.153199679058229,False,,29569,25010,2,1101,71
fix_A3,21,23,-10.153199679058229,-10.153199679058229,False,,29409,25000,2,1098,72
fix_A3,21,24,-10.15319967905823,-10.15319967905823,False,,29871,25110,2,237,72
fix_A3,21,25,-10.153199679058227,-10.153199679058227,False,,29854,25140,2,1112,72
fix_A3,21,26,-10.153199679058229,-10.153199679058229,False,,29756,25195,2,1106,69
fix_A3,21,27,-10.15319967905823,-10.15319967905823,False,,30081,25240,2,225,71
fix_A3,21,28,-10.15319967905823,-10.15319967905823,False,,29726,25095,2,221,74
fix_A3,21,29,-10.15319967905823,-10.15319967905823,False,,29405,25005,2,1102,71
fix_A3,21,30,-10.153199679058229,-10.153199679058229,False,,29728,25140,2,221,72
fix_A3,22,1,-10.402903023715641,-10.402903023715641,True,,5892,4755,2,122,71
fix_A3,22,2,-10.402919213519153,-10.402919213519153,True,,7102,5795,2,127,70
fix_A3,22,3,-10.402910266566671,-10.402910266566671,True,,12937,11100,2,1029,72
fix_A3,22,4,-10.402909700782802,-10.402909700782802,True,,11826,10210,2,1023,70
fix_A3,22,5,-10.402911114784994,-10.402911114784994,True,,8270,6770,2,132,72
fix_A3,22,6,-10.402927686061004,-10.402927686061004,True,,6261,5105,2,123,73
fix_A3,22,7,-10.402903593135846,-10.402903593135846,True,,7174,5890,2,126,72
fix_A3,22,8,-10.402928419227713,-10.402928419227713,True,,6244,5085,2,123,70
fix_A3,22,9,-10.402903464620081,-10.402903464620081,True,,13583,11550,2,1034,72
fix_A3,22,10,-10.402904266461855,-10.402904266461855,True,,11197,9545,2,1024,71
fix_A3,22,11,-10.402928157970415,-10.402928157970415,True,,9023,7530,2,131,70
fix_A3,22,12,-10.402920050987532,-10.402920050987532,True,,12571,10710,2,1029,70
fix_A3,22,13,-10.40291243128025,-10.40291243128025,True,,7554,6145,2,130,70
fix_A3,22,14,-10.402903893409528,-10.402903893409528,True,,13495,11615,2,1029,71
fix_A3,22,15,-10.402902203769848,-10.402902203769848,True,,9949,8270,2,136,70
fix_A3,22,16,-10.402922874615431,-10.402922874615431,True,,8403,6885,2,132,70
fix_A3,22,17,-10.402906046638694,-10.402906046638694,True,,7089,5760,2,127,73
fix_A3,22,18,-10.402913721865085,-10.402913721865085,True,,9460,7875,2,134,71
fix_A3,22,19,-10.402901869775363,-10.402901869775363,True,,6443,5315,2,122,69
fix_A3,22,20,-10.402904817022026,-10.402904817022026,True,,6411,5225,2,124,71
fix_A3,22,21,-10.402919299067223,-10.402919299067223,True,,6614,5365,2,126,73
fix_A3,22,22,-10.402909477882517,-10.402909477882517,True,,6597,5415,2,124,70
fix_A3,22,23,-10.40291369341588,-10.40291369341588,True,,5918,4780,2,122,73
fix_A3,22,24,-10.402915776554545,-10.402915776554545,True,,9592,7980,2,134,72
fix_A3,22,25,-10.402918265798785,-10.402918265798785,True,,7425,6070,2,128,72
fix_A3,22,26,-10.402905283286401,-10.402905283286401,True,,9321,7775,2,132,71
fix_A3,22,27,-10.402906387738659,-10.402906387738659,True,,6290,5150,2,122,74
fix_A3,22,28,-10.402906048799647,-10.402906048799647,True,,10689,8880,2,139,71
fix_A3,22,29,-10.402913087428544,-10.402913087428544,True,,13106,11195,2,1030,72
fix_A3,22,30,-10.40290019324719,-10.40290019324719,True,,17275,14780,2,1045,69
fix_A3,23,1,-10.536401074229872,-10.536401074229872,True,,7655,6240,2,130,70
fix_A3,23,2,-10.536404651123286,-10.536404651123286,True,,12148,10345,2,1027,70
fix_A3,23,3,-10.536406370508288,-10.536406370508288,True,,12717,10855,2,1030,72
fix_A3,23,4,-10.53640049423287,-10.53640049423287,True,,12737,10885,2,1028,73
fix_A3,23,5,-10.536405249408215,-10.536405249408215,True,,7472,6145,2,127,71
fix_A3,23,6,-10.53640043816955,-10.53640043816955,True,,7197,5850,2,129,71
fix_A3,23,7,-10.536404065965792,-10.536404065965792,True,,12175,10405,2,1027,71
fix_A3,23,8,-10.536404460510848,-10.536404460510848,True,,7349,5970,2,129,71
fix_A3,23,9,-10.536400124882686,-10.536400124882686,True,,6654,5420,2,125,70
fix_A3,23,10,-10.536404003439046,-10.536404003439046,True,,14604,12425,2,1036,74
fix_A3,23,11,-10.536401511570054,-10.536401511570054,True,,13455,11505,2,1031,71
fix_A3,23,12,-10.53640582491106,-10.53640582491106,True,,12079,10265,2,1027,70
fix_A3,23,13,-10.53640118196995,-10.53640118196995,True,,13332,11350,2,1031,73
fix_A3,23,14,-10.536407082543915,-10.536407082543915,True,,13751,11785,2,1031,75
fix_A3,23,15,-10.536406709865497,-10.536406709865497,True,,12339,10470,2,1029,72
fix_A3,23,16,-10.536406934565543,-10.536406934565543,True,,7249,5925,2,128,70
fix_A3,23,17,-10.53640376846587,-10.53640376846587,True,,8879,7335,2,132,73
fix_A3,23,18,-10.536402693010082,-10.536402693010082,True,,11194,9490,2,1024,73
fix_A3,23,19,-10.536407786283265,-10.536407786283265,True,,7051,5730,2,128,73
fix_A3,23,20,-10.536402710210702,-10.536402710210702,True,,7294,5955,2,128,72
fix_A3,23,21,-10.536405392566845,-10.536405392566845,True,,7834,6410,2,130,72
fix_A3,23,22,-10.53640876557749,-10.53640876557749,True,,6871,5630,2,125,71
fix_A3,23,23,-10.536400920890955,-10.536400920890955,True,,11628,9850,2,1026,72
fix_A3,23,24,-10.536401464336622,-10.536401464336622,True,,10564,8790,2,139,72
fix_A3,23,25,-10.53640675776542,-10.53640675776542,True,,8097,6665,2,130,72
fix_A3,23,26,-10.536400716228863,-10.536400716228863,True,,6222,5060,2,123,72
fix_A3,23,27,-10.536400880949211,-10.536400880949211,True,,6964,5690,2,126,72
fix_A3,23,28,-10.536404586992363,-10.536404586992363,True,,6010,4895,2,122,71
fix_A3,23,29,-10.53640501227532,-10.53640501227532,True,,6791,5510,2,126,71
fix_A3,23,30,-10.536402535317036,-10.536402535317036,True,,12833,10945,2,1030,72
fix_A4,1,1,0.0,0.0,True,,2627,2185,1,437,0
fix_A4,1,2,0.0,0.0,True,,2603,2165,1,433,0
fix_A4,1,3,0.0,0.0,True,,2591,2155,1,431,0
fix_A4,1,4,0.0,0.0,True,,2651,2205,1,441,0
fix_A4,1,5,0.0,0.0,True,,2627,2185,1,437,0
fix_A4,1,6,0.0,0.0,True,,2597,2160,1,432,0
fix_A4,1,7,0.0,0.0,True,,2615,2175,1,435,0
fix_A4,1,8,0.0,0.0,True,,2609,2170,1,434,0
fix_A4,1,9,0.0,0.0,True,,2651,2205,1,441,0
fix_A4,1,10,0.0,0.0,True,,2645,2200,1,440,0
fix_A4,1,11,0.0,0.0,True,,2675,2225,1,445,0
fix_A4,1,12,0.0,0.0,True,,2669,2220,1,444,0
fix_A4,1,13,0.0,0.0,True,,2627,2185,1,437,0
fix_A4,1,14,0.0,0.0,True,,2699,2245,1,449,0
fix_A4,1,15,0.0,0.0,True,,2669,2220,1,444,0
fix_A4,1,16,0.0,0.0,True,,2651,2205,1,441,0
fix_A4,1,17,0.0,0.0,True,,2633,2190,1,438,0
fix_A4,1,18,0.0,0.0,True,,2633,2190,1,438,0
fix_A4,1,19,0.0,0.0,True,,2639,2195,1,439,0
fix_A4,1,20,0.0,0.0,True,,2650,2205,1,441,0
fix_A4,1,21,0.0,0.0,True,,2627,2185,1,437,0
fix_A4,1,22,0.0,0.0,True,,2621,2180,1,436,0
fix_A4,1,23,0.0,0.0,True,,2681,2230,1,446,0
fix_A4,1,24,0.0,0.0,True,,2585,2150,1,430,0
fix_A4,1,25,0.0,0.0,True,,2657,2210,1,442,0
fix_A4,1,26,0.0,0.0,True,,2633,2190,1,438,0
fix_A4,1,27,0.0,0.0,True,,2663,2215,1,443,0
fix_A4,1,28,0.0,0.0,True,,2627,2185,1,437,0
fix_A4,1,29,0.0,0.0,True,,2650,2205,1,441,0
fix_A4,1,30,0.0,0.0,True,,2615,2175,1,435,0
fix_A4,2,1,0.0,0.0,True,,5057,4210,1,842,0
fix_A4,2,2,0.0,0.0,True,,4949,4120,1,824,0
fix_A4,2,3,0.0,0.0,True,,4973,4140,1,828,0
fix_A4,2,4,0.0,0.0,True,,5033,4190,1,838,0
fix_A4,2,5,0.0,0.0,True,,5027,4185,1,837,0
fix_A4,2,6,0.0,0.0,True,,4997,4160,1,832,0
fix_A4,2,7,0.0,0.0,True,,5003,4165,1,833,0
fix_A4,2,8,0.0,0.0,True,,5033,4190,1,838,0
fix_A4,2,9,0.0,0.0,True,,5033,4190,1,838,0
fix_A4,2,10,0.0,0.0,True,,4961,4130,1,826,0
fix_A4,2,11,0.0,0.0,True,,4937,4110,1,822,0
fix_A4,2,12,0.0,0.0,True,,5033,4190,1,838,0
fix_A4,2,13,0.0,0.0,True,,5057,4210,1,842,0
fix_A4,2,14,0.0,0.0,True,,5051,4205,1,841,0
fix_A4,2,15,0.0,0.0,True,,5030,4190,1,838,0
fix_A4,2,16,0.0,0.0,True,,4949,4120,1,824,0
fix_A4,2,17,0.0,0.0,True,,4997,4160,1,832,0
fix_A4,2,18,0.0,0.0,True,,4943,4115,1,823,0
fix_A4,2,19,0.0,0.0,True,,4961,4130,1,826,0
fix_A4,2,20,0.0,0.0,True,,5015,4175,1,835,0
fix_A4,2,21,0.0,0.0,True,,4985,4150,1,830,0
fix_A4,2,22,0.0,0.0,True,,4961,4130,1,826,0
fix_A4,2,23,0.0,0.0,True,,4949,4120,1,824,0
fix_A4,2,24,0.0,0.0,True,,5045,4200,1,840,0
fix_A4,2,25,0.0,0.0,True,,5009,4170,1,834,0
fix_A4,2,26,0.0,0.0,True,,4991,4155,1,831,0
fix_A4,2,27,0.0,0.0,True,,4997,4160,1,832,0
fix_A4,2,28,0.0,0.0,True,,4883,4065,1,813,0
fix_A4,2,29,0.0,0.0,True,,5015,4175,1,835,0
fix_A4,2,30,0.0,0.0,True,,5032,4190,1,838,0
fix_A4,3,1,0.0,0.0,True,,2987,2485,1,497,0
fix_A4,3,2,0.0,0.0,True,,3137,2610,1,522,0
fix_A4,3,3,0.0,0.0,True,,2789,2320,1,464,0
fix_A4,3,4,0.0,0.0,True,,3011,2505,1,501,0
fix_A4,3,5,0.0,0.0,True,,2789,2320,1,464,0
fix_A4,3,6,0.0,0.0,True,,2951,2455,1,491,0
fix_A4,3,7,0.0,0.0,True,,3095,2575,1,515,0
fix_A4,3,8,0.0,0.0,True,,2945,2450,1,490,0
fix_A4,3,9,0.0,0.0,True,,3167,2635,1,527,0
fix_A4,3,10,0.0,0.0,True,,2957,2460,1,492,0
fix_A4,3,11,0.0,0.0,True,,2921,2430,1,486,0
fix_A4,3,12,0.0,0.0,True,,3035,2525,1,505,0
fix_A4,3,13,0.0,0.0,True,,3017,2510,1,502,0
fix_A4,3,14,0.0,0.0,True,,3203,2665,1,533,0
fix_A4,3,15,0.0,0.0,True,,3155,2625,1,525,0
fix_A4,3,16,0.0,0.0,True,,3083,2565,1,513,0
fix_A4,3,17,0.0,0.0,True,,3137,2610,1,522,0
fix_A4,3,18,0.0,0.0,True,,3053,2540,1,508,0
fix_A4,3,19,0.0,0.0,True,,2747,2285,1,457,0
fix_A4,3,20,0.0,0.0,True,,3155,2625,1,525,0
fix_A4,3,21,0.0,0.0,True,,2999,2495,1,499,0
fix_A4,3,22,0.0,0.0,True,,3005,2500,1,500,0
fix_A4,3,23,0.0,0.0,True,,2969,2470,1,494,0
fix_A4,3,24,0.0,0.0,True,,3113,2590,1,518,0
fix_A4,3,25,0.0,0.0,True,,3251,2705,1,541,0
fix_A4,3,26,0.0,0.0,True,,2939,2445,1,489,0
fix_A4,3,27,0.0,0.0,True,,3227,2685,1,537,0
fix_A4,3,28,0.0,0.0,True,,2945,2450,1,490,0
fix_A4,3,29,0.0,0.0,True,,2969,2470,1,494,0
fix_A4,3,30,0.0,0.0,True,,3143,2615,1,523,0
fix_A4,4,1,0.0,0.0,True,,5306,4420,1,884,0
fix_A4,4,2,0.0,0.0,True,,5200,4330,1,866,0
fix_A4,4,3,0.0,0.0,True,,5213,4340,1,868,0
fix_A4,4,4,0.0,0.0,True,,5236,4360,1,872,0
fix_A4,4,5,0.0,0.0,True,,5183,4315,1,863,0
fix_A4,4,6,0.0,0.0,True,,5165,4300,1,860,0
fix_A4,4,7,0.0,0.0,True,,5237,4360,1,872,0
fix_A4,4,8,0.0,0.0,True,,5297,4410,1,882,0
fix_A4,4,9,0.0,0.0,True,,5261,4380,1,876,0
fix_A4,4,10,0.0,0.0,True,,5204,4335,1,867,0
fix_A4,4,11,0.0,0.0,True,,5291,4405,1,881,0
fix_A4,4,12,0.0,0.0,True,,5277,4395,1,879,0
fix_A4,4,13,0.0,0.0,True,,5273,4390,1,878,0
fix_A4,4,14,0.0,0.0,True,,5334,4450,1,890,0
fix_A4,4,15,0.0,0.0,True,,5171,4305,1,861,0
fix_A4,4,16,0.0,0.0,True,,5183,4315,1,863,0
fix_A4,4,17,0.0,0.0,True,,5171,4305,1,861,0
fix_A4,4,18,0.0,0.0,True,,5201,4330,1,866,0
fix_A4,4,19,0.0,0.0,True,,5219,4345,1,869,0
fix_A4,4,20,0.0,0.0,True,,5231,4355,1,871,0
fix_A4,4,21,0.0,0.0,True,,5171,4305,1,861,0
fix_A4,4,22,0.0,0.0,True,,5189,4320,1,864,0
fix_A4,4,23,0.0,0.0,True,,5195,4325,1,865,0
fix_A4,4,24,0.0,0.0,True,,5231,4355,1,871,0
fix_A4,4,25,0.0,0.0,True,,5309,4420,1,884,0
fix_A4,4,26,0.0,0.0,True,,5219,4345,1,869,0
fix_A4,4,27,0.0,0.0,True,,5278,4395,1,879,0
fix_A4,4,28,0.0,0.0,True,,5129,4270,1,854,0
fix_A4,4,29,0.0,0.0,True,,5236,4360,1,872,0
fix_A4,4,30,0.0,0.0,True,,5243,4365,1,873,0
fix_A4,5,1,47.60213889127814,47.60213889127814,False,,25001,21130,2,1092,69
fix_A4,5,2,47.63561953919504,47.63561953919504,False,,25001,20815,2,219,69
fix_A4,5,3,48.144172144861784,48.144172144861784,False,,25001,21155,2,1088,69
fix_A4,5,4,47.82190038554348,47.82190038554348,False,,25001,21115,2,1098,69
fix_A4,5,5,47.49255357563042,47.49255357563042,False,,25001,21190,2,1095,69
fix_A4,5,6,47.515164693099315,47.515164693099315,False,,25001,21150,2,1093,69
fix_A4,5,7,47.941173047886565,47.941173047886565,False,,25001,21165,2,1098,69
fix_A4,5,8,47.13240943208103,47.13240943208103,False,,25001,21160,2,1097,69
fix_A4,5,9,48.25206174502377,48.25206174502377,False,,25001,21150,2,1087,69
fix_A4,5,10,47.526040449764025,47.526040449764025,False,,25001,21155,2,1105,69
fix_A4,5,11,46.79373814702569,46.79373814702569,False,,25001,20810,2,258,69
fix_A4,5,12,47.32741207400558,47.32741207400558,False,,25001,21210,2,1091,69
fix_A4,5,13,47.2201000495542,47.2201000495542,False,,25001,21160,2,1093,69
fix_A4,5,14,47.40209734435694,47.40209734435694,False,,25001,21155,2,1094,69
fix_A4,5,15,47.64252359536869,47.64252359536869,False,,25001,20810,2,221,69
fix_A4,5,16,47.10351373685006,47.10351373685006,False,,25001,21140,2,1096,69
fix_A4,5,17,48.29886251096699,48.29886251096699,False,,25001,21185,2,1092,69
fix_A4,5,18,47.198933557048655,47.198933557048655,False,,25001,21150,2,1094,69
fix_A4,5,19,47.92385160342111,47.92385160342111,False,,25001,21160,2,1092,69
fix_A4,5,20,47.55392743692109,47.55392743692109,False,,25001,21160,2,1098,69
fix_A4,5,21,48.320181893321006,48.320181893321006,False,,25001,21190,2,1084,69
fix_A4,5,22,47.62107359757811,47.62107359757811,False,,25001,21200,2,1098,69
fix_A4,5,23,47.66654077278123,47.66654077278123,False,,25001,21185,2,1091,69
fix_A4,5,24,2.125735674310873,2.125735674310873,False,,25001,21260,2,1078,69
fix_A4,5,25,47.142287297807606,47.142287297807606,False,,25001,20775,2,242,69
fix_A4,5,26,1.2953920503393057,1.2953920503393057,False,,25001,21355,2,1075,69
fix_A4,5,27,47.969601818039116,47.969601818039116,False,,25001,21160,2,1090,69
fix_A4,5,28,47.25709302568758,47.25709302568758,False,,25001,21095,2,1095,69
fix_A4,5,29,47.48937161490937,47.48937161490937,False,,25001,21205,2,1102,69
fix_A4,5,30,47.359691274198575,47.359691274198575,False,,25001,21185,2,1087,69
fix_A4,6,1,0.0,0.0,True,,83,65,1,13,0
fix_A4,6,2,0.0,0.0,True,,82,65,1,13,0
fix_A4,6,3,0.0,0.0,True,,71,55,1,11,0
fix_A4,6,4,0.0,0.0,True,,100,80,1,16,0
fix_A4,6,5,0.0,0.0,True,,76,60,1,12,0
fix_A4,6,6,0.0,0.0,True,,65,50,1,10,0
fix_A4,6,7,0.0,0.0,True,,70,55,1,11,0
fix_A4,6,8,0.0,0.0,True,,77,60,1,12,0
fix_A4,6,9,0.0,0.0,True,,65,50,1,10,0
fix_A4,6,10,0.0,0.0,True,,71,55,1,11,0
fix_A4,6,11,0.0,0.0,True,,77,60,1,12,0
fix_A4,6,12,0.0,0.0,True,,65,50,1,10,0
fix_A4,6,13,0.0,0.0,True,,59,45,1,9,0
fix_A4,6,14,0.0,0.0,True,,71,55,1,11,0
fix_A4,6,15,0.0,0.0,True,,65,50,1,10,0
fix_A4,6,16,0.0,0.0,True,,53,40,1,8,0
fix_A4,6,17,0.0,0.0,True,,59,45,1,9,0
fix_A4,6,18,0.0,0.0,True,,71,55,1,11,0
fix_A4,6,19,0.0,0.0,True,,71,55,1,11,0
fix_A4,6,20,0.0,0.0,True,,71,55,1,11,0
fix_A4,6,21,0.0,0.0,True,,77,60,1,12,0
fix_A4,6,22,0.0,0.0,True,,71,55,1,11,0
fix_A4,6,23,0.0,0.0,True,,77,60,1,12,0
fix_A4,6,24,0.0,0.0,True,,77,60,1,12,0
fix_A4,6,25,0.0,0.0,True,,65,50,1,10,0
fix_A4,6,26,0.0,0.0,True,,71,55,1,11,0
fix_A4,6,27,0.0,0.0,True,,71,55,1,11,0
fix_A4,6,28,0.0,0.0,True,,71,55,1,11,0
fix_A4,6,29,0.0,0.0,True,,71,55,1,11,0
fix_A4,6,30,0.0,0.0,True,,71,55,1,11,0
fix_A4,7,1,0.0002501171290675453,0.717757585711454,False,,25001,21400,2,182,69
fix_A4,7,2,0.0001945095716654644,0.48789878768486616,False,,25001,21530,2,179,69
fix_A4,7,3,0.00024944307155360724,0.719952046461127,False,,25001,21430,2,181,69
fix_A4,7,4,0.0001931226308038646,0.7504185622596632,False,,25001,21365,2,183,69
fix_A4,7,5,8.188989020057469e-05,0.6403505300223546,False,,25001,21530,2,179,69
fix_A4,7,6,9.077736984966186e-05,0.9890178650294495,False,,25001,21365,2,183,69
fix_A4,7,7,8.644201874769662e-05,0.25392579108723584,False,,25000,21500,2,180,69
fix_A4,7,8,0.0004454607382958937,0.3533993333612411,False,,25000,21500,2,180,69
fix_A4,7,9,0.0004298773607844803,0.8911007480023037,False,,25001,21400,2,182,69
fix_A4,7,10,0.0003484307852599755,0.6894325240003087,False,,25001,21300,2,181,69
fix_A4,7,11,0.00021303852127017262,0.927479176526359,False,,25001,21430,2,181,69
fix_A4,7,12,0.0002369593925933789,0.5997001360675475,False,,25001,21465,2,180,69
fix_A4,7,13,0.00013453922100360575,0.04390301638158668,False,,25001,21465,2,180,69
fix_A4,7,14,0.00041741582645826844,0.10874441738859286,False,,25001,21465,2,180,69
fix_A4,7,15,0.00011434294009625617,0.4574506640187823,False,,25001,21430,2,181,69
fix_A4,7,16,0.0002589203386093101,0.7992012134980195,False,,25000,21500,2,180,69
fix_A4,7,17,0.00011354914681282633,0.33711550308142013,False,,25000,21500,2,180,69
fix_A4,7,18,0.0002426373595888668,0.7702470128528488,False,,25001,21530,2,179,69
fix_A4,7,19,0.0004514066594936911,0.2139747949231466,False,,25000,21500,2,180,69
fix_A4,7,20,3.547629194619054e-05,0.2759345508662053,False,,25001,21465,2,180,69
fix_A4,7,21,0.00038332586963847956,0.8716857977186641,False,,25001,21400,2,182,69
fix_A4,7,22,0.0002410784996022769,0.6176762941199945,False,,25000,21500,2,180,69
fix_A4,7,23,0.0001003877474422732,0.6081952463356387,False,,25001,21365,2,183,69
fix_A4,7,24,0.0002579047261046948,0.04405322230774193,False,,25001,21300,2,181,69
fix_A4,7,25,7.95713595591145e-05,0.9197739093922338,False,,25001,21330,2,1061,69
fix_A4,7,26,0.00010447912090422631,0.17460842670907778,False,,25001,21500,2,180,69
fix_A4,7,27,0.0001242543956044239,0.48276037488172335,False,,25001,21500,2,180,69
fix_A4,7,28,0.00013153159972792037,0.4375363465703954,False,,25001,21530,2,179,69
fix_A4,7,29,0.00046555495941188676,0.9266544223188544,False,,25001,21300,2,183,69
fix_A4,7,30,0.000257054015292223,0.7020472608029872,False,,25001,21465,2,180,69
fix_A4,8,1,-17949.372268873627,-17949.372268873627,False,,25001,21140,2,190,69
fix_A4,8,2,-15022.736937740057,-15022.736937740057,False,,25001,20865,2,201,69
fix_A4,8,3,-20797.289659879345,-20797.289659879345,False,,25001,21045,2,1070,69
fix_A4,8,4,-15026.809346309938,-15026.809346309938,False,,25001,20775,2,210,69
fix_A4,8,5,-15016.88276784727,-15016.88276784727,False,,25001,20770,2,207,69
fix_A4,8,6,-15026.530903897909,-15026.530903897909,False,,25001,20840,2,203,69
fix_A4,8,7,-20226.05311556721,-20226.05311556721,False,,25001,21235,2,1064,69
fix_A4,8,8,-20931.028458760687,-20931.028458760687,False,,25001,21010,2,189,69
fix_A4,8,9,-15019.493270157858,-15019.493270157858,False,,25001,20875,2,210,69
fix_A4,8,10,-15026.496996350306,-15026.496996350306,False,,25001,20920,2,199,69
fix_A4,8,11,-15027.220014771445,-15027.220014771445,False,,25001,20860,2,203,69
fix_A4,8,12,-17761.21347051408,-17761.21347051408,False,,25001,21300,2,185,69
fix_A4,8,13,-15023.503099237683,-15023.503099237683,False,,25001,20735,2,210,69
fix_A4,8,14,-20756.57737110244,-20756.57737110244,False,,25001,21500,2,180,69
fix_A4,8,15,-17423.947908754555,-17423.947908754555,False,,25001,21400,2,182,69
fix_A4,8,16,-15027.01270944724,-15027.01270944724,False,,25001,20785,2,205,69
fix_A4,8,17,-20933.174870806182,-20933.174870806182,False,,25001,21075,2,194,69
fix_A4,8,18,-15026.762387665342,-15026.762387665342,False,,25001,20835,2,1077,69
fix_A4,8,19,-15004.939973059689,-15004.939973059689,False,,25001,20735,2,212,69
fix_A4,8,20,-20948.91961985226,-20948.91961985226,False,,25001,21470,2,180,69
fix_A4,8,21,-15026.929166745584,-15026.929166745584,False,,25001,20910,2,205,69
fix_A4,8,22,-17853.607803395622,-17853.607803395622,False,,25001,21200,2,1065,69
fix_A4,8,23,-15027.166733041873,-15027.166733041873,False,,25001,20940,2,1073,69
fix_A4,8,24,-17746.560494030186,-17746.560494030186,False,,25001,21035,2,193,69
fix_A4,8,25,-15026.585176782703,-15026.585176782703,False,,25001,20805,2,1079,69
fix_A4,8,26,-15025.577250984263,-15025.577250984263,False,,25001,20915,2,1075,69
fix_A4,8,27,-15010.446510483773,-15010.446510483773,False,,25001,20840,2,1076,69
fix_A4,8,28,-15026.269600471842,-15026.269600471842,False,,25001,20790,2,204,69
fix_A4,8,29,-15025.86926280408,-15025.86926280408,False,,25001,20935,2,199,69
fix_A4,8,30,-15018.655668767355,-15018.655668767355,False,,25001,20870,2,1075,69
fix_A4,9,1,0.0,0.0,True,,185,150,1,30,0
fix_A4,9,2,0.0,0.0,True,,191,155,1,31,0
fix_A4,9,3,0.0,0.0,True,,197,160,1,32,0
fix_A4,9,4,0.0,0.0,True,,179,145,1,29,0
fix_A4,9,5,0.0,0.0,True,,179,145,1,29,0
fix_A4,9,6,0.0,0.0,True,,16935,13980,2,1045,69
fix_A4,9,7,0.0,0.0,True,,191,155,1,31,0
fix_A4,9,8,0.0,0.0,True,,173,140,1,28,0
fix_A4,9,9,0.0,0.0,True,,191,155,1,31,0
fix_A4,9,10,0.0,0.0,True,,197,160,1,32,0
fix_A4,9,11,0.0,0.0,True,,197,160,1,32,0
fix_A4,9,12,0.0,0.0,True,,191,155,1,31,0
fix_A4,9,13,0.0,0.0,True,,185,150,1,30,0
fix_A4,9,14,0.0,0.0,True,,185,150,1,30,0
fix_A4,9,15,0.0,0.0,True,,17190,14760,2,1043,69
fix_A4,9,16,0.0,0.0,True,,173,140,1,28,0
fix_A4,9,17,0.0,0.0,True,,16518,14060,2,1045,69
fix_A4,9,18,0.0,0.0,True,,334,275,1,55,0
fix_A4,9,19,0.0,0.0,True,,179,145,1,29,0
fix_A4,9,20,0.0,0.0,True,,173,140,1,28,0
fix_A4,9,21,0.0,0.0,True,,191,155,1,31,0
fix_A4,9,22,0.0,0.0,True,,191,155,1,31,0
fix_A4,9,23,0.0,0.0,True,,185,150,1,30,0
fix_A4,9,24,0.0,0.0,True,,191,155,1,31,0
fix_A4,9,25,0.0,0.0,True,,197,160,1,32,0
fix_A4,9,26,0.0,0.0,True,,167,135,1,27,0
fix_A4,9,27,0.0,0.0,True,,191,155,1,31,0
fix_A4,9,28,0.0,0.0,True,,185,150,1,30,0
fix_A4,9,29,0.0,0.0,True,,215,175,1,35,0
fix_A4,9,30,0.0,0.0,True,,185,150,1,30,0
fix_A4,10,1,4.440892098500626e-16,4.440892098500626e-16,False,,25001,22080,2,1064,69
fix_A4,10,2,4.440892098500626e-16,4.440892098500626e-16,False,,25001,21840,2,1063,69
fix_A4,10,3,4.440892098500626e-16,4.440892098500626e-16,False,,25001,22210,2,1065,69
fix_A4,10,4,4.440892098500626e-16,4.440892098500626e-16,False,,25001,22020,2,1064,69
fix_A4,10,5,4.440892098500626e-16,4.440892098500626e-16,False,,25001,22030,2,1064,69
fix_A4,10,6,4.440892098500626e-16,4.440892098500626e-16,False,,25001,22240,2,1065,69
fix_A4,10,7,4.440892098500626e-16,4.440892098500626e-16,False,,25001,22275,2,1065,69
fix_A4,10,8,4.440892098500626e-16,4.440892098500626e-16,False,,25001,22130,2,1064,69
fix_A4,10,9,4.440892098500626e-16,4.440892098500626e-16,False,,25001,22055,2,1064,69
fix_A4,10,10,4.440892098500626e-16,4.440892098500626e-16,False,,25001,22175,2,1064,69
fix_A4,10,11,4.440892098500626e-16,4.440892098500626e-16,False,,25001,22220,2,1065,69
fix_A4,10,12,4.440892098500626e-16,4.440892098500626e-16,False,,25001,22325,2,1065,69
fix_A4,10,13,4.440892098500626e-16,4.440892098500626e-16,False,,25001,22155,2,1064,69
fix_A4,10,14,4.440892098500626e-16,4.440892098500626e-16,False,,25001,22180,2,1064,69
fix_A4,10,15,4.440892098500626e-16,4.440892098500626e-16,False,,25001,22030,2,1064,69
fix_A4,10,16,4.440892098500626e-16,4.440892098500626e-16,False,,25001,22110,2,1064,69
fix_A4,10,17,4.440892098500626e-16,4.440892098500626e-16,False,,25001,22255,2,1065,69
fix_A4,10,18,4.440892098500626e-16,4.440892098500626e-16,False,,25001,22280,2,1065,69
fix_A4,10,19,4.440892098500626e-16,4.440892098500626e-16,False,,25001,22205,2,1065,69
fix_A4,10,20,4.440892098500626e-16,4.440892098500626e-16,False,,25001,22275,2,1065,69
fix_A4,10,21,4.440892098500626e-16,4.440892098500626e-16,False,,25001,22010,2,1064,69
fix_A4,10,22,4.3076653355456074e-14,4.3076653355456074e-14,False,,25001,20870,2,1074,69
fix_A4,10,23,4.440892098500626e-16,4.440892098500626e-16,False,,25001,22155,2,1064,69
fix_A4,10,24,4.440892098500626e-16,4.440892098500626e-16,False,,25001,22165,2,1064,69
fix_A4,10,25,4.440892098500626e-16,4.440892098500626e-16,False,,25001,21890,2,1063,69
fix_A4,10,26,4.440892098500626e-16,4.440892098500626e-16,False,,25001,22285,2,1065,69
fix_A4,10,27,3.9968028886505635e-15,3.9968028886505635e-15,False,,25001,20800,2,1076,69
fix_A4,10,28,4.440892098500626e-16,4.440892098500626e-16,False,,25001,21910,2,1063,69
fix_A4,10,29,1.4654943925052066e-14,1.4654943925052066e-14,False,,25001,20865,2,1073,69
fix_A4,10,30,4.440892098500626e-16,4.440892098500626e-16,False,,25001,22265,2,1065,69
fix_A4,11,1,0.0,0.0,True,,227,185,1,37,0
fix_A4,11,2,0.0,0.0,True,,227,185,1,37,0
fix_A4,11,3,0.0,0.0,True,,209,170,1,34,0
fix_A4,11,4,0.0,0.0,True,,215,175,1,35,0
fix_A4,11,5,0.0,0.0,True,,185,150,1,30,0
fix_A4,11,6,0.0,0.0,True,,197,160,1,32,0
fix_A4,11,7,0.0,0.0,True,,209,170,1,34,0
fix_A4,11,8,0.0,0.0,True,,227,185,1,37,0
fix_A4,11,9,0.0,0.0,True,,239,195,1,39,0
fix_A4,11,10,0.0,0.0,True,,233,190,1,38,0
fix_A4,11,11,0.0,0.0,True,,221,180,1,36,0
fix_A4,11,12,0.0,0.0,True,,215,175,1,35,0
fix_A4,11,13,0.0,0.0,True,,197,160,1,32,0
fix_A4,11,14,0.0,0.0,True,,227,185,1,37,0
fix_A4,11,15,0.0,0.0,True,,209,170,1,34,0
fix_A4,11,16,0.0,0.0,True,,197,160,1,32,0
fix_A4,11,17,0.0,0.0,True,,191,155,1,31,0
fix_A4,11,18,0.0,0.0,True,,203,165,1,33,0
fix_A4,11,19,0.0,0.0,True,,197,160,1,32,0
fix_A4,11,20,0.0,0.0,True,,203,165,1,33,0
fix_A4,11,21,0.0,0.0,True,,209,170,1,34,0
fix_A4,11,22,0.0,0.0,True,,221,180,1,36,0
fix_A4,11,23,0.0,0.0,True,,215,175,1,35,0
fix_A4,11,24,0.0,0.0,True,,209,170,1,34,0
fix_A4,11,25,0.0,0.0,True,,209,170,1,34,0
fix_A4,11,26,0.0,0.0,True,,203,165,1,33,0
fix_A4,11,27,0.0,0.0,True,,203,165,1,33,0
fix_A4,11,28,0.0,0.0,True,,197,160,1,32,0
fix_A4,11,29,0.0,0.0,True,,239,195,1,39,0
fix_A4,11,30,0.0,0.0,True,,203,165,1,33,0
fix_A4,12,1,0.0415089746348858,0.0415089746348858,False,,25001,21105,2,1099,69
fix_A4,12,2,0.0012387769748951124,0.0012387769748951124,False,,25001,21035,2,1099,69
fix_A4,12,3,1.029114913031013e-05,1.029114913031013e-05,False,,25001,21115,2,1085,69
fix_A4,12,4,0.022243313401044813,0.022243313401044813,False,,25001,20720,2,247,69
fix_A4,12,5,0.006587287299288184,0.006587287299288184,False,,25001,20710,2,225,69
fix_A4,12,6,0.009604329794999965,0.009604329794999965,False,,25001,21070,2,1095,69
fix_A4,12,7,0.0019660847263062013,0.0019660847263062013,False,,25001,21055,2,1096,69
fix_A4,12,8,0.0018196095123279375,0.0018196095123279375,False,,25001,21100,2,1093,69
fix_A4,12,9,0.001992835515500826,0.001992835515500826,False,,25001,21060,2,1095,69
fix_A4,12,10,0.00023070384446992272,0.00023070384446992272,False,,25001,21145,2,1089,69
fix_A4,12,11,0.00010465850800419687,0.00010465850800419687,False,,25001,21210,2,1080,69
fix_A4,12,12,0.00749477530847744,0.00749477530847744,False,,25001,21075,2,1091,69
fix_A4,12,13,0.00031896877338411016,0.00031896877338411016,False,,25001,21080,2,1091,69
fix_A4,12,14,0.0006135226244980515,0.0006135226244980515,False,,25001,21125,2,1090,69
fix_A4,12,15,0.03919773224177468,0.03919773224177468,False,,25001,21080,2,1099,69
fix_A4,12,16,0.0006526593437390723,0.0006526593437390723,False,,25001,21085,2,1100,69
fix_A4,12,17,0.008386181935146779,0.008386181935146779,False,,25001,21085,2,1095,69
fix_A4,12,18,0.000977335754108298,0.000977335754108298,False,,25001,21175,2,1082,69
fix_A4,12,19,0.04194206595476815,0.04194206595476815,False,,25001,21095,2,1093,69
fix_A4,12,20,0.0009495292292132242,0.0009495292292132242,False,,25001,21120,2,1095,69
fix_A4,12,21,0.00042492728571255585,0.00042492728571255585,False,,25001,20715,2,235,69
fix_A4,12,22,0.007441938158154928,0.007441938158154928,False,,25001,21070,2,1099,69
fix_A4,12,23,0.0028612108511315076,0.0028612108511315076,False,,25001,21095,2,1097,69
fix_A4,12,24,0.029952362115030717,0.029952362115030717,False,,25001,21105,2,1100,69
fix_A4,12,25,0.0010723361066634323,0.0010723361066634323,False,,25001,20720,2,236,69
fix_A4,12,26,0.001220174097395406,0.001220174097395406,False,,25001,20715,2,235,69
fix_A4,12,27,0.0007572666669738012,0.0007572666669738012,False,,25001,20715,2,226,69
fix_A4,12,28,0.00010288744541991633,0.00010288744541991633,False,,25001,21085,2,1089,69
fix_A4,12,29,0.011601221825863796,0.011601221825863796,False,,25001,21120,2,1093,69
fix_A4,12,30,0.0018512636392449895,0.0018512636392449895,False,,25001,21170,2,1086,69
fix_A4,13,1,0.2634440053616562,0.2634440053616562,False,,25001,21180,2,1084,69
fix_A4,13,2,0.19335129436033147,0.19335129436033147,False,,25001,21065,2,1100,69
fix_A4,13,3,0.07101971867554868,0.07101971867554868,False,,25001,20880,2,1086,69
fix_A4,13,4,0.009283790086481565,0.009283790086481565,False,,25001,21045,2,1091,69
fix_A4,13,5,0.08721298078883909,0.08721298078883909,False,,25001,21080,2,1090,69
fix_A4,13,6,0.18841588464792955,0.18841588464792955,False,,25000,21095,2,1089,69
fix_A4,13,7,0.033353935415485085,0.033353935415485085,False,,25001,21135,2,1087,69
fix_A4,13,8,0.08922204181037616,0.08922204181037616,False,,25001,21060,2,1090,69
fix_A4,13,9,0.05913449132012495,0.05913449132012495,False,,25001,21085,2,1093,69
fix_A4,13,10,0.013601629268206274,0.013601629268206274,False,,25001,21115,2,1094,69
fix_A4,13,11,0.017163161808920354,0.017163161808920354,False,,25001,21070,2,1088,69
fix_A4,13,12,0.0634460875575426,0.0634460875575426,False,,25001,21100,2,1098,69
fix_A4,13,13,0.15495287385554535,0.15495287385554535,False,,25001,20710,2,219,69
fix_A4,13,14,0.0005486064471716565,0.0005486064471716565,False,,25001,21150,2,1085,69
fix_A4,13,15,0.008827252568489494,0.008827252568489494,False,,25001,21085,2,1088,69
fix_A4,13,16,0.10259862324200071,0.10259862324200071,False,,25001,21150,2,1089,69
fix_A4,13,17,0.07710680630349903,0.07710680630349903,False,,25001,21080,2,1091,69
fix_A4,13,18,0.328242131597154,0.328242131597154,False,,25001,21095,2,1091,69
fix_A4,13,19,0.11078628956022306,0.11078628956022306,False,,25001,21080,2,1094,69
fix_A4,13,20,0.2663745292873816,0.2663745292873816,False,,25001,21040,2,1090,69
fix_A4,13,21,0.07183999628332863,0.07183999628332863,False,,25001,20790,2,219,69
fix_A4,13,22,0.00946521403972867,0.00946521403972867,False,,25001,21095,2,1084,69
fix_A4,13,23,0.009910027393321448,0.009910027393321448,False,,25001,21140,2,1086,69
fix_A4,13,24,0.044058899546790056,0.044058899546790056,False,,25001,21075,2,1090,69
fix_A4,13,25,0.10640918669118321,0.10640918669118321,False,,25001,21125,2,1088,69
fix_A4,13,26,0.05245523556059792,0.05245523556059792,False,,25001,21065,2,1089,69
fix_A4,13,27,0.0029926441431937594,0.0029926441431937594,False,,25001,21205,2,1084,69
fix_A4,13,28,0.003374974182543126,0.003374974182543126,False,,25001,21090,2,1084,69
fix_A4,13,29,0.015678453926797942,0.015678453926797942,False,,25001,21070,2,1092,69
fix_A4,13,30,0.2354175470716906,0.2354175470716906,False,,25001,21075,2,1090,69
fix_A4,14,1,nan,,False,F14 matches no case in the published switch,1,0,1,0,0
fix_A4,14,2,nan,,False,F14 matches no case in the published switch,1,0,1,0,0
fix_A4,14,3,nan,,False,F14 matches no case in the published switch,1,0,1,0,0
fix_A4,14,4,nan,,False,F14 matches no case in the published switch,1,0,1,0,0
fix_A4,14,5,nan,,False,F14 matches no case in the published switch,1,0,1,0,0
fix_A4,14,6,nan,,False,F14 matches no case in the published switch,1,0,1,0,0
fix_A4,14,7,nan,,False,F14 matches no case in the published switch,1,0,1,0,0
fix_A4,14,8,nan,,False,F14 matches no case in the published switch,1,0,1,0,0
fix_A4,14,9,nan,,False,F14 matches no case in the published switch,1,0,1,0,0
fix_A4,14,10,nan,,False,F14 matches no case in the published switch,1,0,1,0,0
fix_A4,14,11,nan,,False,F14 matches no case in the published switch,1,0,1,0,0
fix_A4,14,12,nan,,False,F14 matches no case in the published switch,1,0,1,0,0
fix_A4,14,13,nan,,False,F14 matches no case in the published switch,1,0,1,0,0
fix_A4,14,14,nan,,False,F14 matches no case in the published switch,1,0,1,0,0
fix_A4,14,15,nan,,False,F14 matches no case in the published switch,1,0,1,0,0
fix_A4,14,16,nan,,False,F14 matches no case in the published switch,1,0,1,0,0
fix_A4,14,17,nan,,False,F14 matches no case in the published switch,1,0,1,0,0
fix_A4,14,18,nan,,False,F14 matches no case in the published switch,1,0,1,0,0
fix_A4,14,19,nan,,False,F14 matches no case in the published switch,1,0,1,0,0
fix_A4,14,20,nan,,False,F14 matches no case in the published switch,1,0,1,0,0
fix_A4,14,21,nan,,False,F14 matches no case in the published switch,1,0,1,0,0
fix_A4,14,22,nan,,False,F14 matches no case in the published switch,1,0,1,0,0
fix_A4,14,23,nan,,False,F14 matches no case in the published switch,1,0,1,0,0
fix_A4,14,24,nan,,False,F14 matches no case in the published switch,1,0,1,0,0
fix_A4,14,25,nan,,False,F14 matches no case in the published switch,1,0,1,0,0
fix_A4,14,26,nan,,False,F14 matches no case in the published switch,1,0,1,0,0
fix_A4,14,27,nan,,False,F14 matches no case in the published switch,1,0,1,0,0
fix_A4,14,28,nan,,False,F14 matches no case in the published switch,1,0,1,0,0
fix_A4,14,29,nan,,False,F14 matches no case in the published switch,1,0,1,0,0
fix_A4,14,30,nan,,False,F14 matches no case in the published switch,1,0,1,0,0
fix_A4,15,1,0.00030748608269758065,0.00030748608269758065,False,,25001,21080,2,1084,70
fix_A4,15,2,0.0003074859879254251,0.0003074859879254251,False,,25001,20705,2,204,71
fix_A4,15,3,0.00030748599023523016,0.00030748599023523016,False,,25001,20780,2,200,69
fix_A4,15,4,0.00030748599865362727,0.00030748599865362727,False,,25001,20950,2,1092,69
fix_A4,15,5,0.00030748598781006365,0.00030748598781006365,False,,25001,20685,2,204,69
fix_A4,15,6,0.00030748604715877845,0.00030748604715877845,False,,25001,21195,2,1077,71
fix_A4,15,7,0.000307485987929719,0.000307485987929719,False,,25001,20745,2,203,69
fix_A4,15,8,0.00030748598784492037,0.00030748598784492037,False,,25001,20915,2,197,69
fix_A4,15,9,0.0003074859881508235,0.0003074859881508235,False,,25001,20685,2,210,69
fix_A4,15,10,0.00030748598902983744,0.00030748598902983744,False,,25001,20775,2,204,71
fix_A4,15,11,0.00030748599305840377,0.00030748599305840377,False,,25001,20690,2,203,69
fix_A4,15,12,0.0003075396331082444,0.0003075396331082444,False,,25001,21045,2,1086,71
fix_A4,15,13,0.000307485990340153,0.000307485990340153,False,,25001,21050,2,1077,69
fix_A4,15,14,0.0003074859878064143,0.0003074859878064143,False,,25001,20670,2,222,69
fix_A4,15,15,0.00030748598782271694,0.00030748598782271694,False,,25001,20815,2,198,71
fix_A4,15,16,0.00030748599767234505,0.00030748599767234505,False,,25001,20750,2,207,69
fix_A4,15,17,0.00030748599439671,0.00030748599439671,False,,25001,20715,2,208,69
fix_A4,15,18,0.0003074859878284162,0.0003074859878284162,False,,25001,20780,2,1078,69
fix_A4,15,19,0.0003074859878143627,0.0003074859878143627,False,,25001,20715,2,204,71
fix_A4,15,20,0.0003074860195278651,0.0003074860195278651,False,,25001,20775,2,204,69
fix_A4,15,21,0.00030748598868260115,0.00030748598868260115,False,,25001,20815,2,200,69
fix_A4,15,22,0.000307486029675641,0.000307486029675641,False,,25001,20975,2,1086,69
fix_A4,15,23,0.0003074859903587519,0.0003074859903587519,False,,25001,20680,2,203,69
fix_A4,15,24,0.0003074859878158199,0.0003074859878158199,False,,25001,20720,2,202,69
fix_A4,15,25,0.00030748598801345786,0.00030748598801345786,False,,25001,21150,2,1079,70
fix_A4,15,26,0.0003074859878068461,0.0003074859878068461,False,,25001,20810,2,198,69
fix_A4,15,27,0.000307486007211598,0.000307486007211598,False,,25001,20815,2,200,70
fix_A4,15,28,0.00030748598812090614,0.00030748598812090614,False,,25001,20675,2,214,71
fix_A4,15,29,0.00030748598790636715,0.00030748598790636715,False,,25001,21100,2,1084,69
fix_A4,15,30,0.0003074859885560133,0.0003074859885560133,False,,25001,20705,2,209,69
fix_A4,16,1,12.67050581113556,0.000773923608030852,False,,25001,21600,2,1069,73
fix_A4,16,2,12.670505811135564,0.0007775908582429813,False,,25001,21410,2,186,76
fix_A4,16,3,12.67050581113556,0.0007748423852573685,False,,25001,21520,2,183,73
fix_A4,16,4,12.670505811135618,-0.0007667558637733785,False,,25001,21475,2,182,73
fix_A4,16,5,12.670505811135614,-0.0007701190800855711,False,,25001,21465,2,184,72
fix_A4,16,6,12.670505811135856,-0.0007735779723875564,False,,25001,21365,2,1067,81
fix_A4,16,7,12.67050581113556,0.0007729053382754172,False,,25001,21520,2,184,71
fix_A4,16,8,12.670505811135852,-0.000769273890654732,False,,25001,21455,2,182,72
fix_A4,16,9,12.67050581113556,0.0007785977859842834,False,,25001,21385,2,187,74
fix_A4,16,10,12.67050581113556,0.0007693520681782299,False,,25001,21435,2,184,71
fix_A4,16,11,12.670505811135554,0.0007724986318123622,False,,25001,21385,2,188,72
fix_A4,16,12,12.670505811135554,0.0007720675236535631,False,,25001,21675,2,1067,72
fix_A4,16,13,12.670505811135557,0.0007760361682049856,False,,25001,21300,2,185,72
fix_A4,16,14,12.670505811135554,0.000772373068851215,False,,25001,21220,2,1067,74
fix_A4,16,15,12.67050581113573,0.0008022744939933029,False,,25001,21385,2,186,72
fix_A4,16,16,12.670505811135554,0.0007728767590350397,False,,25001,21715,2,1066,73
fix_A4,16,17,12.670505811135618,-0.0007676848886947178,False,,25001,21375,2,187,72
fix_A4,16,18,12.670505811135557,0.0007737332492322339,False,,25001,21360,2,187,72
fix_A4,16,19,12.67050581113591,0.0007745932540127927,False,,25001,21770,2,1065,72
fix_A4,16,20,12.670505811135554,0.0007723928803768596,False,,25001,21525,2,1072,73
fix_A4,16,21,12.670505811135554,0.0007761608168179573,False,,25001,21700,2,1067,75
fix_A4,16,22,12.670505811135614,-0.0007715088176871611,False,,25001,21590,2,182,72
fix_A4,16,23,12.670505811135678,-0.000747787242305058,False,,25001,21410,2,187,73
fix_A4,16,24,12.67050581113562,-0.0007757146799654846,False,,25001,21425,2,185,74
fix_A4,16,25,12.670505811135618,-0.0007720059403988189,False,,25001,21300,2,186,73
fix_A4,16,26,12.670505811135554,0.0007727808987067606,False,,25001,21705,2,1066,71
fix_A4,16,27,12.670505811135616,-0.0007727378651660193,False,,25001,21545,2,1071,74
fix_A4,16,28,12.670505811135614,-0.0007740321617602989,False,,25001,21455,2,186,73
fix_A4,16,29,12.67050581113562,-0.0007715471321603417,False,,25001,21530,2,1068,69
fix_A4,16,30,12.670505811135614,-0.0007721709657785748,False,,25001,21510,2,184,73
fix_A4,17,1,0.397900289906147,0.397900289906147,True,,2938,2295,2,110,69
fix_A4,17,2,0.39791107250930224,0.39791107250930224,True,,7398,6405,2,1007,69
fix_A4,17,3,0.3979493522433888,0.3979493522433888,True,,2710,2105,2,109,69
fix_A4,17,4,0.3979295236606948,0.3979295236606948,True,,2964,2315,2,110,69
fix_A4,17,5,0.39794532681795936,0.39794532681795936,True,,2093,1590,2,106,69
fix_A4,17,6,0.3978887353112004,0.3978887353112004,True,,3263,2570,2,111,69
fix_A4,17,7,0.3979380995889681,0.3979380995889681,True,,7071,6140,2,1006,69
fix_A4,17,8,0.3979841997136262,0.3979841997136262,True,,2659,2070,2,109,69
fix_A4,17,9,0.39789654283985953,0.39789654283985953,True,,2451,1905,2,108,69
fix_A4,17,10,0.3979664519782027,0.3979664519782027,True,,3256,2575,2,111,69
fix_A4,17,11,0.39798233316201426,0.39798233316201426,True,,2009,1525,2,106,69
fix_A4,17,12,0.39790597345622736,0.39790597345622736,True,,2711,2125,2,109,69
fix_A4,17,13,0.39793589788283334,0.39793589788283334,True,,7581,6520,2,1008,69
fix_A4,17,14,0.3979165706940577,0.3979165706940577,True,,7665,6605,2,1008,69
fix_A4,17,15,0.39794105421814585,0.39794105421814585,True,,1945,1470,2,105,69
fix_A4,17,16,0.3979041217517487,0.3979041217517487,True,,7213,6210,2,1007,69
fix_A4,17,17,0.3979308989051784,0.3979308989051784,True,,2626,2065,2,107,69
fix_A4,17,18,0.39792650657238937,0.39792650657238937,True,,7700,6720,2,1007,69
fix_A4,17,19,0.39793810899391957,0.39793810899391957,True,,7605,6530,2,1008,69
fix_A4,17,20,0.3978924236131576,0.3978924236131576,True,,2335,1815,2,107,69
fix_A4,17,21,0.3979709746827904,0.3979709746827904,True,,2204,1675,2,106,69
fix_A4,17,22,0.39793587383325324,0.39793587383325324,True,,2541,1970,2,108,69
fix_A4,17,23,0.39795166933391535,0.39795166933391535,True,,2575,1990,2,108,69
fix_A4,17,24,0.39790167403147336,0.39790167403147336,True,,2475,1940,2,107,69
fix_A4,17,25,0.3979861728081584,0.3979861728081584,True,,2246,1725,2,107,69
fix_A4,17,26,0.3979357692374528,0.3979357692374528,True,,2592,2045,2,107,69
fix_A4,17,27,0.39792218146153324,0.39792218146153324,True,,2323,1830,2,106,69
fix_A4,17,28,0.3979246100196594,0.3979246100196594,True,,2364,1825,2,107,69
fix_A4,17,29,0.39798978007571506,0.39798978007571506,True,,2528,1985,2,107,69
fix_A4,17,30,0.39797452428008917,0.39797452428008917,True,,2523,1960,2,108,69
fix_A4,18,1,2.9999999999999787,2.9999999999999787,True,,9431,7765,2,135,69
fix_A4,18,2,2.999999999999954,2.999999999999954,True,,10595,8715,2,142,71
fix_A4,18,3,2.9999999999999503,2.9999999999999503,True,,8638,7060,2,134,71
fix_A4,18,4,2.999999999999962,2.999999999999962,True,,8201,6725,2,132,69
fix_A4,18,5,2.9999999999999525,2.9999999999999525,True,,13762,11705,2,1031,70
fix_A4,18,6,2.9999999999999973,2.9999999999999973,True,,9900,8085,2,141,71
fix_A4,18,7,2.9999999999999716,2.9999999999999716,True,,9637,7975,2,135,69
fix_A4,18,8,2.999999999999979,2.999999999999979,True,,9483,7780,2,137,70
fix_A4,18,9,2.999999999999971,2.999999999999971,True,,8655,7110,2,133,69
fix_A4,18,10,2.999999999999996,2.999999999999996,True,,9921,8125,2,142,69
fix_A4,18,11,2.999999999999968,2.999999999999968,True,,9370,7710,2,135,69
fix_A4,18,12,2.9999999999999782,2.9999999999999782,True,,9313,7680,2,135,69
fix_A4,18,13,2.999999999999953,2.999999999999953,True,,15152,12770,2,1040,69
fix_A4,18,14,2.999999999999998,2.999999999999998,True,,9710,8010,2,137,69
fix_A4,18,15,2.9999999999999885,2.9999999999999885,True,,9910,8120,2,140,69
fix_A4,18,16,2.999999999999993,2.999999999999993,True,,10388,8510,2,143,71
fix_A4,18,17,2.9999999999999982,2.9999999999999982,True,,9681,7930,2,141,70
fix_A4,18,18,2.9999999999999725,2.9999999999999725,True,,9304,7630,2,137,73
fix_A4,18,19,2.999999999999997,2.999999999999997,True,,9950,8130,2,140,71
fix_A4,18,20,2.999999999999961,2.999999999999961,True,,9355,7640,2,138,70
fix_A4,18,21,2.999999999999945,2.999999999999945,True,,10078,8255,2,142,71
fix_A4,18,22,2.999999999999993,2.999999999999993,True,,9927,8160,2,139,69
fix_A4,18,23,2.999999999999995,2.999999999999995,True,,9475,7735,2,139,69
fix_A4,18,24,2.9999999999999454,2.9999999999999454,True,,14543,12190,2,1034,69
fix_A4,18,25,2.9999999999999947,2.9999999999999947,True,,9822,8055,2,139,72
fix_A4,18,26,2.9999999999999893,2.9999999999999893,True,,9886,8085,2,140,71
fix_A4,18,27,2.9999999999999436,2.9999999999999436,True,,10759,8895,2,141,70
fix_A4,18,28,2.9999999999999987,2.9999999999999987,True,,9762,8010,2,139,69
fix_A4,18,29,2.9999999999999676,2.9999999999999676,True,,9593,7840,2,139,69
fix_A4,18,30,2.9999999999999765,2.9999999999999765,True,,9703,7980,2,138,71
fix_A4,19,1,-3.8610232615765634,-3.8610232615765634,True,,2584,1990,2,108,70
fix_A4,19,2,-3.8615266781183015,-3.8615266781183015,True,,2210,1690,2,107,70
fix_A4,19,3,-3.8603715408178774,-3.8603715408178774,True,,2333,1800,2,107,69
fix_A4,19,4,-3.860945415908864,-3.860945415908864,True,,1754,1340,2,104,69
fix_A4,19,5,-3.8621895598997136,-3.8621895598997136,True,,2154,1925,1,385,0
fix_A4,19,6,-3.8602213336585907,-3.8602213336585907,True,,2328,1780,2,107,69
fix_A4,19,7,-3.860666465269966,-3.860666465269966,True,,6739,5815,2,1005,69
fix_A4,19,8,-3.861237010077066,-3.861237010077066,True,,1753,1305,2,105,69
fix_A4,19,9,-3.8613003318764423,-3.8613003318764423,True,,2023,1535,2,106,69
fix_A4,19,10,-3.8606584338918424,-3.8606584338918424,True,,2225,1705,2,107,69
fix_A4,19,11,-3.8604432627762275,-3.8604432627762275,True,,2008,1515,2,106,69
fix_A4,19,12,-3.862125113868442,-3.862125113868442,True,,2240,1720,2,107,69
fix_A4,19,13,-3.860146168411189,-3.860146168411189,True,,2141,1635,2,106,69
fix_A4,19,14,-3.861978214803457,-3.861978214803457,True,,2109,1615,2,106,69
fix_A4,19,15,-3.860947392779588,-3.860947392779588,True,,2679,2085,2,109,69
fix_A4,19,16,-3.86000628638965,-3.86000628638965,True,,2613,2015,2,108,70
fix_A4,19,17,-3.8604265731106433,-3.8604265731106433,True,,1660,1245,2,104,69
fix_A4,19,18,-3.861764320458128,-3.861764320458128,True,,1577,1155,2,104,69
fix_A4,19,19,-3.860725397173807,-3.860725397173807,True,,1863,1390,2,105,69
fix_A4,19,20,-3.860993742129564,-3.860993742129564,True,,2027,1525,2,106,69
fix_A4,19,21,-3.860628744082311,-3.860628744082311,True,,2003,1520,2,106,70
fix_A4,19,22,-3.8601176693321873,-3.8601176693321873,True,,2280,1750,2,107,69
fix_A4,19,23,-3.860601556763183,-3.860601556763183,True,,2246,1710,2,107,69
fix_A4,19,24,-3.8624178160136537,-3.8624178160136537,True,,1961,1480,2,105,69
fix_A4,19,25,-3.8608050019668756,-3.8608050019668756,True,,1762,1315,2,105,69
fix_A4,19,26,-3.862267208115331,-3.862267208115331,True,,2057,1555,2,106,69
fix_A4,19,27,-3.8616682106220277,-3.8616682106220277,True,,2896,2265,2,109,69
fix_A4,19,28,-3.8600744685289383,-3.8600744685289383,True,,3317,2945,1,589,0
fix_A4,19,29,-3.862266277425478,-3.862266277425478,True,,2081,1585,2,106,69
fix_A4,19,30,-3.862170198044181,-3.862170198044181,True,,1808,1350,2,105,69
fix_A4,20,1,-3.3200199421616627,-3.3200199421616627,True,,6788,5495,2,128,69
fix_A4,20,2,-3.320716455660029,-3.320716455660029,True,,5394,4330,2,120,69
fix_A4,20,3,-3.3200283026005524,-3.3200283026005524,True,,7477,6075,2,129,69
fix_A4,20,4,-3.3201366573346904,-3.3201366573346904,True,,4540,3620,2,117,69
fix_A4,20,5,-3.203102049465828,-3.203102049465828,False,,25001,20670,2,224,69
fix_A4,20,6,-3.32007400125548,-3.32007400125548,True,,5333,4280,2,120,69
fix_A4,20,7,-3.320237702673,-3.320237702673,True,,5195,4170,2,120,69
fix_A4,20,8,-3.320051593781301,-3.320051593781301,True,,3862,3060,2,114,69
fix_A4,20,9,-3.3206485358519644,-3.3206485358519644,True,,5193,4165,2,120,69
fix_A4,20,10,-3.32043253221173,-3.32043253221173,True,,18247,15380,2,165,69
fix_A4,20,11,-3.321241352232089,-3.321241352232089,True,,5310,4260,2,120,69
fix_A4,20,12,-3.3201682806323967,-3.3201682806323967,True,,9881,8395,2,1017,69
fix_A4,20,13,-3.3203171892250944,-3.3203171892250944,True,,4497,3585,2,117,69
fix_A4,20,14,-3.320327499123464,-3.320327499123464,True,,4803,3840,2,118,69
fix_A4,20,15,-3.3202955552302122,-3.3202955552302122,True,,6037,4870,2,124,69
fix_A4,20,16,-3.3211863727839677,-3.3211863727839677,True,,8550,7260,2,1011,69
fix_A4,20,17,-3.320155528472795,-3.320155528472795,True,,4505,3590,2,116,69
fix_A4,20,18,-3.3206074510986587,-3.3206074510986587,True,,4283,3410,2,116,69
fix_A4,20,19,-3.3202802398062268,-3.3202802398062268,True,,10372,8805,2,1019,69
fix_A4,20,20,-3.3203049147913184,-3.3203049147913184,True,,5063,4055,2,119,69
fix_A4,20,21,-3.3207372053083724,-3.3207372053083724,True,,5160,4135,2,119,69
fix_A4,20,22,-3.320066363944509,-3.320066363944509,True,,5872,4730,2,123,69
fix_A4,20,23,-3.3206595160045715,-3.3206595160045715,True,,5643,4540,2,121,69
fix_A4,20,24,-3.320979834373317,-3.320979834373317,True,,5437,4365,2,120,69
fix_A4,20,25,-3.320845562062941,-3.320845562062941,True,,5200,4170,2,120,69
fix_A4,20,26,-3.3202904494207335,-3.3202904494207335,True,,6209,5010,2,125,69
fix_A4,20,27,-3.2031020483039856,-3.2031020483039856,False,,25001,20675,2,205,69
fix_A4,20,28,-3.203102045690445,-3.203102045690445,False,,25001,20670,2,226,69
fix_A4,20,29,-3.32068013463256,-3.32068013463256,True,,5025,4025,2,119,69
fix_A4,20,30,-3.3205476766785686,-3.3205476766785686,True,,10772,9080,2,1020,69
fix_A4,21,1,-10.153199679058227,-10.153199679058227,False,,25001,20715,2,206,71
fix_A4,21,2,-10.153199679058227,-10.153199679058227,False,,25001,20780,2,201,76
fix_A4,21,3,-10.153199679058229,-10.153199679058229,False,,25001,20885,2,197,71
fix_A4,21,4,-10.15319967905821,-10.15319967905821,False,,25001,20780,2,202,74
fix_A4,21,5,-10.153199679054781,-10.153199679054781,False,,25001,20850,2,197,71
fix_A4,21,6,-10.153199679058227,-10.153199679058227,False,,25001,20760,2,203,71
fix_A4,21,7,-10.153199679058224,-10.153199679058224,False,,25001,20760,2,201,71
fix_A4,21,8,-10.153199679058217,-10.153199679058217,False,,25001,20810,2,205,72
fix_A4,21,9,-10.153199679049866,-10.153199679049866,False,,25001,20915,2,203,73
fix_A4,21,10,-10.153199679058229,-10.153199679058229,False,,25001,20865,2,197,73
fix_A4,21,11,-10.153199679055398,-10.153199679055398,False,,25001,20750,2,209,71
fix_A4,21,12,-10.153199679058229,-10.153199679058229,False,,25001,20735,2,206,71
fix_A4,21,13,-10.153199679058199,-10.153199679058199,False,,25001,20870,2,200,71
fix_A4,21,14,-10.153199679042118,-10.153199679042118,False,,25001,20770,2,205,75
fix_A4,21,15,-10.153199679057602,-10.153199679057602,False,,25001,21130,2,1081,69
fix_A4,21,16,-10.153199677028962,-10.153199677028962,False,,25001,20780,2,204,71
fix_A4,21,17,-10.153159888042364,-10.153159888042364,False,,25001,21085,2,191,71
fix_A4,21,18,-10.153199679051065,-10.153199679051065,False,,25001,20755,2,204,71
fix_A4,21,19,-10.153199679058202,-10.153199679058202,False,,25001,20950,2,195,72
fix_A4,21,20,-10.153199679058229,-10.153199679058229,False,,25001,20725,2,204,72
fix_A4,21,21,-10.153199679058208,-10.153199679058208,False,,25001,20755,2,200,70
fix_A4,21,22,-10.153199679058224,-10.153199679058224,False,,25001,20840,2,197,73
fix_A4,21,23,-10.153199678363645,-10.153199678363645,False,,25000,20780,2,202,73
fix_A4,21,24,-10.153199679058229,-10.153199679058229,False,,25001,20785,2,201,71
fix_A4,21,25,-10.153199679058229,-10.153199679058229,False,,25001,20850,2,198,70
fix_A4,21,26,-10.153197548691997,-10.153197548691997,False,,25001,21025,2,196,72
fix_A4,21,27,-10.153199679058229,-10.153199679058229,False,,25001,20710,2,202,72
fix_A4,21,28,-10.153199679058229,-10.153199679058229,False,,25001,20750,2,203,72
fix_A4,21,29,-10.153199679006864,-10.153199679006864,False,,25001,20780,2,206,69
fix_A4,21,30,-10.153199679058226,-10.153199679058226,False,,25001,20775,2,202,73
fix_A4,22,1,-10.402918128400001,-10.402918128400001,True,,7689,6320,2,128,71
fix_A4,22,2,-10.402902415708917,-10.402902415708917,True,,7965,6515,2,130,71
fix_A4,22,3,-10.402913977500777,-10.402913977500777,True,,6959,5745,2,124,71
fix_A4,22,4,-10.402912946351774,-10.402912946351774,True,,8580,7035,2,132,73
fix_A4,22,5,-10.402902030214443,-10.402902030214443,True,,9970,8220,2,138,70
fix_A4,22,6,-10.402929324090826,-10.402929324090826,True,,15166,12675,2,156,70
fix_A4,22,7,-10.402900160170914,-10.402900160170914,True,,7102,5830,2,126,72
fix_A4,22,8,-10.402917000296199,-10.402917000296199,True,,9487,7825,2,136,71
fix_A4,22,9,-10.402903186913631,-10.402903186913631,True,,10629,8810,2,140,73
fix_A4,22,10,-10.402907128132696,-10.402907128132696,True,,17311,14770,2,1045,72
fix_A4,22,11,-10.402915218295693,-10.402915218295693,True,,11690,9690,2,144,72
fix_A4,22,12,-10.402926179887322,-10.402926179887322,True,,14920,12725,2,1037,70
fix_A4,22,13,-10.402925185550238,-10.402925185550238,True,,8860,7235,2,135,70
fix_A4,22,14,-10.402906966048725,-10.402906966048725,True,,9801,8040,2,138,70
fix_A4,22,15,-10.40291139612503,-10.40291139612503,True,,14330,12205,2,1036,73
fix_A4,22,16,-10.402905060450257,-10.402905060450257,True,,7459,6095,2,128,69
fix_A4,22,17,-10.402922866307001,-10.402922866307001,True,,9612,7955,2,135,71
fix_A4,22,18,-10.402906418887127,-10.402906418887127,True,,7790,6375,2,129,71
fix_A4,22,19,-10.402914775919792,-10.402914775919792,True,,10109,8405,2,136,72
fix_A4,22,20,-10.402925728585613,-10.402925728585613,True,,7201,5880,2,127,72
fix_A4,22,21,-10.402922348393437,-10.402922348393437,True,,16695,14200,2,1045,70
fix_A4,22,22,-10.402902556694544,-10.402902556694544,True,,8892,7370,2,132,72
fix_A4,22,23,-10.402907899365365,-10.402907899365365,True,,12117,10040,2,146,73
fix_A4,22,24,-10.402917439975841,-10.402917439975841,True,,9493,7815,2,136,73
fix_A4,22,25,-10.402905832836701,-10.402905832836701,True,,10493,8630,2,141,72
fix_A4,22,26,-10.402912935740462,-10.402912935740462,True,,9928,8260,2,136,69
fix_A4,22,27,-10.402929409184747,-10.402929409184747,True,,10976,9135,2,140,70
fix_A4,22,28,-10.402906488171137,-10.402906488171137,True,,11651,9655,2,144,76
fix_A4,22,29,-10.402915527197004,-10.402915527197004,True,,10941,9090,2,140,72
fix_A4,22,30,-10.402921840500614,-10.402921840500614,True,,7798,6345,2,130,71
fix_A4,23,1,-10.536402946703399,-10.536402946703399,True,,7905,6500,2,129,71
fix_A4,23,2,-10.536401240492212,-10.536401240492212,True,,12043,10110,2,142,70
fix_A4,23,3,-10.536401326028573,-10.536401326028573,True,,9556,7910,2,135,71
fix_A4,23,4,-10.536401411351186,-10.536401411351186,True,,7794,6330,2,131,71
fix_A4,23,5,-10.536404391723533,-10.536404391723533,True,,7940,6495,2,130,70
fix_A4,23,6,-10.536401606392488,-10.536401606392488,True,,8915,7315,2,134,71
fix_A4,23,7,-10.536405207471342,-10.536405207471342,True,,8957,7375,2,134,72
fix_A4,23,8,-10.536406920085458,-10.536406920085458,True,,8369,6860,2,132,71
fix_A4,23,9,-10.536402148377201,-10.536402148377201,True,,10191,8385,2,140,71
fix_A4,23,10,-10.536400465297548,-10.536400465297548,True,,17858,15180,2,1049,74
fix_A4,23,11,-10.536403439876572,-10.536403439876572,True,,8735,7225,2,132,70
fix_A4,23,12,-10.53640329262963,-10.53640329262963,True,,10369,8515,2,141,72
fix_A4,23,13,-10.536403698272943,-10.536403698272943,True,,9467,7870,2,134,70
fix_A4,23,14,-10.536401046208164,-10.536401046208164,True,,7545,6125,2,129,72
fix_A4,23,15,-10.536403777683375,-10.536403777683375,True,,10457,8620,2,140,70
fix_A4,23,16,-10.536402111812775,-10.536402111812775,True,,16361,13645,2,163,72
fix_A4,23,17,-10.53640473385147,-10.53640473385147,True,,11182,9195,2,144,73
fix_A4,23,18,-10.53640303734742,-10.53640303734742,True,,8885,7285,2,134,69
fix_A4,23,19,-10.536402284296752,-10.536402284296752,True,,7461,6055,2,128,74
fix_A4,23,20,-10.536405900152591,-10.536405900152591,True,,8255,6755,2,131,73
fix_A4,23,21,-10.536402275389278,-10.536402275389278,True,,7895,6430,2,131,72
fix_A4,23,22,-10.536402143494033,-10.536402143494033,True,,9414,7735,2,136,72
fix_A4,23,23,-10.536402831560661,-10.536402831560661,True,,7481,6150,2,127,70
fix_A4,23,24,-10.53640246818677,-10.53640246818677,True,,8933,7315,2,134,73
fix_A4,23,25,-10.536402144082649,-10.536402144082649,True,,8161,6720,2,130,72
fix_A4,23,26,-10.53640494485245,-10.53640494485245,True,,12482,10490,2,144,72
fix_A4,23,27,-10.536400608663605,-10.536400608663605,True,,11140,9305,2,140,69
fix_A4,23,28,-10.536404775493569,-10.536404775493569,True,,12113,10005,2,147,76
fix_A4,23,29,-10.536403295978612,-10.536403295978612,True,,7872,6500,2,128,69
fix_A4,23,30,-10.536403383066322,-10.536403383066322,True,,7831,6505,2,127,71
fix_A2+A3,1,1,2.015399336368442,2.015399336368442,False,,29561,25000,2,1253,0
fix_A2+A3,1,2,2.2592887648848934,2.2592887648848934,False,,29680,25010,2,1312,0
fix_A2+A3,1,3,8.323204929832825,8.323204929832825,False,,29763,25010,2,1314,0
fix_A2+A3,1,4,77.24029630581502,77.24029630581502,False,,29769,25000,2,1343,0
fix_A2+A3,1,5,59.613322073258125,59.613322073258125,False,,29655,25005,2,1342,0
fix_A2+A3,1,6,151.54611700367923,151.54611700367923,False,,30185,25000,2,631,0
fix_A2+A3,1,7,2.3788790068223684,2.3788790068223684,False,,29671,25010,2,1300,0
fix_A2+A3,1,8,55.016463097655205,55.016463097655205,False,,29737,25010,2,1394,0
fix_A2+A3,1,9,43.50772064379869,43.50772064379869,False,,29697,25015,2,1283,0
fix_A2+A3,1,10,54.51737919664924,54.51737919664924,False,,29722,25000,2,1430,0
fix_A2+A3,1,11,70.41423459158891,70.41423459158891,False,,29777,25005,2,1342,0
fix_A2+A3,1,12,17.797383081119175,17.797383081119175,False,,29709,25000,2,1346,0
fix_A2+A3,1,13,71.9969812975021,71.9969812975021,False,,30179,25005,2,727,0
fix_A2+A3,1,14,10.871958429937333,10.871958429937333,False,,29704,25015,2,1353,0
fix_A2+A3,1,15,12.66935380212181,12.66935380212181,False,,29733,25005,2,1301,0
fix_A2+A3,1,16,4.970797191938527,4.970797191938527,False,,29713,25015,2,1394,0
fix_A2+A3,1,17,38.14789008649861,38.14789008649861,False,,29696,25015,2,1296,0
fix_A2+A3,1,18,13.495996712164537,13.495996712164537,False,,30179,25000,2,687,0
fix_A2+A3,1,19,46.93501932981522,46.93501932981522,False,,29713,25015,2,1306,0
fix_A2+A3,1,20,67.86274499837536,67.86274499837536,False,,29694,25005,2,1365,0
fix_A2+A3,1,21,12.821211782501877,12.821211782501877,False,,29653,25000,2,1314,0
fix_A2+A3,1,22,24.66855457902718,24.66855457902718,False,,29722,25005,2,1219,0
fix_A2+A3,1,23,25.626434717884155,25.626434717884155,False,,29709,25005,2,1280,0
fix_A2+A3,1,24,26.195888351932144,26.195888351932144,False,,29678,25000,2,1367,0
fix_A2+A3,1,25,118.42014816501828,118.42014816501828,False,,29752,25000,2,1328,0
fix_A2+A3,1,26,4.368887107165985,4.368887107165985,False,,29627,25010,2,1347,0
fix_A2+A3,1,27,55.93761177052363,55.93761177052363,False,,29719,25000,2,1388,0
fix_A2+A3,1,28,63.52007858651032,63.52007858651032,False,,29727,25010,2,1402,0
fix_A2+A3,1,29,102.45558482145121,102.45558482145121,False,,29681,25010,2,1362,0
fix_A2+A3,1,30,14.073845007881195,14.073845007881195,False,,29742,25005,2,1357,0
fix_A2+A3,2,1,2.8857968749929426,2.8857968749929426,False,,30192,25005,2,700,0
fix_A2+A3,2,2,5.674481962838141,5.674481962838141,False,,29793,25005,2,1385,0
fix_A2+A3,2,3,1.643083008520858,1.643083008520858,False,,30153,25015,2,615,0
fix_A2+A3,2,4,1.217145195960106,1.217145195960106,False,,30102,25000,2,621,0
fix_A2+A3,2,5,4.87490174037151,4.87490174037151,False,,30185,25010,2,608,0
fix_A2+A3,2,6,1.1662026143828241,1.1662026143828241,False,,30125,25015,2,616,0
fix_A2+A3,2,7,0.6583625692887649,0.6583625692887649,False,,29643,25015,2,1194,0
fix_A2+A3,2,8,3.6782517356599507,3.6782517356599507,False,,29737,25010,2,1313,0
fix_A2+A3,2,9,0.9959790554499431,0.9959790554499431,False,,30066,25005,2,473,0
fix_A2+A3,2,10,3.0698581670368563,3.0698581670368563,False,,30194,25010,2,587,0
fix_A2+A3,2,11,1.9304448784879247,1.9304448784879247,False,,29711,25000,2,1221,0
fix_A2+A3,2,12,2.808932123697699,2.808932123697699,False,,29768,25005,2,1350,0
fix_A2+A3,2,13,2.680821692161363,2.680821692161363,False,,29693,25015,2,1349,0
fix_A2+A3,2,14,3.4583712874159325,3.4583712874159325,False,,29761,25005,2,1457,0
fix_A2+A3,2,15,1.4647621958764994,1.4647621958764994,False,,29804,25015,2,1348,0
fix_A2+A3,2,16,1.0839821918907406,1.0839821918907406,False,,29671,25015,2,1334,0
fix_A2+A3,2,17,6.483757725466382,6.483757725466382,False,,30183,25005,2,772,0
fix_A2+A3,2,18,1.4596713373598218,1.4596713373598218,False,,30148,25005,2,646,0
fix_A2+A3,2,19,4.994264747212478,4.994264747212478,False,,29781,25015,2,1415,0
fix_A2+A3,2,20,4.405591840621983,4.405591840621983,False,,30179,25000,2,675,0
fix_A2+A3,2,21,1.320107309601766,1.320107309601766,False,,29703,25010,2,1363,0
fix_A2+A3,2,22,3.3319244000864034,3.3319244000864034,False,,29775,25000,2,1298,0
fix_A2+A3,2,23,1.2356252112047108,1.2356252112047108,False,,29793,25000,2,1313,0
fix_A2+A3,2,24,1.281507144580599,1.281507144580599,False,,30208,25010,2,669,0
fix_A2+A3,2,25,7.350809930172045,7.350809930172045,False,,29827,25000,2,1389,0
fix_A2+A3,2,26,1.2337396857699445,1.2337396857699445,False,,30152,25015,2,666,0
fix_A2+A3,2,27,1.7744638155611314,1.7744638155611314,False,,29678,25000,2,1341,0
fix_A2+A3,2,28,2.355366375671638,2.355366375671638,False,,29814,25005,2,1327,0
fix_A2+A3,2,29,1.7792389859918378,1.7792389859918378,False,,30062,25000,2,628,0
fix_A2+A3,2,30,1.6261989154639056,1.6261989154639056,False,,30112,25010,2,671,0
fix_A2+A3,3,1,633.1638184291293,633.1638184291293,False,,29720,25005,2,1235,0
fix_A2+A3,3,2,126.51951148673172,126.51951148673172,False,,29767,25000,2,1250,0
fix_A2+A3,3,3,329.4149301104229,329.4149301104229,False,,29692,25000,2,1296,0
fix_A2+A3,3,4,1132.7811752914242,1132.7811752914242,False,,30092,25005,2,1350,0
fix_A2+A3,3,5,14.425089322716977,14.425089322716977,False,,29620,25010,2,1198,0
fix_A2+A3,3,6,700.8249046948087,700.8249046948087,False,,30007,25010,2,1322,0
fix_A2+A3,3,7,64.78619533850808,64.78619533850808,False,,29745,25015,2,1309,0
fix_A2+A3,3,8,33.442105046367914,33.442105046367914,False,,29656,25010,2,1164,0
fix_A2+A3,3,9,1376.1016345279666,1376.1016345279666,False,,30185,25005,2,558,0
fix_A2+A3,3,10,88.88318435480369,88.88318435480369,False,,29853,25010,2,1262,0
fix_A2+A3,3,11,51.57260039483185,51.57260039483185,False,,29864,25005,2,1260,0
fix_A2+A3,3,12,1001.7538036571368,1001.7538036571368,False,,29837,25000,2,1343,0
fix_A2+A3,3,13,31.526489298963334,31.526489298963334,False,,29842,25005,2,1172,0
fix_A2+A3,3,14,603.5298475104911,603.5298475104911,False,,29864,25015,2,1297,0
fix_A2+A3,3,15,1351.6772322661539,1351.6772322661539,False,,30189,25010,2,593,0
fix_A2+A3,3,16,44.922087376860155,44.922087376860155,False,,30132,25000,2,651,0
fix_A2+A3,3,17,28.379920609002742,28.379920609002742,False,,29707,25015,2,1281,0
fix_A2+A3,3,18,31.822626498835685,31.822626498835685,False,,29710,25005,2,1203,0
fix_A2+A3,3,19,40.269181988728484,40.269181988728484,False,,30121,25010,2,534,0
fix_A2+A3,3,20,91.21870553113888,91.21870553113888,False,,29769,25010,2,1204,0
fix_A2+A3,3,21,70.06839969190578,70.06839969190578,False,,29738,25005,2,1354,0
fix_A2+A3,3,22,4103.496415117644,4103.496415117644,False,,29888,25010,2,1322,0
fix_A2+A3,3,23,130.3806420751108,130.3806420751108,False,,29736,25010,2,1283,0
fix_A2+A3,3,24,31.02733425132713,31.02733425132713,False,,29782,25015,2,1165,0
fix_A2+A3,3,25,496.1772369525228,496.1772369525228,False,,29939,25015,2,1344,0
fix_A2+A3,3,26,11.042216712496707,11.042216712496707,False,,29761,25005,2,1119,0
fix_A2+A3,3,27,680.9679987633007,680.9679987633007,False,,29951,25015,2,1247,0
fix_A2+A3,3,28,47.39702117909336,47.39702117909336,False,,29770,25015,2,1280,0
fix_A2+A3,3,29,1862.6035909649095,1862.6035909649095,False,,29800,25015,2,1331,0
fix_A2+A3,3,30,64.81525411957324,64.81525411957324,False,,30176,25015,2,576,0
fix_A2+A3,4,1,3.960689900410351,3.960689900410351,False,,29677,25010,2,1235,0
fix_A2+A3,4,2,1.6927596238519633,1.6927596238519633,False,,29638,25005,2,1255,0
fix_A2+A3,4,3,1.633818076431281,1.633818076431281,False,,30096,25015,2,429,0
fix_A2+A3,4,4,0.6985043102728153,0.6985043102728153,False,,30104,25000,2,555,0
fix_A2+A3,4,5,1.7848855002720425,1.7848855002720425,False,,29596,25005,2,1130,0
fix_A2+A3,4,6,1.5181602151441924,1.5181602151441924,False,,30131,25000,2,429,0
fix_A2+A3,4,7,0.7572988177311576,0.7572988177311576,False,,29790,25050,2,1131,0
fix_A2+A3,4,8,1.9884546445342575,1.9884546445342575,False,,29754,25040,2,1146,0
fix_A2+A3,4,9,1.606405408114428,1.606405408114428,False,,30108,25010,2,469,0
fix_A2+A3,4,10,4.172640622833487,4.172640622833487,False,,29643,25015,2,1144,0
fix_A2+A3,4,11,1.7227842464775494,1.7227842464775494,False,,29709,25015,2,1164,0
fix_A2+A3,4,12,1.9370698189347468,1.9370698189347468,False,,29664,25010,2,1201,0
fix_A2+A3,4,13,1.0536950515145058,1.0536950515145058,False,,30179,25010,2,293,0
fix_A2+A3,4,14,1.3917452908414236,1.3917452908414236,False,,30094,25005,2,427,0
fix_A2+A3,4,15,1.108959680750257,1.108959680750257,False,,29672,25040,2,1146,0
fix_A2+A3,4,16,1.6745498689804978,1.6745498689804978,False,,29686,25010,2,1130,0
fix_A2+A3,4,17,2.5155262189040686,2.5155262189040686,False,,29707,25065,2,1138,0
fix_A2+A3,4,18,2.9834483574455937,2.9834483574455937,False,,29630,25000,2,1167,0
fix_A2+A3,4,19,2.4678187505632936,2.4678187505632936,False,,29718,25000,2,1241,0
fix_A2+A3,4,20,1.375706670745696,1.375706670745696,False,,29724,25045,2,1157,0
fix_A2+A3,4,21,1.6828068271730523,1.6828068271730523,False,,29731,25025,2,1149,0
fix_A2+A3,4,22,2.275629912234318,2.275629912234318,False,,29678,25015,2,1224,0
fix_A2+A3,4,23,1.820682524172779,1.820682524172779,False,,29729,25010,2,1165,0
fix_A2+A3,4,24,2.2241783273180666,2.2241783273180666,False,,29694,25000,2,1185,0
fix_A2+A3,4,25,2.1232591980248223,2.1232591980248223,False,,30176,25015,2,530,0
fix_A2+A3,4,26,0.8780362879173013,0.8780362879173013,False,,29670,25020,2,1146,0
fix_A2+A3,4,27,0.8791932843489091,0.8791932843489091,False,,29688,25090,2,1129,0
fix_A2+A3,4,28,3.129529037565813,3.129529037565813,False,,30116,25010,2,558,0
fix_A2+A3,4,29,1.1978182524811507,1.1978182524811507,False,,30136,25010,2,433,0
fix_A2+A3,4,30,1.8605852666747258,1.8605852666747258,False,,30123,25000,2,469,0
fix_A2+A3,5,1,6681.500338103164,6681.500338103164,False,,30187,25005,2,691,0
fix_A2+A3,5,2,21164.268948870955,21164.268948870955,False,,29749,25010,2,1379,0
fix_A2+A3,5,3,97630.17199950833,97630.17199950833,False,,29748,25015,2,1425,0
fix_A2+A3,5,4,1649.0406314511958,1649.0406314511958,False,,29748,25005,2,1418,0
fix_A2+A3,5,5,119268.82782267041,119268.82782267041,False,,29743,25015,2,1469,0
fix_A2+A3,5,6,24526.040685017582,24526.040685017582,False,,29713,25000,2,1348,0
fix_A2+A3,5,7,9679.301427143739,9679.301427143739,False,,30193,25015,2,705,0
fix_A2+A3,5,8,2881.3953217255566,2881.3953217255566,False,,30186,25005,2,682,0
fix_A2+A3,5,9,12518.452737939662,12518.452737939662,False,,30198,25015,2,636,0
fix_A2+A3,5,10,195065.65237935053,195065.65237935053,False,,29735,25010,2,1310,0
fix_A2+A3,5,11,30897.6829394662,30897.6829394662,False,,30177,25000,2,709,0
fix_A2+A3,5,12,29658.22342396036,29658.22342396036,False,,29727,25005,2,1405,0
fix_A2+A3,5,13,2608.87527051437,2608.87527051437,False,,30195,25015,2,693,0
fix_A2+A3,5,14,215.06726104591624,215.06726104591624,False,,29647,25000,2,1318,0
fix_A2+A3,5,15,9067.23190113382,9067.23190113382,False,,29725,25000,2,1395,0
fix_A2+A3,5,16,6032.588708755866,6032.588708755866,False,,29747,25010,2,1384,0
fix_A2+A3,5,17,55689.64542950107,55689.64542950107,False,,29729,25010,2,1443,0
fix_A2+A3,5,18,329.17722631414404,329.17722631414404,False,,29522,25000,2,1218,0
fix_A2+A3,5,19,957.6684083342383,957.6684083342383,False,,29697,25010,2,1348,0
fix_A2+A3,5,20,21016.68029343159,21016.68029343159,False,,30177,25005,2,718,0
fix_A2+A3,5,21,51903.95260720371,51903.95260720371,False,,29749,25015,2,1418,0
fix_A2+A3,5,22,9934.882775725928,9934.882775725928,False,,29720,25015,2,1449,0
fix_A2+A3,5,23,138267.09286922656,138267.09286922656,False,,30166,25000,2,726,0
fix_A2+A3,5,24,9863.04656556689,9863.04656556689,False,,29640,25000,2,1310,0
fix_A2+A3,5,25,18909.973914576654,18909.973914576654,False,,30149,25010,2,645,0
fix_A2+A3,5,26,28231.70531935651,28231.70531935651,False,,29733,25000,2,1320,0
fix_A2+A3,5,27,653.6156425432888,653.6156425432888,False,,29736,25010,2,1326,0
fix_A2+A3,5,28,41628.64795674868,41628.64795674868,False,,29703,25000,2,1464,0
fix_A2+A3,5,29,8989.061151368838,8989.061151368838,False,,29684,25015,2,1361,0
fix_A2+A3,5,30,44400.464751591666,44400.464751591666,False,,30152,25010,2,657,0
fix_A2+A3,6,1,32.0,32.0,False,,29541,25180,2,1110,0
fix_A2+A3,6,2,230.0,230.0,False,,29630,25070,2,1154,0
fix_A2+A3,6,3,43.0,43.0,False,,29625,25355,2,234,0
fix_A2+A3,6,4,76.0,76.0,False,,29578,25075,2,1118,0
fix_A2+A3,6,5,24.0,24.0,False,,29385,25095,2,1110,0
fix_A2+A3,6,6,41.0,41.0,False,,29780,25130,2,254,0
fix_A2+A3,6,7,52.0,52.0,False,,29404,25150,2,1112,0
fix_A2+A3,6,8,104.0,104.0,False,,29772,25025,2,244,0
fix_A2+A3,6,9,5.0,5.0,False,,28376,25110,2,1084,0
fix_A2+A3,6,10,33.0,33.0,False,,29394,25020,2,1111,0
fix_A2+A3,6,11,93.0,93.0,False,,29566,25055,2,1132,0
fix_A2+A3,6,12,34.0,34.0,False,,29275,25045,2,1119,0
fix_A2+A3,6,13,33.0,33.0,False,,29415,25185,2,1108,0
fix_A2+A3,6,14,132.0,132.0,False,,29554,25055,2,1119,0
fix_A2+A3,6,15,38.0,38.0,False,,29130,25030,2,1109,0
fix_A2+A3,6,16,17.0,17.0,False,,28842,25170,2,210,0
fix_A2+A3,6,17,106.0,106.0,False,,29628,25115,2,1137,0
fix_A2+A3,6,18,80.0,80.0,False,,29494,25095,2,1124,0
fix_A2+A3,6,19,35.0,35.0,False,,29734,25075,2,247,0
fix_A2+A3,6,20,10.0,10.0,False,,28880,25095,2,1093,0
fix_A2+A3,6,21,155.0,155.0,False,,29467,25050,2,1115,0
fix_A2+A3,6,22,70.0,70.0,False,,29557,25140,2,1127,0
fix_A2+A3,6,23,78.0,78.0,False,,29572,25105,2,1109,0
fix_A2+A3,6,24,46.0,46.0,False,,29350,25065,2,1109,0
fix_A2+A3,6,25,22.0,22.0,False,,29273,25060,2,226,0
fix_A2+A3,6,26,101.0,101.0,False,,29545,25145,2,1124,0
fix_A2+A3,6,27,23.0,23.0,False,,29172,25095,2,1102,0
fix_A2+A3,6,28,47.0,47.0,False,,29176,25045,2,1111,0
fix_A2+A3,6,29,27.0,27.0,False,,29364,25080,2,1115,0
fix_A2+A3,6,30,44.0,44.0,False,,29593,25105,2,1117,0
fix_A2+A3,7,1,0.0027297799979612643,0.23921385145313362,False,,29825,25390,2,204,0
fix_A2+A3,7,2,0.0311457790763302,0.8884531577606967,False,,29479,25035,2,205,0
fix_A2+A3,7,3,0.0032894238095516697,0.07156668547436242,False,,29480,25000,2,1082,0
fix_A2+A3,7,4,0.005837098604559722,0.206033793243386,False,,29478,25200,2,200,0
fix_A2+A3,7,5,0.0020788245868592894,0.4006248749156569,False,,29320,25100,2,198,0
fix_A2+A3,7,6,0.005050488758695626,0.7153191464785124,False,,29901,25385,2,1083,0
fix_A2+A3,7,7,0.0011501621228231316,0.2563944067919812,False,,29280,25100,2,197,0
fix_A2+A3,7,8,0.00915219437233981,0.3984030071200927,False,,29437,25000,2,205,0
fix_A2+A3,7,9,0.011838067162425457,0.3820385738212187,False,,29692,25245,2,204,0
fix_A2+A3,7,10,0.004034107159934557,0.8598959870815646,False,,29357,25065,2,200,0
fix_A2+A3,7,11,0.0005156757149405681,0.4246410148774588,False,,29627,25190,2,1081,0
fix_A2+A3,7,12,0.002344596445369809,0.3497682514596994,False,,29320,25100,2,198,0
fix_A2+A3,7,13,0.002837914836870643,0.7425073198944033,False,,29320,25100,2,198,0
fix_A2+A3,7,14,0.013382116545484327,0.6398388683977555,False,,29573,25245,2,201,0
fix_A2+A3,7,15,0.0011162970185948395,0.7927403627574778,False,,29409,25075,2,201,0
fix_A2+A3,7,16,0.00268932602385564,0.9692779654312332,False,,29200,25100,2,195,0
fix_A2+A3,7,17,0.007443151498921669,0.19847167989316056,False,,29603,25270,2,201,0
fix_A2+A3,7,18,0.005955876484469173,0.5049445276415253,False,,29240,25100,2,196,0
fix_A2+A3,7,19,0.004622873358029778,0.3495011532040677,False,,29309,25025,2,200,0
fix_A2+A3,7,20,0.0011943801410940565,0.0425134683431748,False,,29400,25100,2,200,0
fix_A2+A3,7,21,0.007972617228480446,0.12983042387304514,False,,29518,25135,2,204,0
fix_A2+A3,7,22,0.003289148451938201,0.7854134916955156,False,,29454,25080,2,203,0
fix_A2+A3,7,23,0.001902123578969064,0.4573873586753297,False,,29335,25080,2,199,0
fix_A2+A3,7,24,0.0029054920487174823,0.24957242979335814,False,,29329,25075,2,199,0
fix_A2+A3,7,25,0.010169069126181037,0.0516987858621441,False,,29707,25190,2,1083,0
fix_A2+A3,7,26,0.00170735673160631,0.7675886142930314,False,,29280,25100,2,197,0
fix_A2+A3,7,27,0.0032224818661082213,0.04502944974763471,False,,29395,25030,2,202,0
fix_A2+A3,7,28,0.0014547809160416754,0.6129491979305123,False,,29320,25100,2,198,0
fix_A2+A3,7,29,0.001595990226245082,0.6944172470495603,False,,29240,25100,2,196,0
fix_A2+A3,7,30,0.0006538342585936565,0.27284021744792386,False,,29320,25100,2,198,0
fix_A2+A3,8,1,-15024.257291878315,-15024.257291878315,False,,29958,25000,2,418,0
fix_A2+A3,8,2,-12026.962707760944,-12026.962707760944,False,,29916,25035,2,255,0
fix_A2+A3,8,3,-14968.21090791718,-14968.21090791718,False,,29973,25015,2,371,0
fix_A2+A3,8,4,-14986.561387754076,-14986.561387754076,False,,29841,25035,2,259,0
fix_A2+A3,8,5,-12017.78126357849,-12017.78126357849,False,,30051,25010,2,458,0
fix_A2+A3,8,6,-17940.35063118352,-17940.35063118352,False,,29696,25015,2,231,0
fix_A2+A3,8,7,-17504.30865406452,-17504.30865406452,False,,29543,25020,2,215,0
fix_A2+A3,8,8,-14827.411640465401,-14827.411640465401,False,,29963,25005,2,433,0
fix_A2+A3,8,9,-16690.63360834088,-16690.63360834088,False,,29345,25025,2,201,0
fix_A2+A3,8,10,-14981.025873890943,-14981.025873890943,False,,29633,25040,2,1124,0
fix_A2+A3,8,11,-14983.143286270066,-14983.143286270066,False,,29784,25025,2,232,0
fix_A2+A3,8,12,-14970.158871206713,-14970.158871206713,False,,29854,25015,2,301,0
fix_A2+A3,8,13,-14958.477435981882,-14958.477435981882,False,,30017,25015,2,388,0
fix_A2+A3,8,14,-12013.347894007631,-12013.347894007631,False,,30009,25010,2,484,0
fix_A2+A3,8,15,-14354.897943417085,-14354.897943417085,False,,29353,25115,2,1087,0
fix_A2+A3,8,16,-14965.520661625827,-14965.520661625827,False,,29951,25000,2,338,0
fix_A2+A3,8,17,-14942.518637505465,-14942.518637505465,False,,30011,25010,2,448,0
fix_A2+A3,8,18,-15017.646910866084,-15017.646910866084,False,,29646,25050,2,1121,0
fix_A2+A3,8,19,-15004.355191845318,-15004.355191845318,False,,29957,25000,2,331,0
fix_A2+A3,8,20,-14980.789161607543,-14980.789161607543,False,,29667,25005,2,1137,0
fix_A2+A3,8,21,-14868.115308231674,-14868.115308231674,False,,29115,25100,2,193,0
fix_A2+A3,8,22,-16581.649746286483,-16581.649746286483,False,,29828,25025,2,244,0
fix_A2+A3,8,23,-12026.045767960266,-12026.045767960266,False,,30212,25015,2,418,0
fix_A2+A3,8,24,-16072.237590030978,-16072.237590030978,False,,29355,25100,2,199,0
fix_A2+A3,8,25,-14980.672633827993,-14980.672633827993,False,,29571,25045,2,212,0
fix_A2+A3,8,26,-14981.31688042349,-14981.31688042349,False,,29959,25000,2,387,0
fix_A2+A3,8,27,-14942.910613610167,-14942.910613610167,False,,29873,25000,2,345,0
fix_A2+A3,8,28,-14962.80825460459,-14962.80825460459,False,,30047,25010,2,499,0
fix_A2+A3,8,29,-15066.250093043443,-15066.250093043443,False,,29596,25065,2,211,0
fix_A2+A3,8,30,-14776.79893330559,-14776.79893330559,False,,29614,25050,2,1115,0
fix_A2+A3,9,1,105.27201531267406,105.27201531267406,False,,29613,25000,2,1219,0
fix_A2+A3,9,2,101.60808414085602,101.60808414085602,False,,29526,25090,2,1110,0
fix_A2+A3,9,3,54.51839761093896,54.51839761093896,False,,29530,25050,2,1121,0
fix_A2+A3,9,4,3.509351603589778,3.509351603589778,False,,30021,25000,2,504,0
fix_A2+A3,9,5,28.54049482044752,28.54049482044752,False,,29609,25005,2,1162,0
fix_A2+A3,9,6,0.9832465343432659,0.9832465343432659,False,,29549,25010,2,1188,0
fix_A2+A3,9,7,5.667160031835351,5.667160031835351,False,,29454,25030,2,1129,0
fix_A2+A3,9,8,24.250309761588255,24.250309761588255,False,,29490,25005,2,1125,0
fix_A2+A3,9,9,23.142738029173472,23.142738029173472,False,,29391,25015,2,1110,0
fix_A2+A3,9,10,42.89782195579431,42.89782195579431,False,,29500,25015,2,1126,0
fix_A2+A3,9,11,55.667634908281855,55.667634908281855,False,,29681,25000,2,1209,0
fix_A2+A3,9,12,1.2445537459845468,1.2445537459845468,False,,29651,25000,2,1273,0
fix_A2+A3,9,13,4.965490535969138,4.965490535969138,False,,29641,25005,2,1327,0
fix_A2+A3,9,14,5.7054360286337555,5.7054360286337555,False,,29641,25015,2,1256,0
fix_A2+A3,9,15,4.861866091611546,4.861866091611546,False,,29666,25075,2,217,0
fix_A2+A3,9,16,35.17001776993112,35.17001776993112,False,,29705,25010,2,1160,0
fix_A2+A3,9,17,2.8555841213524786,2.8555841213524786,False,,29708,25010,2,1283,0
fix_A2+A3,9,18,37.59232029369258,37.59232029369258,False,,29567,25000,2,1168,0
fix_A2+A3,9,19,27.480357403056587,27.480357403056587,False,,29497,25025,2,1125,0
fix_A2+A3,9,20,53.735362720061744,53.735362720061744,False,,29634,25010,2,1280,0
fix_A2+A3,9,21,101.39091427723946,101.39091427723946,False,,29450,25000,2,1125,0
fix_A2+A3,9,22,51.778602116590605,51.778602116590605,False,,29568,25005,2,1140,0
fix_A2+A3,9,23,202.5798774669368,202.5798774669368,False,,29451,25105,2,1098,0
fix_A2+A3,9,24,17.23246229385626,17.23246229385626,False,,29565,25005,2,1214,0
fix_A2+A3,9,25,20.995182305471587,20.995182305471587,False,,29902,25000,2,489,0
fix_A2+A3,9,26,9.984437101715969,9.984437101715969,False,,29677,25000,2,1317,0
fix_A2+A3,9,27,26.88445616594811,26.88445616594811,False,,29625,25010,2,1195,0
fix_A2+A3,9,28,37.17694720642112,37.17694720642112,False,,30119,25015,2,602,0
fix_A2+A3,9,29,9.199074267279059,9.199074267279059,False,,29566,25080,2,1114,0
fix_A2+A3,9,30,57.90893344462745,57.90893344462745,False,,29486,25060,2,1110,0
fix_A2+A3,10,1,2.640238415769368,2.640238415769368,False,,30191,25005,2,719,0
fix_A2+A3,10,2,2.183412053233735,2.183412053233735,False,,29722,25000,2,1354,0
fix_A2+A3,10,3,0.8967964368358392,0.8967964368358392,False,,29748,25005,2,1294,0
fix_A2+A3,10,4,2.27837976863178,2.27837976863178,False,,30142,25000,2,675,0
fix_A2+A3,10,5,2.511967799205483,2.511967799205483,False,,29693,25005,2,1314,0
fix_A2+A3,10,6,4.4419648787883865,4.4419648787883865,False,,29704,25010,2,1360,0
fix_A2+A3,10,7,2.7662176177378126,2.7662176177378126,False,,29757,25015,2,1233,0
fix_A2+A3,10,8,2.835372588812153,2.835372588812153,False,,29719,25005,2,1355,0
fix_A2+A3,10,9,2.023323329748543,2.023323329748543,False,,29739,25000,2,1343,0
fix_A2+A3,10,10,0.5042607545625803,0.5042607545625803,False,,29740,25010,2,1373,0
fix_A2+A3,10,11,2.1557140924764764,2.1557140924764764,False,,30129,25000,2,569,0
fix_A2+A3,10,12,3.1410946010180862,3.1410946010180862,False,,29741,25005,2,1286,0
fix_A2+A3,10,13,0.4076554620606747,0.4076554620606747,False,,29554,25000,2,1277,0
fix_A2+A3,10,14,1.9108830823073224,1.9108830823073224,False,,29743,25000,2,1339,0
fix_A2+A3,10,15,2.795070266749971,2.795070266749971,False,,29760,25010,2,1356,0
fix_A2+A3,10,16,0.7454431373460051,0.7454431373460051,False,,30117,25015,2,694,0
fix_A2+A3,10,17,2.7886798068062864,2.7886798068062864,False,,29653,25000,2,1316,0
fix_A2+A3,10,18,2.6178443755967717,2.6178443755967717,False,,29740,25010,2,1375,0
fix_A2+A3,10,19,3.0728545159340794,3.0728545159340794,False,,29819,25005,2,1339,0
fix_A2+A3,10,20,1.2921789109730857,1.2921789109730857,False,,30106,25005,2,591,0
fix_A2+A3,10,21,0.8705332511317612,0.8705332511317612,False,,29653,25000,2,1256,0
fix_A2+A3,10,22,1.618107621355286,1.618107621355286,False,,30178,25005,2,588,0
fix_A2+A3,10,23,0.7278360159254764,0.7278360159254764,False,,29688,25005,2,1259,0
fix_A2+A3,10,24,1.8044886695947153,1.8044886695947153,False,,30147,25005,2,588,0
fix_A2+A3,10,25,2.3047671225320205,2.3047671225320205,False,,29761,25010,2,1354,0
fix_A2+A3,10,26,3.2547911370282816,3.2547911370282816,False,,29747,25020,2,1156,0
fix_A2+A3,10,27,0.29363988104673355,0.29363988104673355,False,,30152,25015,2,674,0
fix_A2+A3,10,28,0.30519421047040085,0.30519421047040085,False,,29678,25015,2,1259,0
fix_A2+A3,10,29,2.4092373979874044,2.4092373979874044,False,,29637,25010,2,1315,0
fix_A2+A3,10,30,0.5178923538933486,0.5178923538933486,False,,29713,25015,2,1366,0
fix_A2+A3,11,1,1.5058510440576063,1.5058510440576063,False,,29701,25010,2,1390,0
fix_A2+A3,11,2,1.0164343311522939,1.0164343311522939,False,,29667,25000,2,1260,0
fix_A2+A3,11,3,1.073120745469573,1.073120745469573,False,,29762,25010,2,1314,0
fix_A2+A3,11,4,1.6951626667475002,1.6951626667475002,False,,29767,25000,2,1343,0
fix_A2+A3,11,5,1.5365212644790203,1.5365212644790203,False,,29653,25005,2,1342,0
fix_A2+A3,11,6,2.3639150529697086,2.3639150529697086,False,,30185,25000,2,631,0
fix_A2+A3,11,7,0.9123488397838595,0.9123488397838595,False,,29677,25015,2,1323,0
fix_A2+A3,11,8,1.4951481678789784,1.4951481678789784,False,,29736,25010,2,1394,0
fix_A2+A3,11,9,1.9072706619718989,1.9072706619718989,False,,29767,25000,2,1290,0
fix_A2+A3,11,10,1.2001149955971555,1.2001149955971555,False,,29692,25000,2,1374,0
fix_A2+A3,11,11,1.6608499991748735,1.6608499991748735,False,,29729,25005,2,1360,0
fix_A2+A3,11,12,1.4107241391610388,1.4107241391610388,False,,30174,25000,2,666,0
fix_A2+A3,11,13,1.6479728285965893,1.6479728285965893,False,,30178,25005,2,727,0
fix_A2+A3,11,14,1.1152752172219045,1.1152752172219045,False,,29685,25000,2,1366,0
fix_A2+A3,11,15,1.1138743335808892,1.1138743335808892,False,,29745,25015,2,1304,0
fix_A2+A3,11,16,1.054010405649945,1.054010405649945,False,,29692,25000,2,1353,0
fix_A2+A3,11,17,1.3433310121852637,1.3433310121852637,False,,29698,25015,2,1296,0
fix_A2+A3,11,18,1.881446239830766,1.881446239830766,False,,30195,25015,2,721,0
fix_A2+A3,11,19,1.669676650218045,1.669676650218045,False,,29759,25005,2,1421,0
fix_A2+A3,11,20,1.3837550727354495,1.3837550727354495,False,,30193,25010,2,606,0
fix_A2+A3,11,21,1.170258620485141,1.170258620485141,False,,30146,25005,2,675,0
fix_A2+A3,11,22,1.1780329159532843,1.1780329159532843,False,,29632,25005,2,1293,0
fix_A2+A3,11,23,1.1739515978201507,1.1739515978201507,False,,29764,25010,2,1438,0
fix_A2+A3,11,24,1.235926903080925,1.235926903080925,False,,29679,25000,2,1368,0
fix_A2+A3,11,25,2.0657813334851864,2.0657813334851864,False,,29750,25000,2,1328,0
fix_A2+A3,11,26,1.6363989026380028,1.6363989026380028,False,,29730,25000,2,1320,0
fix_A2+A3,11,27,1.162904272819727,1.162904272819727,False,,29704,25015,2,1291,0
fix_A2+A3,11,28,1.5716807073004726,1.5716807073004726,False,,29726,25010,2,1402,0
fix_A2+A3,11,29,1.1524092609433376,1.1524092609433376,False,,30145,25005,2,725,0
fix_A2+A3,11,30,1.2036371737586342,1.2036371737586342,False,,29706,25015,2,1337,0
fix_A2+A3,12,1,0.05994433490644404,0.05994433490644404,False,,30096,25000,2,653,0
fix_A2+A3,12,2,0.007939062650252257,0.007939062650252257,False,,30032,25010,2,534,0
fix_A2+A3,12,3,0.015747033517090177,0.015747033517090177,False,,29733,25000,2,1332,0
fix_A2+A3,12,4,0.022730417721227865,0.022730417721227865,False,,29713,25010,2,1327,0
fix_A2+A3,12,5,0.09680364613659345,0.09680364613659345,False,,30154,25010,2,717,0
fix_A2+A3,12,6,0.03863250354439549,0.03863250354439549,False,,29628,25005,2,1242,0
fix_A2+A3,12,7,0.07602929355774081,0.07602929355774081,False,,30134,25000,2,639,0
fix_A2+A3,12,8,0.028423243845015718,0.028423243845015718,False,,29727,25010,2,1356,0
fix_A2+A3,12,9,0.032489056194496144,0.032489056194496144,False,,29729,25015,2,1356,0
fix_A2+A3,12,10,0.014641712782743588,0.014641712782743588,False,,29686,25010,2,1361,0
fix_A2+A3,12,11,0.03884134700915274,0.03884134700915274,False,,29723,25000,2,1345,0
fix_A2+A3,12,12,0.013889005321362505,0.013889005321362505,False,,29643,25010,2,1231,0
fix_A2+A3,12,13,0.001564377942004573,0.001564377942004573,False,,30019,25005,2,581,0
fix_A2+A3,12,14,0.04508855689828585,0.04508855689828585,False,,29732,25005,2,1328,0
fix_A2+A3,12,15,0.7750774153401312,0.7750774153401312,False,,29761,25015,2,1261,0
fix_A2+A3,12,16,0.002334314076585835,0.002334314076585835,False,,30151,25010,2,628,0
fix_A2+A3,12,17,0.1015834737309459,0.1015834737309459,False,,30180,25005,2,604,0
fix_A2+A3,12,18,1.0531053045435586,1.0531053045435586,False,,29716,25000,2,1395,0
fix_A2+A3,12,19,0.14882298371912778,0.14882298371912778,False,,30149,25010,2,625,0
fix_A2+A3,12,20,0.012477762191711558,0.012477762191711558,False,,29688,25000,2,1186,0
fix_A2+A3,12,21,0.1014699803516893,0.1014699803516893,False,,29691,25010,2,1356,0
fix_A2+A3,12,22,0.11672346923406443,0.11672346923406443,False,,29728,25010,2,1337,0
fix_A2+A3,12,23,0.022828710788401523,0.022828710788401523,False,,29685,25000,2,1345,0
fix_A2+A3,12,24,0.06378450725570885,0.06378450725570885,False,,30151,25015,2,686,0
fix_A2+A3,12,25,0.8522129004944086,0.8522129004944086,False,,29771,25015,2,1288,0
fix_A2+A3,12,26,0.013786133135018598,0.013786133135018598,False,,29695,25005,2,1283,0
fix_A2+A3,12,27,0.16313307574907254,0.16313307574907254,False,,29737,25010,2,1227,0
fix_A2+A3,12,28,0.07161493674814438,0.07161493674814438,False,,29672,25005,2,1411,0
fix_A2+A3,12,29,0.3850158064165379,0.3850158064165379,False,,29712,25005,2,1243,0
fix_A2+A3,12,30,0.016902472419944584,0.016902472419944584,False,,29736,25000,2,1313,0
fix_A2+A3,13,1,1.167335076391448,1.167335076391448,False,,30157,25015,2,576,0
fix_A2+A3,13,2,0.3834937290106516,0.3834937290106516,False,,29687,25000,2,1342,0
fix_A2+A3,13,3,1.1984147084455403,1.1984147084455403,False,,29717,25005,2,1264,0
fix_A2+A3,13,4,2.5488231603672036,2.5488231603672036,False,,29730,25015,2,1329,0
fix_A2+A3,13,5,1.2954091427070114,1.2954091427070114,False,,29688,25000,2,1249,0
fix_A2+A3,13,6,0.6545805452610561,0.6545805452610561,False,,29694,25000,2,1338,0
fix_A2+A3,13,7,1.1055322719579412,1.1055322719579412,False,,30025,25010,2,540,0
fix_A2+A3,13,8,0.4049278433245636,0.4049278433245636,False,,29730,25005,2,1439,0
fix_A2+A3,13,9,0.30628439463380563,0.30628439463380563,False,,30100,25005,2,613,0
fix_A2+A3,13,10,0.3932745246692609,0.3932745246692609,False,,30102,25000,2,628,0
fix_A2+A3,13,11,1.225767298810303,1.225767298810303,False,,29738,25015,2,1309,0
fix_A2+A3,13,12,9.289382670790317,9.289382670790317,False,,29728,25015,2,1333,0
fix_A2+A3,13,13,0.44335632471447417,0.44335632471447417,False,,30140,25005,2,643,0
fix_A2+A3,13,14,0.14738662682361833,0.14738662682361833,False,,29735,25010,2,1335,0
fix_A2+A3,13,15,0.7315371319935456,0.7315371319935456,False,,29698,25010,2,1184,0
fix_A2+A3,13,16,0.09991751674150331,0.09991751674150331,False,,29579,25005,2,1269,0
fix_A2+A3,13,17,1.4022585231089897,1.4022585231089897,False,,30132,25000,2,577,0
fix_A2+A3,13,18,7.700587417578301,7.700587417578301,False,,29691,25010,2,1266,0
fix_A2+A3,13,19,0.8344405561208318,0.8344405561208318,False,,29723,25015,2,1217,0
fix_A2+A3,13,20,6.428005502002048,6.428005502002048,False,,29735,25015,2,1118,0
fix_A2+A3,13,21,0.3820362657881772,0.3820362657881772,False,,29742,25010,2,1320,0
fix_A2+A3,13,22,1.968515966522781,1.968515966522781,False,,30193,25010,2,647,0
fix_A2+A3,13,23,2.73153738533097,2.73153738533097,False,,30144,25010,2,627,0
fix_A2+A3,13,24,1.4445143973573584,1.4445143973573584,False,,29682,25000,2,1348,0
fix_A2+A3,13,25,1.4976748981168937,1.4976748981168937,False,,29704,25000,2,1275,0
fix_A2+A3,13,26,2.721211448118664,2.721211448118664,False,,29702,25010,2,1219,0
fix_A2+A3,13,27,3.466279785377291,3.466279785377291,False,,29691,25005,2,1222,0
fix_A2+A3,13,28,0.21318130023859827,0.21318130023859827,False,,29631,25005,2,1192,0
fix_A2+A3,13,29,9.0381372641257,9.0381372641257,False,,29710,25005,2,1155,0
fix_A2+A3,13,30,0.40605400953598175,0.40605400953598175,False,,30106,25005,2,674,0
fix_A2+A3,14,1,nan,,False,F14 matches no case in the published switch,1,0,1,0,0
fix_A2+A3,14,2,nan,,False,F14 matches no case in the published switch,1,0,1,0,0
fix_A2+A3,14,3,nan,,False,F14 matches no case in the published switch,1,0,1,0,0
fix_A2+A3,14,4,nan,,False,F14 matches no case in the published switch,1,0,1,0,0
fix_A2+A3,14,5,nan,,False,F14 matches no case in the published switch,1,0,1,0,0
fix_A2+A3,14,6,nan,,False,F14 matches no case in the published switch,1,0,1,0,0
fix_A2+A3,14,7,nan,,False,F14 matches no case in the published switch,1,0,1,0,0
fix_A2+A3,14,8,nan,,False,F14 matches no case in the published switch,1,0,1,0,0
fix_A2+A3,14,9,nan,,False,F14 matches no case in the published switch,1,0,1,0,0
fix_A2+A3,14,10,nan,,False,F14 matches no case in the published switch,1,0,1,0,0
fix_A2+A3,14,11,nan,,False,F14 matches no case in the published switch,1,0,1,0,0
fix_A2+A3,14,12,nan,,False,F14 matches no case in the published switch,1,0,1,0,0
fix_A2+A3,14,13,nan,,False,F14 matches no case in the published switch,1,0,1,0,0
fix_A2+A3,14,14,nan,,False,F14 matches no case in the published switch,1,0,1,0,0
fix_A2+A3,14,15,nan,,False,F14 matches no case in the published switch,1,0,1,0,0
fix_A2+A3,14,16,nan,,False,F14 matches no case in the published switch,1,0,1,0,0
fix_A2+A3,14,17,nan,,False,F14 matches no case in the published switch,1,0,1,0,0
fix_A2+A3,14,18,nan,,False,F14 matches no case in the published switch,1,0,1,0,0
fix_A2+A3,14,19,nan,,False,F14 matches no case in the published switch,1,0,1,0,0
fix_A2+A3,14,20,nan,,False,F14 matches no case in the published switch,1,0,1,0,0
fix_A2+A3,14,21,nan,,False,F14 matches no case in the published switch,1,0,1,0,0
fix_A2+A3,14,22,nan,,False,F14 matches no case in the published switch,1,0,1,0,0
fix_A2+A3,14,23,nan,,False,F14 matches no case in the published switch,1,0,1,0,0
fix_A2+A3,14,24,nan,,False,F14 matches no case in the published switch,1,0,1,0,0
fix_A2+A3,14,25,nan,,False,F14 matches no case in the published switch,1,0,1,0,0
fix_A2+A3,14,26,nan,,False,F14 matches no case in the published switch,1,0,1,0,0
fix_A2+A3,14,27,nan,,False,F14 matches no case in the published switch,1,0,1,0,0
fix_A2+A3,14,28,nan,,False,F14 matches no case in the published switch,1,0,1,0,0
fix_A2+A3,14,29,nan,,False,F14 matches no case in the published switch,1,0,1,0,0
fix_A2+A3,14,30,nan,,False,F14 matches no case in the published switch,1,0,1,0,0
fix_A2+A3,15,1,0.00030748598785196833,0.00030748598785196833,False,,29956,25075,2,235,0
fix_A2+A3,15,2,0.0012231733771272978,0.0012231733771272978,False,,29893,25075,2,224,0
fix_A2+A3,15,3,0.00030748598780563555,0.00030748598780563555,False,,29795,25020,2,1147,0
fix_A2+A3,15,4,0.00030748598780560736,0.00030748598780560736,False,,29592,25005,2,1124,0
fix_A2+A3,15,5,0.00030748598780726136,0.00030748598780726136,False,,30148,25000,2,312,0
fix_A2+A3,15,6,0.0003074865390798415,0.0003074865390798415,False,,30152,25010,2,425,0
fix_A2+A3,15,7,0.0003074859878056046,0.0003074859878056046,False,,30283,25140,2,258,0
fix_A2+A3,15,8,0.000307485987805605,0.000307485987805605,False,,30178,25000,2,254,0
fix_A2+A3,15,9,0.00030748598781093773,0.00030748598781093773,False,,30154,25015,2,357,0
fix_A2+A3,15,10,0.00030748598780667893,0.00030748598780667893,False,,30132,25035,2,345,0
fix_A2+A3,15,11,0.001223173377127298,0.001223173377127298,False,,30341,25390,2,227,0
fix_A2+A3,15,12,0.0003074859878056053,0.0003074859878056053,False,,30305,25105,2,290,0
fix_A2+A3,15,13,0.00030748598780560514,0.00030748598780560514,False,,30174,25035,2,293,0
fix_A2+A3,15,14,0.0003074859899245198,0.0003074859899245198,False,,30209,25015,2,389,0
fix_A2+A3,15,15,0.0003074859878056065,0.0003074859878056065,False,,30094,25095,2,228,0
fix_A2+A3,15,16,0.020363339348068495,0.020363339348068495,False,,29686,25090,2,216,0
fix_A2+A3,15,17,0.0012231733771272983,0.0012231733771272983,False,,30099,25180,2,226,0
fix_A2+A3,15,18,0.00030748598780914164,0.00030748598780914164,False,,29827,25080,2,1111,0
fix_A2+A3,15,19,0.000307485987805605,0.000307485987805605,False,,30294,25125,2,273,0
fix_A2+A3,15,20,0.0007423857425213835,0.0007423857425213835,False,,30199,25010,2,589,0
fix_A2+A3,15,21,0.00030748871178618253,0.00030748871178618253,False,,30162,25010,2,329,0
fix_A2+A3,15,22,0.0003074859878056053,0.0003074859878056053,False,,30323,25125,2,278,0
fix_A2+A3,15,23,0.0003074859878056049,0.0003074859878056049,False,,30155,25105,2,261,0
fix_A2+A3,15,24,0.00030748598811955105,0.00030748598811955105,False,,30143,25030,2,269,0
fix_A2+A3,15,25,0.00030748598780560503,0.00030748598780560503,False,,30181,25075,2,242,0
fix_A2+A3,15,26,0.0003074859878056049,0.0003074859878056049,False,,30229,25085,2,260,0
fix_A2+A3,15,27,0.00030748598780560487,0.00030748598780560487,False,,29999,25020,2,238,0
fix_A2+A3,15,28,0.0003074859878056083,0.0003074859878056083,False,,29826,25155,2,1102,0
fix_A2+A3,15,29,0.0003074859878056051,0.0003074859878056051,False,,30247,25090,2,264,0
fix_A2+A3,15,30,0.0003258656854773945,0.0003258656854773945,False,,30202,25010,2,526,0
fix_A2+A3,16,1,12.670505811135671,-0.0007442956647972046,False,,28966,25070,2,199,0
fix_A2+A3,16,2,12.670505811135554,0.000774036623291868,False,,29401,25375,2,203,0
fix_A2+A3,16,3,12.670505811135554,0.0007741335601513685,False,,29050,25185,2,201,0
fix_A2+A3,16,4,12.670505811135627,0.0008040117649534455,False,,29081,25090,2,199,0
fix_A2+A3,16,5,12.670505811135614,-0.0007710761825743638,False,,28819,25090,2,197,0
fix_A2+A3,16,6,12.670505811135554,0.0007737898104767467,False,,29063,25335,2,1083,0
fix_A2+A3,16,7,12.670505811135614,-0.0007713303360824242,False,,29124,25290,2,199,0
fix_A2+A3,16,8,12.670505811135614,-0.0007717536253857309,False,,28871,25070,2,197,0
fix_A2+A3,16,9,12.670505811135554,0.0007751145656165172,False,,28802,25100,2,197,0
fix_A2+A3,16,10,12.67050581113591,0.0007730285430156341,False,,28888,25285,2,199,0
fix_A2+A3,16,11,12.670505811135614,-0.0007724104404804858,False,,28975,25080,2,202,0
fix_A2+A3,16,12,12.670505811135554,0.0007729198866910429,False,,29214,25235,2,203,0
fix_A2+A3,16,13,12.67050581113591,0.0007731038662738323,False,,28928,25180,2,200,0
fix_A2+A3,16,14,12.670505811135852,-0.0007714049647405287,False,,28789,25170,2,1080,0
fix_A2+A3,16,15,12.670505811135554,0.0007727709229075385,False,,29187,25220,2,201,0
fix_A2+A3,16,16,12.670505811135554,0.0007730203645753585,False,,29236,25390,2,201,0
fix_A2+A3,16,17,12.670505811135614,-0.0007713193737622524,False,,29021,25060,2,200,0
fix_A2+A3,16,18,12.670505811135554,0.000772924620216992,False,,28522,25000,2,1078,0
fix_A2+A3,16,19,12.670505811135783,0.0007487043522234474,False,,29097,25270,2,198,0
fix_A2+A3,16,20,12.670505811135554,0.0007750102331574745,False,,28925,25075,2,202,0
fix_A2+A3,16,21,12.670505811135614,-0.0007700654991014103,False,,28992,25010,2,201,0
fix_A2+A3,16,22,12.67050581113591,0.0007733731803669431,False,,29035,25235,2,203,0
fix_A2+A3,16,23,12.670505811135852,-0.0007714523009287953,False,,29015,25205,2,202,0
fix_A2+A3,16,24,12.670505811135554,0.0007728034453758673,False,,28968,25075,2,202,0
fix_A2+A3,16,25,12.67050581113576,0.0007267574797422049,False,,28874,25060,2,197,0
fix_A2+A3,16,26,12.670505811135614,-0.0007720316440559338,False,,28945,25100,2,200,0
fix_A2+A3,16,27,12.670505811135614,-0.000770312068897126,False,,29093,25295,2,1084,0
fix_A2+A3,16,28,12.670505811135614,-0.0007722565830424445,False,,29047,25105,2,202,0
fix_A2+A3,16,29,12.670505811135554,0.0007731541098009929,False,,28986,25155,2,202,0
fix_A2+A3,16,30,12.670505811135554,0.0007735944840849652,False,,29064,25195,2,200,0
fix_A2+A3,17,1,0.3979290544646741,0.3979290544646741,True,,2197,1685,2,106,0
fix_A2+A3,17,2,0.3979312098983403,0.3979312098983403,True,,7123,6185,2,1006,0
fix_A2+A3,17,3,0.3979402497543525,0.3979402497543525,True,,2045,1550,2,106,0
fix_A2+A3,17,4,0.3979717911298408,0.3979717911298408,True,,2556,1975,2,108,0
fix_A2+A3,17,5,0.3979906620555056,0.3979906620555056,True,,2599,2010,2,108,0
fix_A2+A3,17,6,0.3979376057360646,0.3979376057360646,True,,2323,1780,2,107,0
fix_A2+A3,17,7,0.3979407332363607,0.3979407332363607,True,,2205,1690,2,106,0
fix_A2+A3,17,8,0.39796711745930047,0.39796711745930047,True,,2406,1865,2,107,0
fix_A2+A3,17,9,0.3979337418517286,0.3979337418517286,True,,2427,1865,2,107,0
fix_A2+A3,17,10,0.3979767537560086,0.3979767537560086,True,,2486,1930,2,108,0
fix_A2+A3,17,11,0.3979125767685314,0.3979125767685314,True,,7074,6065,2,1006,0
fix_A2+A3,17,12,0.39793233154411745,0.39793233154411745,True,,2295,1755,2,107,0
fix_A2+A3,17,13,0.39789363222161356,0.39789363222161356,True,,2297,1765,2,107,0
fix_A2+A3,17,14,0.3979331226066378,0.3979331226066378,True,,2465,1905,2,108,0
fix_A2+A3,17,15,0.39794656971476705,0.39794656971476705,True,,1982,1505,2,106,0
fix_A2+A3,17,16,0.39794622792218526,0.39794622792218526,True,,2139,1625,2,106,0
fix_A2+A3,17,17,0.39791743779371913,0.39791743779371913,True,,2604,2015,2,108,0
fix_A2+A3,17,18,0.3979449300765374,0.3979449300765374,True,,2222,1720,2,107,0
fix_A2+A3,17,19,0.3979533998564282,0.3979533998564282,True,,7500,6470,2,1007,0
fix_A2+A3,17,20,0.39797902928215834,0.39797902928215834,True,,2462,1905,2,108,0
fix_A2+A3,17,21,0.39796238984015986,0.39796238984015986,True,,2240,1705,2,107,0
fix_A2+A3,17,22,0.3979567666398349,0.3979567666398349,True,,2455,1890,2,108,0
fix_A2+A3,17,23,0.39790968518175696,0.39790968518175696,True,,2499,1925,2,108,0
fix_A2+A3,17,24,0.3979984623142041,0.3979984623142041,True,,2367,1830,2,107,0
fix_A2+A3,17,25,0.3979677627669336,0.3979677627669336,True,,7240,6265,2,1006,0
fix_A2+A3,17,26,0.39795448903595343,0.39795448903595343,True,,7010,6060,2,1006,0
fix_A2+A3,17,27,0.3978920135564117,0.3978920135564117,True,,2537,1950,2,108,0
fix_A2+A3,17,28,0.39798637926555,0.39798637926555,True,,7666,6620,2,1008,0
fix_A2+A3,17,29,0.39789956694038153,0.39789956694038153,True,,2274,1750,2,107,0
fix_A2+A3,17,30,0.39795603976831906,0.39795603976831906,True,,7346,6345,2,1006,0
fix_A2+A3,18,1,2.999999999999989,2.999999999999989,True,,7471,6105,2,128,0
fix_A2+A3,18,2,2.9999999999999982,2.9999999999999982,True,,7203,5880,2,127,0
fix_A2+A3,18,3,2.9999999999999964,2.9999999999999964,True,,7650,6270,2,129,0
fix_A2+A3,18,4,2.999999999999962,2.999999999999962,True,,12589,10635,2,1029,0
fix_A2+A3,18,5,2.9999999999999325,2.9999999999999325,True,,7640,6225,2,132,0
fix_A2+A3,18,6,2.9999999999999725,2.9999999999999725,True,,6965,5640,2,128,0
fix_A2+A3,18,7,2.9999999999999973,2.9999999999999973,True,,7373,5980,2,129,0
fix_A2+A3,18,8,2.9999999999999822,2.9999999999999822,True,,7626,6205,2,130,0
fix_A2+A3,18,9,2.9999999999999947,2.9999999999999947,True,,6769,5480,2,128,0
fix_A2+A3,18,10,2.9999999999999716,2.9999999999999716,True,,7164,5830,2,127,0
fix_A2+A3,18,11,2.9999999999999876,2.9999999999999876,True,,6798,5505,2,127,0
fix_A2+A3,18,12,3.0,3.0,True,,7048,5715,2,128,0
fix_A2+A3,18,13,2.999999999999997,2.999999999999997,True,,7326,5955,2,130,0
fix_A2+A3,18,14,2.9999999999999236,2.9999999999999236,True,,12741,10880,2,1028,0
fix_A2+A3,18,15,2.9999999999999964,2.9999999999999964,True,,7275,5910,2,129,0
fix_A2+A3,18,16,2.999999999999954,2.999999999999954,True,,7510,6095,2,130,0
fix_A2+A3,18,17,2.9999999999999747,2.9999999999999747,True,,6745,5460,2,126,0
fix_A2+A3,18,18,2.9999999999999956,2.9999999999999956,True,,7316,5955,2,129,0
fix_A2+A3,18,19,2.99999999999998,2.99999999999998,True,,6938,5625,2,128,0
fix_A2+A3,18,20,3.0,3.0,True,,7356,5965,2,130,0
fix_A2+A3,18,21,2.9999999999999813,2.9999999999999813,True,,12131,10265,2,1028,0
fix_A2+A3,18,22,2.9999999999999862,2.9999999999999862,True,,7164,5810,2,129,0
fix_A2+A3,18,23,2.9999999999999774,2.9999999999999774,True,,12205,10345,2,1028,0
fix_A2+A3,18,24,2.99999999999998,2.99999999999998,True,,7218,5870,2,129,0
fix_A2+A3,18,25,2.99999999999997,2.99999999999997,True,,7544,6190,2,128,0
fix_A2+A3,18,26,2.99999999999997,2.99999999999997,True,,7582,6160,2,130,0
fix_A2+A3,18,27,2.999999999999975,2.999999999999975,True,,7459,6070,2,131,0
fix_A2+A3,18,28,2.9999999999999742,2.9999999999999742,True,,7394,6025,2,129,0
fix_A2+A3,18,29,2.9999999999999685,2.9999999999999685,True,,7142,5785,2,127,0
fix_A2+A3,18,30,2.999999999999991,2.999999999999991,True,,7622,6210,2,130,0
fix_A2+A3,19,1,-3.860488988191276,-3.860488988191276,True,,1883,1410,2,105,0
fix_A2+A3,19,2,-3.860299763550121,-3.860299763550121,True,,1975,1495,2,106,0
fix_A2+A3,19,3,-3.861611538597997,-3.861611538597997,True,,4612,4090,1,818,0
fix_A2+A3,19,4,-3.862475138997225,-3.862475138997225,True,,1983,1765,1,353,0
fix_A2+A3,19,5,-3.8604349297056397,-3.8604349297056397,True,,1958,1510,2,105,0
fix_A2+A3,19,6,-3.86009103646069,-3.86009103646069,True,,1817,1370,2,105,0
fix_A2+A3,19,7,-3.8616545486560243,-3.8616545486560243,True,,5478,4900,1,980,0
fix_A2+A3,19,8,-3.8614442311877095,-3.8614442311877095,True,,1815,1365,2,105,0
fix_A2+A3,19,9,-3.8605659028225,-3.8605659028225,True,,2044,1545,2,106,0
fix_A2+A3,19,10,-3.8607402528398334,-3.8607402528398334,True,,1986,1505,2,106,0
fix_A2+A3,19,11,-3.8627182889668177,-3.8627182889668177,True,,3837,3425,1,685,0
fix_A2+A3,19,12,-3.8623870152626454,-3.8623870152626454,True,,1530,1125,2,104,0
fix_A2+A3,19,13,-3.861112347045042,-3.861112347045042,True,,1993,1505,2,106,0
fix_A2+A3,19,14,-3.860819818970451,-3.860819818970451,True,,2073,1580,2,106,0
fix_A2+A3,19,15,-3.861498955429838,-3.861498955429838,True,,6558,5690,2,1004,0
fix_A2+A3,19,16,-3.862221828679292,-3.862221828679292,True,,1258,1135,1,227,0
fix_A2+A3,19,17,-3.8623356167371705,-3.8623356167371705,True,,2187,1935,1,387,0
fix_A2+A3,19,18,-3.8616015391165512,-3.8616015391165512,True,,1859,1395,2,105,0
fix_A2+A3,19,19,-3.8622970176018336,-3.8622970176018336,True,,1177,820,2,102,0
fix_A2+A3,19,20,-3.860549720956269,-3.860549720956269,True,,1964,1490,2,105,0
fix_A2+A3,19,21,-3.8603305775750565,-3.8603305775750565,True,,1657,1225,2,104,0
fix_A2+A3,19,22,-3.862000192994732,-3.862000192994732,True,,1771,1325,2,105,0
fix_A2+A3,19,23,-3.8619335787351003,-3.8619335787351003,True,,2138,1630,2,106,0
fix_A2+A3,19,24,-3.861858866413521,-3.861858866413521,True,,1946,1470,2,105,0
fix_A2+A3,19,25,-3.860083061360135,-3.860083061360135,True,,1025,880,1,176,0
fix_A2+A3,19,26,-3.862333696306143,-3.862333696306143,True,,3854,3460,1,692,0
fix_A2+A3,19,27,-3.860752490124748,-3.860752490124748,True,,2001,1510,2,106,0
fix_A2+A3,19,28,-3.8608091102660542,-3.8608091102660542,True,,6294,5430,2,1003,0
fix_A2+A3,19,29,-3.8608011420695796,-3.8608011420695796,True,,1916,1445,2,105,0
fix_A2+A3,19,30,-3.8606171911389406,-3.8606171911389406,True,,7109,6150,2,1005,0
fix_A2+A3,20,1,-3.321202120422059,-3.321202120422059,True,,8421,7190,2,1011,0
fix_A2+A3,20,2,-3.320279161763491,-3.320279161763491,True,,2767,2160,2,109,0
fix_A2+A3,20,3,-3.320858631527307,-3.320858631527307,True,,3379,2660,2,112,0
fix_A2+A3,20,4,-3.3200284685118056,-3.3200284685118056,True,,8193,7025,2,1010,0
fix_A2+A3,20,5,-3.320863749443148,-3.320863749443148,True,,3378,2650,2,112,0
fix_A2+A3,20,6,-3.3211450427449365,-3.3211450427449365,True,,3324,2610,2,111,0
fix_A2+A3,20,7,-3.320024105792097,-3.320024105792097,True,,8780,7510,2,1012,0
fix_A2+A3,20,8,-3.320282576421106,-3.320282576421106,True,,3157,2475,2,111,0
fix_A2+A3,20,9,-3.3206961361786798,-3.3206961361786798,True,,4495,3595,2,117,0
fix_A2+A3,20,10,-3.320561441825457,-3.320561441825457,True,,4032,3215,2,115,0
fix_A2+A3,20,11,-3.320508723532022,-3.320508723532022,True,,3787,3030,2,112,0
fix_A2+A3,20,12,-3.3202003273076666,-3.3202003273076666,True,,3195,2505,2,111,0
fix_A2+A3,20,13,-3.320797823535766,-3.320797823535766,True,,3137,2460,2,111,0
fix_A2+A3,20,14,-3.203102050264328,-3.203102050264328,False,,29297,25175,2,243,0
fix_A2+A3,20,15,-3.3201227543962673,-3.3201227543962673,True,,3375,2690,2,111,0
fix_A2+A3,20,16,-3.3202926072075907,-3.3202926072075907,True,,3023,2355,2,110,0
fix_A2+A3,20,17,-3.3203437888976968,-3.3203437888976968,True,,3562,2845,2,111,0
fix_A2+A3,20,18,-3.203102050264328,-3.203102050264328,False,,29308,25025,2,248,0
fix_A2+A3,20,19,-3.3200183086862958,-3.3200183086862958,True,,4367,3485,2,116,0
fix_A2+A3,20,20,-3.320962573575944,-3.320962573575944,True,,3381,2655,2,112,0
fix_A2+A3,20,21,-3.3201402043435078,-3.3201402043435078,True,,3879,3075,2,114,0
fix_A2+A3,20,22,-3.32040999758865,-3.32040999758865,True,,3799,3005,2,113,0
fix_A2+A3,20,23,-3.3203992545632524,-3.3203992545632524,True,,3545,2830,2,111,0
fix_A2+A3,20,24,-3.203102050264328,-3.203102050264328,False,,29272,25015,2,239,0
fix_A2+A3,20,25,-3.320925975551587,-3.320925975551587,True,,3099,2420,2,110,0
fix_A2+A3,20,26,-3.320038298906738,-3.320038298906738,True,,3626,2875,2,113,0
fix_A2+A3,20,27,-3.3208589491563023,-3.3208589491563023,True,,3740,2965,2,113,0
fix_A2+A3,20,28,-3.320708204941014,-3.320708204941014,True,,8240,7045,2,1010,0
fix_A2+A3,20,29,-3.3209956469179436,-3.3209956469179436,True,,3395,2670,2,112,0
fix_A2+A3,20,30,-3.320496121894061,-3.320496121894061,True,,4141,3295,2,115,0
fix_A2+A3,21,1,-10.15319967905823,-10.15319967905823,False,,29491,25325,2,217,5
fix_A2+A3,21,2,-10.15319967905823,-10.15319967905823,False,,29303,25110,2,1102,2
fix_A2+A3,21,3,-10.15319967905823,-10.15319967905823,False,,29186,25055,2,1103,2
fix_A2+A3,21,4,-10.15319967905823,-10.15319967905823,False,,29421,25115,2,1107,1
fix_A2+A3,21,5,-10.153199679058229,-10.153199679058229,False,,29232,25045,2,1104,3
fix_A2+A3,21,6,-10.15319967905823,-10.15319967905823,False,,29314,25020,2,1102,2
fix_A2+A3,21,7,-10.15319967905823,-10.15319967905823,False,,29322,25190,2,222,3
fix_A2+A3,21,8,-10.15319967905823,-10.15319967905823,False,,29635,25390,2,1102,4
fix_A2+A3,21,9,-10.15319967905823,-10.15319967905823,False,,29203,25140,2,1097,1
fix_A2+A3,21,10,-10.153199679058229,-10.153199679058229,False,,29437,25110,2,1101,1
fix_A2+A3,21,11,-10.15319967905823,-10.15319967905823,False,,29264,25195,2,215,1
fix_A2+A3,21,12,-10.15319967905823,-10.15319967905823,False,,29251,25000,2,1107,2
fix_A2+A3,21,13,-10.15319967905823,-10.15319967905823,False,,29254,25145,2,1098,1
fix_A2+A3,21,14,-10.15319967905823,-10.15319967905823,False,,29163,25000,2,1096,3
fix_A2+A3,21,15,-10.15319967905823,-10.15319967905823,False,,29339,25100,2,225,1
fix_A2+A3,21,16,-10.15319967905823,-10.15319967905823,False,,29406,25150,2,216,5
fix_A2+A3,21,17,-10.15319967905823,-10.15319967905823,False,,29126,25030,2,217,3
fix_A2+A3,21,18,-10.15319967905823,-10.15319967905823,False,,29341,25220,2,218,4
fix_A2+A3,21,19,-10.15319967905823,-10.15319967905823,False,,29282,25175,2,217,1
fix_A2+A3,21,20,-10.15319967905823,-10.15319967905823,False,,29226,25055,2,224,0
fix_A2+A3,21,21,-10.15319967905823,-10.15319967905823,False,,29203,25040,2,1103,4
fix_A2+A3,21,22,-10.153199679058229,-10.153199679058229,False,,29362,25210,2,1105,2
fix_A2+A3,21,23,-10.15319967905823,-10.15319967905823,False,,29337,25130,2,1106,2
fix_A2+A3,21,24,-10.15319967905823,-10.15319967905823,False,,29401,25195,2,219,4
fix_A2+A3,21,25,-10.15319967905823,-10.15319967905823,False,,29168,25075,2,1102,2
fix_A2+A3,21,26,-10.15319967905823,-10.15319967905823,False,,29115,25110,2,1094,1
fix_A2+A3,21,27,-10.15319967905823,-10.15319967905823,False,,29321,25100,2,222,1
fix_A2+A3,21,28,-10.15319967905823,-10.15319967905823,False,,29351,25025,2,225,3
fix_A2+A3,21,29,-10.15319967905823,-10.15319967905823,False,,29315,25135,2,1102,0
fix_A2+A3,21,30,-10.15319967905823,-10.15319967905823,False,,29539,25170,2,226,1
fix_A2+A3,22,1,-10.402902651372253,-10.402902651372253,True,,6346,5200,2,123,1
fix_A2+A3,22,2,-10.402912181945098,-10.402912181945098,True,,5201,4210,2,118,2
fix_A2+A3,22,3,-10.402902542326464,-10.402902542326464,True,,10985,9440,2,1021,2
fix_A2+A3,22,4,-10.402910718599816,-10.402910718599816,True,,10834,9250,2,1023,1
fix_A2+A3,22,5,-10.402922848501651,-10.402922848501651,True,,7134,5790,2,127,2
fix_A2+A3,22,6,-10.40290470044343,-10.40290470044343,True,,5444,4390,2,121,2
fix_A2+A3,22,7,-10.402906997074385,-10.402906997074385,True,,4933,3955,2,119,1
fix_A2+A3,22,8,-10.402912218015908,-10.402912218015908,True,,5945,4835,2,122,1
fix_A2+A3,22,9,-10.402901958506286,-10.402901958506286,True,,10290,8805,2,1019,3
fix_A2+A3,22,10,-10.402910039503853,-10.402910039503853,True,,15365,13185,2,1037,2
fix_A2+A3,22,11,-10.402903841764372,-10.402903841764372,True,,5988,4835,2,122,0
fix_A2+A3,22,12,-10.402904845984473,-10.402904845984473,True,,20078,17200,2,1054,3
fix_A2+A3,22,13,-10.402901489968668,-10.402901489968668,True,,6258,5065,2,124,0
fix_A2+A3,22,14,-5.087671825060291,-5.087671825060291,False,,29446,25235,2,1101,3
fix_A2+A3,22,15,-10.402901809563275,-10.402901809563275,True,,5692,4590,2,121,3
fix_A2+A3,22,16,-10.40291769486516,-10.40291769486516,True,,6840,5615,2,125,0
fix_A2+A3,22,17,-10.402908773830227,-10.402908773830227,True,,5504,4440,2,121,3
fix_A2+A3,22,18,-10.402901798617659,-10.402901798617659,True,,9251,7700,2,133,3
fix_A2+A3,22,19,-10.402912108250504,-10.402912108250504,True,,5947,4835,2,122,2
fix_A2+A3,22,20,-10.402909338843635,-10.402909338843635,True,,5598,4580,2,119,0
fix_A2+A3,22,21,-10.402902931312722,-10.402902931312722,True,,5672,4580,2,122,5
fix_A2+A3,22,22,-10.402912281524046,-10.402912281524046,True,,6969,5725,2,125,2
fix_A2+A3,22,23,-10.40292941972894,-10.40292941972894,True,,5722,4650,2,121,1
fix_A2+A3,22,24,-10.402911738763928,-10.402911738763928,True,,9275,7650,2,135,2
fix_A2+A3,22,25,-10.40290350183524,-10.40290350183524,True,,5390,4340,2,121,3
fix_A2+A3,22,26,-10.402936370672776,-10.402936370672776,True,,5926,4845,2,120,6
fix_A2+A3,22,27,-10.402910324687834,-10.402910324687834,True,,5914,4770,2,122,1
fix_A2+A3,22,28,-10.40290033150322,-10.40290033150322,True,,6865,5660,2,124,0
fix_A2+A3,22,29,-10.402913578335514,-10.402913578335514,True,,10461,8925,2,1020,1
fix_A2+A3,22,30,-10.40291194669827,-10.40291194669827,True,,10464,8970,2,1020,2
fix_A2+A3,23,1,-10.536403939405732,-10.536403939405732,True,,8086,6665,2,130,1
fix_A2+A3,23,2,-10.53640424529316,-10.53640424529316,True,,11104,9475,2,1024,4
fix_A2+A3,23,3,-10.536403690347246,-10.536403690347246,True,,10938,9405,2,1021,2
fix_A2+A3,23,4,-10.536403629845113,-10.536403629845113,True,,11025,9425,2,1022,2
fix_A2+A3,23,5,-10.53640186889486,-10.53640186889486,True,,5660,4635,2,119,1
fix_A2+A3,23,6,-10.536401597404417,-10.536401597404417,True,,6377,5200,2,124,2
fix_A2+A3,23,7,-10.53640457380617,-10.53640457380617,True,,11011,9435,2,1022,1
fix_A2+A3,23,8,-10.536405199841164,-10.536405199841164,True,,6262,5065,2,124,2
fix_A2+A3,23,9,-10.53640059273205,-10.53640059273205,True,,6584,5395,2,124,4
fix_A2+A3,23,10,-10.536404683305033,-10.536404683305033,True,,14005,11960,2,1033,3
fix_A2+A3,23,11,-10.536401258702908,-10.536401258702908,True,,14853,12770,2,1034,3
fix_A2+A3,23,12,-10.536405929888234,-10.536405929888234,True,,10813,9210,2,1021,2
fix_A2+A3,23,13,-10.536404081456153,-10.536404081456153,True,,12067,10230,2,1027,2
fix_A2+A3,23,14,-10.536401359224095,-10.536401359224095,True,,10695,9105,2,1022,6
fix_A2+A3,23,15,-10.536404572933101,-10.536404572933101,True,,11231,9545,2,1024,2
fix_A2+A3,23,16,-10.536402280605252,-10.536402280605252,True,,5575,4530,2,120,0
fix_A2+A3,23,17,-10.536403359998856,-10.536403359998856,True,,6860,5585,2,126,1
fix_A2+A3,23,18,-10.536403411045198,-10.536403411045198,True,,10794,9190,2,1021,1
fix_A2+A3,23,19,-10.536407000711453,-10.536407000711453,True,,6096,5000,2,121,2
fix_A2+A3,23,20,-10.536402833188875,-10.536402833188875,True,,6600,5410,2,124,2
fix_A2+A3,23,21,-10.53640393008193,-10.53640393008193,True,,7086,5820,2,126,5
fix_A2+A3,23,22,-10.536402725019917,-10.536402725019917,True,,6365,5175,2,124,3
fix_A2+A3,23,23,-10.536401836191066,-10.536401836191066,True,,11578,9875,2,1023,3
fix_A2+A3,23,24,-10.536407224023904,-10.536407224023904,True,,8830,7245,2,134,2
fix_A2+A3,23,25,-10.536402646548272,-10.536402646548272,True,,14377,12065,2,152,3
fix_A2+A3,23,26,-10.536401160291652,-10.536401160291652,True,,5206,4180,2,120,1
fix_A2+A3,23,27,-10.536405803768266,-10.536405803768266,True,,5740,4670,2,121,5
fix_A2+A3,23,28,-10.53640755219882,-10.53640755219882,True,,6173,5030,2,123,2
fix_A2+A3,23,29,-10.536408459931483,-10.536408459931483,True,,6841,5585,2,126,1
fix_A2+A3,23,30,-10.536400063195632,-10.536400063195632,True,,12003,10285,2,1026,4
all_fixed,1,1,2.483523417135028,2.483523417135028,False,,25001,21195,2,1106,0
all_fixed,1,2,2.49023987570583,2.49023987570583,False,,25001,21110,2,1123,0
all_fixed,1,3,10.017121467320349,10.017121467320349,False,,25001,21040,2,1124,0
all_fixed,1,4,115.00545035118469,115.00545035118469,False,,25001,21025,2,1145,0
all_fixed,1,5,64.08169190511316,64.08169190511316,False,,25001,21125,2,1148,0
all_fixed,1,6,151.72341068312986,151.72341068312986,False,,25001,20675,2,414,0
all_fixed,1,7,2.93293783609161,2.93293783609161,False,,25001,21115,2,1117,0
all_fixed,1,8,55.80093495897879,55.80093495897879,False,,25001,21060,2,1196,0
all_fixed,1,9,50.142052577897154,50.142052577897154,False,,25001,21100,2,1115,0
all_fixed,1,10,54.51891844344737,54.51891844344737,False,,25001,21065,2,1233,0
all_fixed,1,11,73.54946705132579,73.54946705132579,False,,25001,21020,2,1142,0
all_fixed,1,12,18.00443898797295,18.00443898797295,False,,25001,21075,2,1149,0
all_fixed,1,13,72.05287418944873,72.05287418944873,False,,25001,20685,2,511,0
all_fixed,1,14,11.152542574045095,11.152542574045095,False,,25000,21095,2,1157,0
all_fixed,1,15,13.96399155901895,13.96399155901895,False,,25001,21060,2,1120,0
all_fixed,1,16,4.980797709348548,4.980797709348548,False,,25001,21085,2,1197,0
all_fixed,1,17,44.3416886266888,44.3416886266888,False,,25001,21100,2,1122,0
all_fixed,1,18,13.49600419812409,13.49600419812409,False,,25001,20680,2,471,0
all_fixed,1,19,51.72674470597668,51.72674470597668,False,,25001,21085,2,1121,0
all_fixed,1,20,68.68987356915832,68.68987356915832,False,,25001,21090,2,1169,0
all_fixed,1,21,13.38270107354798,13.38270107354798,False,,25001,21120,2,1125,0
all_fixed,1,22,29.93324899711643,29.93324899711643,False,,25001,21070,2,1107,0
all_fixed,1,23,29.586573632091195,29.586573632091195,False,,25001,21080,2,1114,0
all_fixed,1,24,26.85514404938448,26.85514404938448,False,,25001,21100,2,1172,0
all_fixed,1,25,146.37033241880863,146.37033241880863,False,,25001,21035,2,1133,0
all_fixed,1,26,4.563945670934547,4.563945670934547,False,,25001,21150,2,1154,0
all_fixed,1,27,63.28462930553444,63.28462930553444,False,,25001,21065,2,1193,0
all_fixed,1,28,65.74225413952342,65.74225413952342,False,,25001,21070,2,1205,0
all_fixed,1,29,102.58502243123326,102.58502243123326,False,,25001,21105,2,1166,0
all_fixed,1,30,14.189132051511333,14.189132051511333,False,,25001,21050,2,1159,0
all_fixed,2,1,2.8857971459033935,2.8857971459033935,False,,25001,20675,2,483,0
all_fixed,2,2,5.6777540444654795,5.6777540444654795,False,,25001,21010,2,1185,0
all_fixed,2,3,1.6431267979416995,1.6431267979416995,False,,25001,20720,2,400,0
all_fixed,2,4,1.2173751305700202,1.2173751305700202,False,,25001,20745,2,408,0
all_fixed,2,5,4.876967268631841,4.876967268631841,False,,25001,20685,2,391,0
all_fixed,2,6,1.166461263977533,1.166461263977533,False,,25001,20740,2,402,0
all_fixed,2,7,0.993103376443257,0.993103376443257,False,,25001,21145,2,1100,0
all_fixed,2,8,3.878604306676829,3.878604306676829,False,,25001,21060,2,1128,0
all_fixed,2,9,0.9986920493731103,0.9986920493731103,False,,25001,20780,2,261,0
all_fixed,2,10,3.069868003119001,3.069868003119001,False,,25001,20680,2,370,0
all_fixed,2,11,2.016513413636999,2.016513413636999,False,,25001,21070,2,1106,0
all_fixed,2,12,2.9648196822113126,2.9648196822113126,False,,25001,21030,2,1151,0
all_fixed,2,13,2.691405873598908,2.691405873598908,False,,25001,21100,2,1153,0
all_fixed,2,14,3.458377001234847,3.458377001234847,False,,25001,21035,2,1258,0
all_fixed,2,15,1.465336054169737,1.465336054169737,False,,25001,21010,2,1147,0
all_fixed,2,16,1.1622756534215055,1.1622756534215055,False,,25001,21120,2,1140,0
all_fixed,2,17,6.483761207588229,6.483761207588229,False,,25001,20685,2,556,0
all_fixed,2,18,1.4596715051922677,1.4596715051922677,False,,25001,20715,2,431,0
all_fixed,2,19,5.026896072889873,5.026896072889873,False,,25001,21030,2,1215,0
all_fixed,2,20,4.406176717168234,4.406176717168234,False,,25001,20680,2,459,0
all_fixed,2,21,1.321993858780604,1.321993858780604,False,,25001,21090,2,1167,0
all_fixed,2,22,3.3990117917674705,3.3990117917674705,False,,25001,21020,2,1118,0
all_fixed,2,23,1.8908706418975576,1.8908706418975576,False,,25000,21005,2,1126,0
all_fixed,2,24,1.4471524816697046,1.4471524816697046,False,,25001,20665,2,453,0
all_fixed,2,25,7.355418414078235,7.355418414078235,False,,25001,20975,2,1187,0
all_fixed,2,26,1.2338378197551316,1.2338378197551316,False,,25001,20720,2,451,0
all_fixed,2,27,1.8326565735479186,1.8326565735479186,False,,25001,21100,2,1146,0
all_fixed,2,28,2.3892329625903703,2.3892329625903703,False,,25001,20990,2,1127,0
all_fixed,2,29,1.8693405451279386,1.8693405451279386,False,,25001,20780,2,418,0
all_fixed,2,30,1.6266481946886642,1.6266481946886642,False,,25000,20750,2,458,0
all_fixed,3,1,786.1258368624801,786.1258368624801,False,,25001,21070,2,1106,0
all_fixed,3,2,137.48995463040453,137.48995463040453,False,,25001,21025,2,1104,0
all_fixed,3,3,332.9685410005337,332.9685410005337,False,,25001,21090,2,1122,0
all_fixed,3,4,1139.8301640368306,1139.8301640368306,False,,25001,20760,2,1138,0
all_fixed,3,5,15.51697739344815,15.51697739344815,False,,25001,21160,2,1098,0
all_fixed,3,6,714.9143752856482,714.9143752856482,False,,25001,20835,2,1124,0
all_fixed,3,7,65.60821820937888,65.60821820937888,False,,25001,21060,2,1124,0
all_fixed,3,8,37.52232434694337,37.52232434694337,False,,25001,21130,2,1099,0
all_fixed,3,9,1378.3922147351836,1378.3922147351836,False,,25001,20680,2,341,0
all_fixed,3,10,91.77353092083983,91.77353092083983,False,,25001,20965,2,1109,0
all_fixed,3,11,55.10656362676111,55.10656362676111,False,,25001,20950,2,1109,0
all_fixed,3,12,1019.2398884004346,1019.2398884004346,False,,25001,20965,2,1141,0
all_fixed,3,13,33.75453047197158,33.75453047197158,False,,25001,20970,2,1098,0
all_fixed,3,14,622.2924209816746,622.2924209816746,False,,25001,20960,2,1123,0
all_fixed,3,15,1351.9220734333865,1351.9220734333865,False,,25001,20685,2,376,0
all_fixed,3,16,44.9221151025098,44.9221151025098,False,,25001,20720,2,437,0
all_fixed,3,17,28.94925994152145,28.94925994152145,False,,25001,21090,2,1114,0
all_fixed,3,18,34.237025319596434,34.237025319596434,False,,25001,21080,2,1102,0
all_fixed,3,19,40.385234116316084,40.385234116316084,False,,25001,20740,2,320,0
all_fixed,3,20,107.49642891989471,107.49642891989471,False,,25001,21035,2,1103,0
all_fixed,3,21,70.3563223204713,70.3563223204713,False,,25001,21055,2,1156,0
all_fixed,3,22,4164.1692872696985,4164.1692872696985,False,,25001,20935,2,1125,0
all_fixed,3,23,134.80655388463006,134.80655388463006,False,,25001,21060,2,1114,0
all_fixed,3,24,35.879011931158885,35.879011931158885,False,,25000,21030,2,1096,0
all_fixed,3,25,498.8664154164505,498.8664154164505,False,,25001,20895,2,1138,0
all_fixed,3,26,11.687195631251559,11.687195631251559,False,,25001,21035,2,1084,0
all_fixed,3,27,708.6550961063817,708.6550961063817,False,,25001,20885,2,1110,0
all_fixed,3,28,50.33236039808683,50.33236039808683,False,,25001,21040,2,1116,0
all_fixed,3,29,1906.9531999688766,1906.9531999688766,False,,25000,21015,2,1134,0
all_fixed,3,30,64.83642977597574,64.83642977597574,False,,25001,20700,2,360,0
all_fixed,4,1,3.969507086696618,3.969507086696618,False,,25001,21110,2,1104,0
all_fixed,4,2,1.6957341894778994,1.6957341894778994,False,,25001,21140,2,1111,0
all_fixed,4,3,1.6338311937736953,1.6338311937736953,False,,25001,20765,2,249,0
all_fixed,4,4,0.6985043153300965,0.6985043153300965,False,,25001,20735,2,343,0
all_fixed,4,5,1.8051328945528045,1.8051328945528045,False,,25001,21175,2,1091,0
all_fixed,4,6,1.5192174667988005,1.5192174667988005,False,,25001,20720,2,254,0
all_fixed,4,7,0.7586046620599841,0.7586046620599841,False,,25001,21055,2,1092,0
all_fixed,4,8,1.9893501822958264,1.9893501822958264,False,,25001,21075,2,1103,0
all_fixed,4,9,1.606407339020049,1.606407339020049,False,,25001,20725,2,267,0
all_fixed,4,10,4.189519170955212,4.189519170955212,False,,25001,21145,2,1100,0
all_fixed,4,11,1.7231350854999312,1.7231350854999312,False,,25001,21090,2,1104,0
all_fixed,4,12,1.9379798344663106,1.9379798344663106,False,,25001,21120,2,1115,0
all_fixed,4,13,1.0538166443354435,1.0538166443354435,False,,25001,20690,2,230,0
all_fixed,4,14,1.3917546830892948,1.3917546830892948,False,,25001,20755,2,246,0
all_fixed,4,15,1.109758673431948,1.109758673431948,False,,25001,21145,2,1099,0
all_fixed,4,16,1.687078645802439,1.687078645802439,False,,25001,21105,2,1093,0
all_fixed,4,17,2.5194977604842705,2.5194977604842705,False,,25001,21140,2,1098,0
all_fixed,4,18,3.003990510021799,3.003990510021799,False,,25001,21140,2,1099,0
all_fixed,4,19,2.468453511354433,2.468453511354433,False,,25001,21065,2,1118,0
all_fixed,4,20,1.3797868358795855,1.3797868358795855,False,,25001,21105,2,1107,0
all_fixed,4,21,1.6876578600169259,1.6876578600169259,False,,25001,21080,2,1101,0
all_fixed,4,22,2.276189922527326,2.276189922527326,False,,25001,21115,2,1110,0
all_fixed,4,23,1.822559224774211,1.822559224774211,False,,25001,21065,2,1107,0
all_fixed,4,24,2.224381088384044,2.224381088384044,False,,25001,21085,2,1108,0
all_fixed,4,25,2.1232592119928557,2.1232592119928557,False,,25001,20700,2,314,0
all_fixed,4,26,0.880934908532516,0.880934908532516,False,,25001,21125,2,1099,0
all_fixed,4,27,0.8815519783000612,0.8815519783000612,False,,25001,21180,2,1094,0
all_fixed,4,28,3.152859319162212,3.152859319162212,False,,25001,20730,2,349,0
all_fixed,4,29,1.2006778404154197,1.2006778404154197,False,,25001,20725,2,244,0
all_fixed,4,30,1.860588385421418,1.860588385421418,False,,25001,20730,2,263,0
all_fixed,5,1,6681.5029555917545,6681.5029555917545,False,,25001,20680,2,474,0
all_fixed,5,2,21264.71006054136,21264.71006054136,False,,25001,21050,2,1181,0
all_fixed,5,3,118051.23972498097,118051.23972498097,False,,25001,21055,2,1228,0
all_fixed,5,4,1650.6153157236472,1650.6153157236472,False,,25001,21045,2,1220,0
all_fixed,5,5,137570.5609250223,137570.5609250223,False,,25001,21060,2,1272,0
all_fixed,5,6,25715.658573370583,25715.658573370583,False,,25001,21070,2,1151,0
all_fixed,5,7,9680.745379218659,9680.745379218659,False,,25001,20685,2,488,0
all_fixed,5,8,2881.4153373619047,2881.4153373619047,False,,25001,20680,2,465,0
all_fixed,5,9,12519.40796987392,12519.40796987392,False,,25001,20680,2,419,0
all_fixed,5,10,213795.92607536446,213795.92607536446,False,,25001,21060,2,1123,0
all_fixed,5,11,30897.686616395687,30897.686616395687,False,,25001,20685,2,493,0
all_fixed,5,12,38318.266614486805,38318.266614486805,False,,25001,21065,2,1208,0
all_fixed,5,13,2608.876107304055,2608.876107304055,False,,25001,20685,2,476,0
all_fixed,5,14,218.94801353643493,218.94801353643493,False,,25001,21125,2,1128,0
all_fixed,5,15,10641.095454029792,10641.095454029792,False,,25001,21060,2,1199,0
all_fixed,5,16,6106.979573594186,6106.979573594186,False,,25001,21050,2,1186,0
all_fixed,5,17,55974.60000839152,55974.60000839152,False,,25001,21065,2,1245,0
all_fixed,5,18,345.2970754375486,345.2970754375486,False,,25001,21230,2,1101,0
all_fixed,5,19,968.1517210825599,968.1517210825599,False,,25001,21095,2,1152,0
all_fixed,5,20,21016.681966720913,21016.681966720913,False,,25001,20690,2,502,0
all_fixed,5,21,51962.33446689045,51962.33446689045,False,,25001,21055,2,1220,0
all_fixed,5,22,9942.122180315271,9942.122180315271,False,,25001,21080,2,1252,0
all_fixed,5,23,138271.96224266177,138271.96224266177,False,,25001,20695,2,510,0
all_fixed,5,24,11013.768713764874,11013.768713764874,False,,25001,21130,2,1123,0
all_fixed,5,25,18910.05333354188,18910.05333354188,False,,25001,20715,2,430,0
all_fixed,5,26,31470.14478581507,31470.14478581507,False,,25001,21055,2,1127,0
all_fixed,5,27,665.7718132927414,665.7718132927414,False,,25001,21060,2,1129,0
all_fixed,5,28,41643.116892619095,41643.116892619095,False,,25001,21080,2,1268,0
all_fixed,5,29,9000.31586623624,9000.31586623624,False,,25001,21110,2,1165,0
all_fixed,5,30,44402.6886495641,44402.6886495641,False,,25001,20715,2,442,0
all_fixed,6,1,41.0,41.0,False,,25001,21310,2,1089,0
all_fixed,6,2,298.0,298.0,False,,25001,21140,2,1115,0
all_fixed,6,3,47.0,47.0,False,,25000,21155,2,218,0
all_fixed,6,4,86.0,86.0,False,,25001,21155,2,1094,0
all_fixed,6,5,34.0,34.0,False,,25001,21310,2,1090,0
all_fixed,6,6,60.0,60.0,False,,25001,20980,2,229,0
all_fixed,6,7,62.0,62.0,False,,25001,21330,2,1090,0
all_fixed,6,8,135.0,135.0,False,,25001,20965,2,220,0
all_fixed,6,9,5.0,5.0,False,,25001,21970,2,1072,0
all_fixed,6,10,55.0,55.0,False,,25001,21245,2,1090,0
all_fixed,6,11,144.0,144.0,False,,25001,21180,2,1103,0
all_fixed,6,12,39.0,39.0,False,,25001,21285,2,1097,0
all_fixed,6,13,38.0,38.0,False,,25001,21415,2,1087,0
all_fixed,6,14,159.0,159.0,False,,25001,21220,2,1094,0
all_fixed,6,15,48.0,48.0,False,,25001,21410,2,1092,0
all_fixed,6,16,17.0,17.0,False,,25001,21615,2,196,0
all_fixed,6,17,127.0,127.0,False,,25001,21150,2,1106,0
all_fixed,6,18,106.0,106.0,False,,25001,21205,2,1100,0
all_fixed,6,19,67.0,67.0,False,,25001,20985,2,223,0
all_fixed,6,20,10.0,10.0,False,,25001,21510,2,1079,0
all_fixed,6,21,195.0,195.0,False,,25001,21245,2,1093,0
all_fixed,6,22,102.0,102.0,False,,25001,21290,2,1101,0
all_fixed,6,23,104.0,104.0,False,,25001,21260,2,1088,0
all_fixed,6,24,53.0,53.0,False,,25001,21305,2,1088,0
all_fixed,6,25,24.0,24.0,False,,25001,21165,2,210,0
all_fixed,6,26,124.0,124.0,False,,25001,21225,2,1099,0
all_fixed,6,27,26.0,26.0,False,,25001,21375,2,1087,0
all_fixed,6,28,52.0,52.0,False,,25001,21435,2,1093,0
all_fixed,6,29,36.0,36.0,False,,25001,21365,2,1093,0
all_fixed,6,30,71.0,71.0,False,,25001,21225,2,1092,0
all_fixed,7,1,0.0027297799979612643,0.9703759591595474,False,,25001,21165,2,188,0
all_fixed,7,2,0.033073745061559925,0.6325301370352191,False,,25001,21035,2,190,0
all_fixed,7,3,0.004316915397128109,0.21694568373523895,False,,25001,21130,2,1066,0
all_fixed,7,4,0.005837098604559722,0.47408053537322425,False,,25001,21300,2,185,0
all_fixed,7,5,0.0024400764356059847,0.7247681781672471,False,,25001,21365,2,183,0
all_fixed,7,6,0.005452257755011966,0.7418223818002319,False,,25001,20985,2,1067,0
all_fixed,7,7,0.0011501621228231316,0.7736518595317442,False,,25001,21365,2,183,0
all_fixed,7,8,0.011015875927030643,0.0378809565447263,False,,25001,21200,2,189,0
all_fixed,7,9,0.011838067162425457,0.30489587271212065,False,,25001,21045,2,189,0
all_fixed,7,10,0.004860016886401877,0.9946787406346028,False,,25001,21265,2,186,0
all_fixed,7,11,0.0005156757149405681,0.5179067429789154,False,,25001,21165,2,1065,0
all_fixed,7,12,0.0023453427998812943,0.3724797853027805,False,,25001,21365,2,183,0
all_fixed,7,13,0.003143539341392061,0.5790790304333614,False,,25001,21365,2,183,0
all_fixed,7,14,0.013382116545484327,0.8614541195553745,False,,25001,21265,2,186,0
all_fixed,7,15,0.0016332435674398236,0.02260814621157997,False,,25001,21230,2,186,0
all_fixed,7,16,0.0026957642205986667,0.15201556297310434,False,,25001,21465,2,180,0
all_fixed,7,17,0.007443151498921669,0.9853487897707743,False,,25001,21070,2,186,0
all_fixed,7,18,0.005955876484469173,0.577792440710983,False,,25001,21400,2,182,0
all_fixed,7,19,0.004622873358029778,0.6670755357770415,False,,25001,21265,2,186,0
all_fixed,7,20,0.0012540269082180597,0.7754964865339569,False,,25000,21300,2,185,0
all_fixed,7,21,0.007972617228480446,0.49139702563706106,False,,25001,21200,2,189,0
all_fixed,7,22,0.003289148451938201,0.5474140750523984,False,,25001,21200,2,188,0
all_fixed,7,23,0.001902123578969064,0.22460394005001533,False,,25001,21280,2,185,0
all_fixed,7,24,0.0029054920487174823,0.09180236898984806,False,,25001,21275,2,185,0
all_fixed,7,25,0.011975317227360926,0.9504550623846947,False,,25001,21100,2,1067,0
all_fixed,7,26,0.0017238101412284444,0.24639215359593722,False,,25001,21365,2,183,0
all_fixed,7,27,0.003880855380640251,0.9308703809013337,False,,25001,21200,2,187,0
all_fixed,7,28,0.0014547809160416754,0.6631243772590791,False,,25001,21300,2,184,0
all_fixed,7,29,0.001595990226245082,0.9417954607174749,False,,25001,21400,2,182,0
all_fixed,7,30,0.0009376616320815159,0.3938619925799032,False,,25001,21365,2,183,0
all_fixed,8,1,-15023.610514436452,-15023.610514436452,False,,25001,20865,2,234,0
all_fixed,8,2,-12025.779840533263,-12025.779840533263,False,,25001,20935,2,208,0
all_fixed,8,3,-14962.030947674706,-14962.030947674706,False,,25001,20870,2,223,0
all_fixed,8,4,-14984.233028227993,-14984.233028227993,False,,25001,21000,2,205,0
all_fixed,8,5,-12017.019308243376,-12017.019308243376,False,,25001,20800,2,249,0
all_fixed,8,6,-17927.32352731202,-17927.32352731202,False,,25001,21100,2,196,0
all_fixed,8,7,-17294.129754647216,-17294.129754647216,False,,25001,21230,2,188,0
all_fixed,8,8,-14802.914332585186,-14802.914332585186,False,,25001,20865,2,237,0
all_fixed,8,9,-16540.108894061348,-16540.108894061348,False,,25001,21400,2,182,0
all_fixed,8,10,-14975.073724948552,-14975.073724948552,False,,25001,21175,2,1083,0
all_fixed,8,11,-14976.50208821357,-14976.50208821357,False,,25001,21035,2,198,0
all_fixed,8,12,-14953.664941757761,-14953.664941757761,False,,25001,20970,2,211,0
all_fixed,8,13,-14953.693928934283,-14953.693928934283,False,,25001,20830,2,227,0
all_fixed,8,14,-12012.245659502749,-12012.245659502749,False,,25001,20835,2,275,0
all_fixed,8,15,-13597.10124191412,-13597.10124191412,False,,25001,21485,2,1067,0
all_fixed,8,16,-14952.212136404803,-14952.212136404803,False,,25001,20870,2,218,0
all_fixed,8,17,-14935.529689504225,-14935.529689504225,False,,25001,20830,2,242,0
all_fixed,8,18,-15010.419829158911,-15010.419829158911,False,,25001,21175,2,1085,0
all_fixed,8,19,-14997.424590813258,-14997.424590813258,False,,25001,20865,2,218,0
all_fixed,8,20,-14974.509215571976,-14974.509215571976,False,,25001,21115,2,1091,0
all_fixed,8,21,-14480.735737700898,-14480.735737700898,False,,25001,21535,2,179,0
all_fixed,8,22,-16504.424247488078,-16504.424247488078,False,,25001,21000,2,202,0
all_fixed,8,23,-12025.345813433089,-12025.345813433089,False,,25001,20670,2,234,0
all_fixed,8,24,-16047.188797423152,-16047.188797423152,False,,25001,21370,2,183,0
all_fixed,8,25,-14962.855682832373,-14962.855682832373,False,,25001,21235,2,187,0
all_fixed,8,26,-14978.510320914751,-14978.510320914751,False,,25001,20865,2,227,0
all_fixed,8,27,-14931.168359876081,-14931.168359876081,False,,25001,20935,2,214,0
all_fixed,8,28,-14960.932510560093,-14960.932510560093,False,,25001,20800,2,288,0
all_fixed,8,29,-15035.794703090092,-15035.794703090092,False,,25001,21235,2,187,0
all_fixed,8,30,-14693.894723107918,-14693.894723107918,False,,25001,21205,2,1081,0
all_fixed,9,1,107.26572595806113,107.26572595806113,False,,25001,21155,2,1100,0
all_fixed,9,2,102.78158307530884,102.78158307530884,False,,25001,21315,2,1078,0
all_fixed,9,3,56.31911798314758,56.31911798314758,False,,25001,21275,2,1083,0
all_fixed,9,4,3.6102463948485024,3.6102463948485024,False,,25001,20815,2,294,0
all_fixed,9,5,30.41034841619205,30.41034841619205,False,,25001,21160,2,1095,0
all_fixed,9,6,1.7838598379578343,1.7838598379578343,False,,25001,21215,2,1099,0
all_fixed,9,7,8.813666725335565,8.813666725335565,False,,25001,21315,2,1084,0
all_fixed,9,8,29.309415418692083,29.309415418692083,False,,25001,21260,2,1085,0
all_fixed,9,9,27.2897574171638,27.2897574171638,False,,25001,21355,2,1079,0
all_fixed,9,10,53.837795641221874,53.837795641221874,False,,25001,21265,2,1086,0
all_fixed,9,11,57.69786437087163,57.69786437087163,False,,25001,21095,2,1098,0
all_fixed,9,12,1.4189077280703373,1.4189077280703373,False,,25001,21120,2,1109,0
all_fixed,9,13,5.010806483754493,5.010806483754493,False,,25001,21135,2,1133,0
all_fixed,9,14,6.391273463685025,6.391273463685025,False,,25001,21145,2,1107,0
all_fixed,9,15,9.205786324496671,9.205786324496671,False,,25001,21185,2,190,0
all_fixed,9,16,41.173606477181806,41.173606477181806,False,,25001,21085,2,1093,0
all_fixed,9,17,3.2190284744650057,3.2190284744650057,False,,25001,21085,2,1112,0
all_fixed,9,18,42.172197307668114,42.172197307668114,False,,25001,21190,2,1092,0
all_fixed,9,19,28.437076335031804,28.437076335031804,False,,25001,21275,2,1085,0
all_fixed,9,20,54.08390874502112,54.08390874502112,False,,25001,21145,2,1113,0
all_fixed,9,21,102.60128722151711,102.60128722151711,False,,25001,21290,2,1084,0
all_fixed,9,22,52.94252872905827,52.94252872905827,False,,25001,21195,2,1090,0
all_fixed,9,23,203.47129925736965,203.47129925736965,False,,25001,21395,2,1074,0
all_fixed,9,24,22.745585769162176,22.745585769162176,False,,25001,21200,2,1098,0
all_fixed,9,25,21.037140715656676,21.037140715656676,False,,25001,20915,2,284,0
all_fixed,9,26,10.457940288538452,10.457940288538452,False,,25001,21100,2,1126,0
all_fixed,9,27,27.838953324295005,27.838953324295005,False,,25001,21155,2,1096,0
all_fixed,9,28,37.2369244210542,37.2369244210542,False,,25001,20745,2,388,0
all_fixed,9,29,17.56149797289737,17.56149797289737,False,,25001,21275,2,1082,0
all_fixed,9,30,61.035454455185516,61.035454455185516,False,,25001,21320,2,1080,0
all_fixed,10,1,2.640239415466667,2.640239415466667,False,,25001,20675,2,502,0
all_fixed,10,2,2.184374267838536,2.184374267838536,False,,25001,21065,2,1157,0
all_fixed,10,3,0.9189079237975588,0.9189079237975588,False,,25001,21045,2,1115,0
all_fixed,10,4,2.279550813253302,2.279550813253302,False,,25001,20710,2,461,0
all_fixed,10,5,2.5212743584058015,2.5212743584058015,False,,25001,21090,2,1124,0
all_fixed,10,6,4.445370302643333,4.445370302643333,False,,25000,21090,2,1164,0
all_fixed,10,7,2.7877842523413148,2.7877842523413148,False,,25001,21050,2,1107,0
all_fixed,10,8,2.8404211091627123,2.8404211091627123,False,,25001,21070,2,1158,0
all_fixed,10,9,2.025490621954351,2.025490621954351,False,,25001,21050,2,1145,0
all_fixed,10,10,0.508761555856712,0.508761555856712,False,,25001,21060,2,1175,0
all_fixed,10,11,2.1560385983712433,2.1560385983712433,False,,25001,20725,2,355,0
all_fixed,10,12,3.173752923122628,3.173752923122628,False,,25001,21050,2,1118,0
all_fixed,10,13,0.43648292900239527,0.43648292900239527,False,,25001,21205,2,1112,0
all_fixed,10,14,1.9419599098167173,1.9419599098167173,False,,25001,21045,2,1142,0
all_fixed,10,15,2.802180074164401,2.802180074164401,False,,25001,21040,2,1157,0
all_fixed,10,16,0.7454432683931214,0.7454432683931214,False,,25001,20750,2,480,0
all_fixed,10,17,2.802608809450526,2.802608809450526,False,,25001,21120,2,1125,0
all_fixed,10,18,2.6322967816059415,2.6322967816059415,False,,25001,21060,2,1177,0
all_fixed,10,19,3.0748545262885547,3.0748545262885547,False,,25001,20985,2,1138,0
all_fixed,10,20,1.2956048174471353,1.2956048174471353,False,,25001,20750,2,378,0
all_fixed,10,21,1.1260391095114746,1.1260391095114746,False,,25001,21120,2,1109,0
all_fixed,10,22,1.6181514634602014,1.6181514634602014,False,,25001,20690,2,372,0
all_fixed,10,23,0.828573619953382,0.828573619953382,False,,25001,21095,2,1107,0
all_fixed,10,24,1.8255185426713934,1.8255185426713934,False,,25001,20715,2,374,0
all_fixed,10,25,2.3079530485607163,2.3079530485607163,False,,25001,21040,2,1155,0
all_fixed,10,26,3.3035756762831885,3.3035756762831885,False,,25001,21060,2,1097,0
all_fixed,10,27,0.32429150891644243,0.32429150891644243,False,,25001,20720,2,459,0
all_fixed,10,28,0.7310349586892824,0.7310349586892824,False,,25001,21115,2,1113,0
all_fixed,10,29,2.430388006732923,2.430388006732923,False,,25001,21145,2,1129,0
all_fixed,10,30,0.5546674027026204,0.5546674027026204,False,,25001,21085,2,1171,0
all_fixed,11,1,1.508619985516684,1.508619985516684,False,,25001,21090,2,1194,0
all_fixed,11,2,1.0317466274451157,1.0317466274451157,False,,25001,21110,2,1110,0
all_fixed,11,3,1.0901536882869804,1.0901536882869804,False,,25001,21040,2,1124,0
all_fixed,11,4,2.0350490531608476,2.0350490531608476,False,,25001,21025,2,1145,0
all_fixed,11,5,1.5767351492735413,1.5767351492735413,False,,25001,21125,2,1148,0
all_fixed,11,6,2.3655106960894443,2.3655106960894443,False,,25001,20675,2,414,0
all_fixed,11,7,0.9389040346612868,0.9389040346612868,False,,25001,21115,2,1129,0
all_fixed,11,8,1.5022084146307146,1.5022084146307146,False,,25001,21060,2,1196,0
all_fixed,11,9,1.9901631638460129,1.9901631638460129,False,,25001,21025,2,1121,0
all_fixed,11,10,1.202258018203318,1.202258018203318,False,,25001,21090,2,1178,0
all_fixed,11,11,1.665236014055599,1.665236014055599,False,,25001,21060,2,1162,0
all_fixed,11,12,1.41768431353662,1.41768431353662,False,,25001,20685,2,450,0
all_fixed,11,13,1.6484758647493898,1.6484758647493898,False,,25001,20690,2,511,0
all_fixed,11,14,1.115972895200236,1.115972895200236,False,,25001,21095,2,1170,0
all_fixed,11,15,1.122533097824045,1.122533097824045,False,,25001,21060,2,1121,0
all_fixed,11,16,1.0542076904453987,1.0542076904453987,False,,25001,21090,2,1157,0
all_fixed,11,17,1.3990751973960744,1.3990751973960744,False,,25001,21100,2,1122,0
all_fixed,11,18,1.8815878642798984,1.8815878642798984,False,,25001,20685,2,504,0
all_fixed,11,19,1.670409893217255,1.670409893217255,False,,25001,21035,2,1222,0
all_fixed,11,20,1.3838980174990263,1.3838980174990263,False,,25001,20680,2,389,0
all_fixed,11,21,1.1702706750923375,1.1702706750923375,False,,25001,20715,2,460,0
all_fixed,11,22,1.2093251992993803,1.2093251992993803,False,,25001,21145,2,1116,0
all_fixed,11,23,1.1739656193674648,1.1739656193674648,False,,25001,21040,2,1239,0
all_fixed,11,24,1.2403365031980027,1.2403365031980027,False,,25001,21100,2,1173,0
all_fixed,11,25,2.317332991769278,2.317332991769278,False,,25001,21040,2,1133,0
all_fixed,11,26,1.7091644798452954,1.7091644798452954,False,,25001,21055,2,1131,0
all_fixed,11,27,1.1969204724708509,1.1969204724708509,False,,25001,21095,2,1118,0
all_fixed,11,28,1.5916802872605555,1.5916802872605555,False,,25001,21070,2,1205,0
all_fixed,11,29,1.1524092723630919,1.1524092723630919,False,,25001,20715,2,510,0
all_fixed,11,30,1.2367682755994769,1.2367682755994769,False,,25001,21090,2,1140,0
all_fixed,12,1,0.06965603614829192,0.06965603614829192,False,,25001,20750,2,444,0
all_fixed,12,2,0.00797011352692171,0.00797011352692171,False,,25001,20815,2,324,0
all_fixed,12,3,0.016351752072859094,0.016351752072859094,False,,25001,21055,2,1135,0
all_fixed,12,4,0.023229617629757473,0.023229617629757473,False,,25001,21080,2,1131,0
all_fixed,12,5,0.09680518772759952,0.09680518772759952,False,,25001,20715,2,502,0
all_fixed,12,6,0.053954205658924115,0.053954205658924115,False,,25001,21145,2,1106,0
all_fixed,12,7,0.07907450392304494,0.07907450392304494,False,,25001,20720,2,426,0
all_fixed,12,8,0.030807621185159652,0.030807621185159652,False,,25001,21070,2,1159,0
all_fixed,12,9,0.0331214261585341,0.0331214261585341,False,,25001,21070,2,1158,0
all_fixed,12,10,0.015248723837636563,0.015248723837636563,False,,25001,21105,2,1165,0
all_fixed,12,11,0.0402937042307858,0.0402937042307858,False,,25001,21060,2,1148,0
all_fixed,12,12,0.01890239793122017,0.01890239793122017,False,,25001,21140,2,1103,0
all_fixed,12,13,0.0015721859894988707,0.0015721859894988707,False,,25001,20820,2,371,0
all_fixed,12,14,0.04905198249277622,0.04905198249277622,False,,25001,21060,2,1132,0
all_fixed,12,15,0.9095092091814533,0.9095092091814533,False,,25001,21045,2,1113,0
all_fixed,12,16,0.0023387445384761263,0.0023387445384761263,False,,25001,20715,2,413,0
all_fixed,12,17,0.10166364840568835,0.10166364840568835,False,,25001,20685,2,388,0
all_fixed,12,18,1.0659237040022884,1.0659237040022884,False,,25001,21070,2,1198,0
all_fixed,12,19,0.1489760784464498,0.1489760784464498,False,,25001,20715,2,410,0
all_fixed,12,20,0.030458850172586656,0.030458850172586656,False,,25001,21090,2,1099,0
all_fixed,12,21,0.10470997694835538,0.10470997694835538,False,,25001,21100,2,1161,0
all_fixed,12,22,0.1200429298906779,0.1200429298906779,False,,25001,21070,2,1140,0
all_fixed,12,23,0.02294505214022424,0.02294505214022424,False,,25001,21095,2,1149,0
all_fixed,12,24,0.06383813535088592,0.06383813535088592,False,,25001,20720,2,471,0
all_fixed,12,25,0.8675610323625792,0.8675610323625792,False,,25001,21035,2,1116,0
all_fixed,12,26,0.0175244011053982,0.0175244011053982,False,,25001,21090,2,1116,0
all_fixed,12,27,0.19238892531604163,0.19238892531604163,False,,25001,21060,2,1102,0
all_fixed,12,28,0.07161986020391824,0.07161986020391824,False,,25001,21110,2,1216,0
all_fixed,12,29,0.4323068957574339,0.4323068957574339,False,,25001,21075,2,1106,0
all_fixed,12,30,0.02104751060965361,0.02104751060965361,False,,25001,21050,2,1125,0
all_fixed,13,1,1.167806592610716,1.167806592610716,False,,25001,20715,2,361,0
all_fixed,13,2,0.3910450879623609,0.3910450879623609,False,,25001,21090,2,1146,0
all_fixed,13,3,1.2811833531842767,1.2811833531842767,False,,25001,21070,2,1109,0
all_fixed,13,4,2.5817968199260193,2.5817968199260193,False,,25001,21070,2,1133,0
all_fixed,13,5,1.3647913951344617,1.3647913951344617,False,,25001,21090,2,1108,0
all_fixed,13,6,0.6958855825701118,0.6958855825701118,False,,25001,21085,2,1143,0
all_fixed,13,7,1.151859501473399,1.151859501473399,False,,25001,20820,2,330,0
all_fixed,13,8,0.4058358337634381,0.4058358337634381,False,,25001,21060,2,1241,0
all_fixed,13,9,0.30857737214683284,0.30857737214683284,False,,25001,20750,2,401,0
all_fixed,13,10,0.39393350399760635,0.39393350399760635,False,,25001,20745,2,415,0
all_fixed,13,11,1.2495274506346927,1.2495274506346927,False,,25001,21065,2,1122,0
all_fixed,13,12,9.455461866846889,9.455461866846889,False,,25000,21075,2,1136,0
all_fixed,13,13,0.44346962059166606,0.44346962059166606,False,,25001,20720,2,428,0
all_fixed,13,14,0.15657232648883534,0.15657232648883534,False,,25001,21060,2,1140,0
all_fixed,13,15,0.8981135447030572,0.8981135447030572,False,,25001,21095,2,1103,0
all_fixed,13,16,0.12443413555479184,0.12443413555479184,False,,25001,21185,2,1109,0
all_fixed,13,17,1.4031229119936903,1.4031229119936903,False,,25001,20720,2,363,0
all_fixed,13,18,7.944831468082956,7.944831468082956,False,,25001,21100,2,1111,0
all_fixed,13,19,1.0088104003791096,1.0088104003791096,False,,25001,21075,2,1106,0
all_fixed,13,20,7.293910011754639,7.293910011754639,False,,25001,21065,2,1089,0
all_fixed,13,21,0.476920423166672,0.476920423166672,False,,25001,21055,2,1127,0
all_fixed,13,22,1.9686170383447985,1.9686170383447985,False,,25001,20680,2,430,0
all_fixed,13,23,2.7315590801599376,2.7315590801599376,False,,25001,20720,2,412,0
all_fixed,13,24,1.4577680760451452,1.4577680760451452,False,,25001,21095,2,1152,0
all_fixed,13,25,1.7280167912704134,1.7280167912704134,False,,25001,21080,2,1111,0
all_fixed,13,26,2.8043699450461044,2.8043699450461044,False,,25001,21090,2,1107,0
all_fixed,13,27,4.090262422045693,4.090262422045693,False,,25001,21095,2,1104,0
all_fixed,13,28,0.25544515739225937,0.25544515739225937,False,,25001,21145,2,1101,0
all_fixed,13,29,10.098677362339913,10.098677362339913,False,,25001,21080,2,1095,0
all_fixed,13,30,0.4062330876877785,0.4062330876877785,False,,25001,20750,2,461,0
all_fixed,14,1,0.9980038377944498,0.9980038377944498,False,,25001,21640,2,1073,0
all_fixed,14,2,0.9980038377944498,0.9980038377944498,False,,25001,21465,2,190,0
all_fixed,14,3,0.9980038377944498,0.9980038377944498,False,,25001,21470,2,187,0
all_fixed,14,4,0.9980038377944498,0.9980038377944498,False,,25001,21490,2,191,0
all_fixed,14,5,0.9980038377944498,0.9980038377944498,False,,25001,21720,2,1070,0
all_fixed,14,6,0.9980038377944498,0.9980038377944498,False,,25001,21620,2,1071,0
all_fixed,14,7,0.9980038377944498,0.9980038377944498,False,,25001,21420,2,191,0
all_fixed,14,8,0.9980038377944498,0.9980038377944498,False,,25001,21525,2,1072,0
all_fixed,14,9,0.9980038377944498,0.9980038377944498,False,,25001,21550,2,188,0
all_fixed,14,10,0.9980038377944498,0.9980038377944498,False,,25001,21275,2,194,0
all_fixed,14,11,0.9980038377944498,0.9980038377944498,False,,25001,21380,2,189,0
all_fixed,14,12,0.9980038377944498,0.9980038377944498,False,,25001,21715,2,1069,0
all_fixed,14,13,0.9980038377944498,0.9980038377944498,False,,25001,21720,2,1070,0
all_fixed,14,14,0.9980038377944498,0.9980038377944498,False,,25001,21420,2,186,0
all_fixed,14,15,0.9980038377944498,0.9980038377944498,False,,25001,21450,2,1074,0
all_fixed,14,16,0.9980038377944498,0.9980038377944498,False,,25001,21495,2,190,0
all_fixed,14,17,0.9980038377944498,0.9980038377944498,False,,25001,21440,2,189,0
all_fixed,14,18,0.9980038377944498,0.9980038377944498,False,,25001,21460,2,188,0
all_fixed,14,19,0.9980038377944498,0.9980038377944498,False,,25001,21595,2,1072,0
all_fixed,14,20,0.9980038377944498,0.9980038377944498,False,,25001,21725,2,1071,0
all_fixed,14,21,0.9980038377944498,0.9980038377944498,False,,25001,21400,2,192,0
all_fixed,14,22,0.9980038377944498,0.9980038377944498,False,,25001,21440,2,192,0
all_fixed,14,23,0.9980038377944498,0.9980038377944498,False,,25001,21430,2,190,0
all_fixed,14,24,0.9980038377944498,0.9980038377944498,False,,25001,21490,2,187,0
all_fixed,14,25,0.9980038377944498,0.9980038377944498,False,,25001,21535,2,191,0
all_fixed,14,26,0.9980038377944498,0.9980038377944498,False,,25001,21430,2,191,0
all_fixed,14,27,0.9980038377944498,0.9980038377944498,False,,25001,21470,2,189,0
all_fixed,14,28,0.9980038377944498,0.9980038377944498,False,,25001,21475,2,189,0
all_fixed,14,29,0.9980038377944498,0.9980038377944498,False,,25001,21415,2,189,0
all_fixed,14,30,0.9980038377944498,0.9980038377944498,False,,25001,21375,2,188,0
all_fixed,15,1,0.00030783240947626997,0.00030783240947626997,False,,25001,20940,2,202,0
all_fixed,15,2,0.0012231733771272983,0.0012231733771272983,False,,25001,20860,2,206,0
all_fixed,15,3,0.0003074859882082405,0.0003074859882082405,False,,25001,21020,2,1103,0
all_fixed,15,4,0.0003074859912762075,0.0003074859912762075,False,,25001,21175,2,1089,0
all_fixed,15,5,0.0003074860400795134,0.0003074860400795134,False,,25001,20705,2,227,0
all_fixed,15,6,0.00030748675341690546,0.00030748675341690546,False,,25001,20715,2,245,0
all_fixed,15,7,0.0003074859878056052,0.0003074859878056052,False,,25001,20725,2,227,0
all_fixed,15,8,0.0003074859878056052,0.0003074859878056052,False,,25001,20675,2,225,0
all_fixed,15,9,0.00030748598824835227,0.00030748598824835227,False,,25001,20715,2,244,0
all_fixed,15,10,0.0003074859926828446,0.0003074859926828446,False,,25001,20750,2,240,0
all_fixed,15,11,0.001223173377127298,0.001223173377127298,False,,25001,20790,2,207,0
all_fixed,15,12,0.0003074859878056102,0.0003074859878056102,False,,25001,20675,2,242,0
all_fixed,15,13,0.0003074859878059636,0.0003074859878059636,False,,25001,20715,2,234,0
all_fixed,15,14,0.0003074865914459608,0.0003074865914459608,False,,25001,20670,2,246,0
all_fixed,15,15,0.0003074859878060074,0.0003074859878060074,False,,25001,20845,2,201,0
all_fixed,15,16,0.020363339348068495,0.020363339348068495,False,,25001,20965,2,200,0
all_fixed,15,17,0.0012231733771272983,0.0012231733771272983,False,,25001,20755,2,208,0
all_fixed,15,18,0.0003074889629310944,0.0003074889629310944,False,,25001,21055,2,1083,0
all_fixed,15,19,0.00030748598780560595,0.00030748598780560595,False,,25001,20705,2,234,0
all_fixed,15,20,0.0007423867582610135,0.0007423867582610135,False,,25001,20675,2,372,0
all_fixed,15,21,0.000307520703623837,0.000307520703623837,False,,25001,20705,2,229,0
all_fixed,15,22,0.0003074859878056053,0.0003074859878056053,False,,25001,20675,2,244,0
all_fixed,15,23,0.00030748598780746134,0.00030748598780746134,False,,25001,20805,2,217,0
all_fixed,15,24,0.00030823158943981733,0.00030823158943981733,False,,25001,20740,2,223,0
all_fixed,15,25,0.0003074859878056052,0.0003074859878056052,False,,25001,20745,2,215,0
all_fixed,15,26,0.0003074859878056423,0.0003074859878056423,False,,25001,20720,2,224,0
all_fixed,15,27,0.00030748598780567355,0.00030748598780567355,False,,25001,20850,2,210,0
all_fixed,15,28,0.00030748598983741264,0.00030748598983741264,False,,25001,21130,2,1078,0
all_fixed,15,29,0.00030748598780560557,0.00030748598780560557,False,,25001,20705,2,230,0
all_fixed,15,30,0.0003259960000855131,0.0003259960000855131,False,,25001,20675,2,309,0
all_fixed,16,1,-1.0316023226132813,-1.0316023226132813,True,,2797,2180,2,109,0
all_fixed,16,2,-1.031605830058605,-1.031605830058605,True,,3647,2925,2,112,0
all_fixed,16,3,-1.0316197787230663,-1.0316197787230663,True,,3373,2655,2,111,0
all_fixed,16,4,-1.0316076239446927,-1.0316076239446927,True,,2920,2280,2,110,0
all_fixed,16,5,-1.0316128863988927,-1.0316128863988927,True,,2818,2195,2,109,0
all_fixed,16,6,-1.0316189787699566,-1.0316189787699566,True,,3256,2560,2,111,0
all_fixed,16,7,-1.0316067669716487,-1.0316067669716487,True,,2967,2325,2,110,0
all_fixed,16,8,-1.0316043365684442,-1.0316043365684442,True,,3304,2605,2,111,0
all_fixed,16,9,-1.0316174217847638,-1.0316174217847638,True,,3158,2475,2,111,0
all_fixed,16,10,-1.031602037629601,-1.031602037629601,True,,8287,7185,2,1011,0
all_fixed,16,11,-1.0316111947798736,-1.0316111947798736,True,,3217,2535,2,111,0
all_fixed,16,12,-1.0316171073003655,-1.0316171073003655,True,,3154,2475,2,110,0
all_fixed,16,13,-1.0316139152619723,-1.0316139152619723,True,,3264,2575,2,111,0
all_fixed,16,14,-1.0316282992645853,-1.0316282992645853,True,,4116,3270,2,114,0
all_fixed,16,15,-1.0316126200253024,-1.0316126200253024,True,,8169,7100,2,1009,0
all_fixed,16,16,-1.0316030442894741,-1.0316030442894741,True,,7778,6715,2,1009,0
all_fixed,16,17,-1.031614099912794,-1.031614099912794,True,,8119,6960,2,1010,0
all_fixed,16,18,-1.0316205579031337,-1.0316205579031337,True,,3178,2495,2,111,0
all_fixed,16,19,-1.031610329107424,-1.031610329107424,True,,3635,2910,2,112,0
all_fixed,16,20,-1.0316095644472243,-1.0316095644472243,True,,8507,7315,2,1012,0
all_fixed,16,21,-1.0316057991459862,-1.0316057991459862,True,,4069,3260,2,114,0
all_fixed,16,22,-1.0316170026865352,-1.0316170026865352,True,,2951,2335,2,109,0
all_fixed,16,23,-1.0316114554635765,-1.0316114554635765,True,,3158,2545,2,109,0
all_fixed,16,24,-1.0316241821554963,-1.0316241821554963,True,,2334,1780,2,107,0
all_fixed,16,25,-1.0316231298428526,-1.0316231298428526,True,,4103,3305,2,114,0
all_fixed,16,26,-1.0316112289070878,-1.0316112289070878,True,,4049,3215,2,114,0
all_fixed,16,27,-1.0316153056913886,-1.0316153056913886,True,,3427,2730,2,111,0
all_fixed,16,28,-1.0316117836090786,-1.0316117836090786,True,,2711,2105,2,109,0
all_fixed,16,29,-1.0316149214940813,-1.0316149214940813,True,,3160,2470,2,111,0
all_fixed,16,30,-1.0316271420315342,-1.0316271420315342,True,,2801,2180,2,109,0
all_fixed,17,1,0.3979290544646741,0.3979290544646741,True,,2197,1685,2,106,0
all_fixed,17,2,0.3979312098983403,0.3979312098983403,True,,7123,6185,2,1006,0
all_fixed,17,3,0.3979402497543525,0.3979402497543525,True,,2045,1550,2,106,0
all_fixed,17,4,0.3979717911298408,0.3979717911298408,True,,2556,1975,2,108,0
all_fixed,17,5,0.3979906620555056,0.3979906620555056,True,,2599,2010,2,108,0
all_fixed,17,6,0.3979376057360646,0.3979376057360646,True,,2323,1780,2,107,0
all_fixed,17,7,0.3979407332363607,0.3979407332363607,True,,2205,1690,2,106,0
all_fixed,17,8,0.39796711745930047,0.39796711745930047,True,,2406,1865,2,107,0
all_fixed,17,9,0.3979337418517286,0.3979337418517286,True,,2427,1865,2,107,0
all_fixed,17,10,0.3979767537560086,0.3979767537560086,True,,2486,1930,2,108,0
all_fixed,17,11,0.3979125767685314,0.3979125767685314,True,,7074,6065,2,1006,0
all_fixed,17,12,0.39793233154411745,0.39793233154411745,True,,2295,1755,2,107,0
all_fixed,17,13,0.39789363222161356,0.39789363222161356,True,,2297,1765,2,107,0
all_fixed,17,14,0.3979331226066378,0.3979331226066378,True,,2465,1905,2,108,0
all_fixed,17,15,0.39794656971476705,0.39794656971476705,True,,1982,1505,2,106,0
all_fixed,17,16,0.39794622792218526,0.39794622792218526,True,,2139,1625,2,106,0
all_fixed,17,17,0.39791743779371913,0.39791743779371913,True,,2604,2015,2,108,0
all_fixed,17,18,0.3979449300765374,0.3979449300765374,True,,2222,1720,2,107,0
all_fixed,17,19,0.3979533998564282,0.3979533998564282,True,,7500,6470,2,1007,0
all_fixed,17,20,0.39797902928215834,0.39797902928215834,True,,2462,1905,2,108,0
all_fixed,17,21,0.39796238984015986,0.39796238984015986,True,,2240,1705,2,107,0
all_fixed,17,22,0.3979567666398349,0.3979567666398349,True,,2455,1890,2,108,0
all_fixed,17,23,0.39790968518175696,0.39790968518175696,True,,2499,1925,2,108,0
all_fixed,17,24,0.3979984623142041,0.3979984623142041,True,,2367,1830,2,107,0
all_fixed,17,25,0.3979677627669336,0.3979677627669336,True,,7240,6265,2,1006,0
all_fixed,17,26,0.39795448903595343,0.39795448903595343,True,,7010,6060,2,1006,0
all_fixed,17,27,0.3978920135564117,0.3978920135564117,True,,2537,1950,2,108,0
all_fixed,17,28,0.39798637926555,0.39798637926555,True,,7666,6620,2,1008,0
all_fixed,17,29,0.39789956694038153,0.39789956694038153,True,,2274,1750,2,107,0
all_fixed,17,30,0.39795603976831906,0.39795603976831906,True,,7346,6345,2,1006,0
all_fixed,18,1,2.999999999999989,2.999999999999989,True,,7471,6105,2,128,0
all_fixed,18,2,2.9999999999999982,2.9999999999999982,True,,7203,5880,2,127,0
all_fixed,18,3,2.9999999999999964,2.9999999999999964,True,,7650,6270,2,129,0
all_fixed,18,4,2.999999999999962,2.999999999999962,True,,12589,10635,2,1029,0
all_fixed,18,5,2.9999999999999325,2.9999999999999325,True,,7640,6225,2,132,0
all_fixed,18,6,2.9999999999999725,2.9999999999999725,True,,6965,5640,2,128,0
all_fixed,18,7,2.9999999999999973,2.9999999999999973,True,,7373,5980,2,129,0
all_fixed,18,8,2.9999999999999822,2.9999999999999822,True,,7626,6205,2,130,0
all_fixed,18,9,2.9999999999999947,2.9999999999999947,True,,6769,5480,2,128,0
all_fixed,18,10,2.9999999999999716,2.9999999999999716,True,,7164,5830,2,127,0
all_fixed,18,11,2.9999999999999876,2.9999999999999876,True,,6798,5505,2,127,0
all_fixed,18,12,3.0,3.0,True,,7048,5715,2,128,0
all_fixed,18,13,2.999999999999997,2.999999999999997,True,,7326,5955,2,130,0
all_fixed,18,14,2.9999999999999236,2.9999999999999236,True,,12741,10880,2,1028,0
all_fixed,18,15,2.9999999999999964,2.9999999999999964,True,,7275,5910,2,129,0
all_fixed,18,16,2.999999999999954,2.999999999999954,True,,7510,6095,2,130,0
all_fixed,18,17,2.9999999999999747,2.9999999999999747,True,,6745,5460,2,126,0
all_fixed,18,18,2.9999999999999956,2.9999999999999956,True,,7316,5955,2,129,0
all_fixed,18,19,2.99999999999998,2.99999999999998,True,,6938,5625,2,128,0
all_fixed,18,20,3.0,3.0,True,,7356,5965,2,130,0
all_fixed,18,21,2.9999999999999813,2.9999999999999813,True,,12131,10265,2,1028,0
all_fixed,18,22,2.9999999999999862,2.9999999999999862,True,,7164,5810,2,129,0
all_fixed,18,23,2.9999999999999774,2.9999999999999774,True,,12205,10345,2,1028,0
all_fixed,18,24,2.99999999999998,2.99999999999998,True,,7218,5870,2,129,0
all_fixed,18,25,2.99999999999997,2.99999999999997,True,,7544,6190,2,128,0
all_fixed,18,26,2.99999999999997,2.99999999999997,True,,7582,6160,2,130,0
all_fixed,18,27,2.999999999999975,2.999999999999975,True,,7459,6070,2,131,0
all_fixed,18,28,2.9999999999999742,2.9999999999999742,True,,7394,6025,2,129,0
all_fixed,18,29,2.9999999999999685,2.9999999999999685,True,,7142,5785,2,127,0
all_fixed,18,30,2.999999999999991,2.999999999999991,True,,7622,6210,2,130,0
all_fixed,19,1,-3.860488988191276,-3.860488988191276,True,,1883,1410,2,105,0
all_fixed,19,2,-3.860299763550121,-3.860299763550121,True,,1975,1495,2,106,0
all_fixed,19,3,-3.861611538597997,-3.861611538597997,True,,4612,4090,1,818,0
all_fixed,19,4,-3.862475138997225,-3.862475138997225,True,,1983,1765,1,353,0
all_fixed,19,5,-3.8604349297056397,-3.8604349297056397,True,,1958,1510,2,105,0
all_fixed,19,6,-3.86009103646069,-3.86009103646069,True,,1817,1370,2,105,0
all_fixed,19,7,-3.8616545486560243,-3.8616545486560243,True,,5478,4900,1,980,0
all_fixed,19,8,-3.8614442311877095,-3.8614442311877095,True,,1815,1365,2,105,0
all_fixed,19,9,-3.8605659028225,-3.8605659028225,True,,2044,1545,2,106,0
all_fixed,19,10,-3.8607402528398334,-3.8607402528398334,True,,1986,1505,2,106,0
all_fixed,19,11,-3.8627182889668177,-3.8627182889668177,True,,3837,3425,1,685,0
all_fixed,19,12,-3.8623870152626454,-3.8623870152626454,True,,1530,1125,2,104,0
all_fixed,19,13,-3.861112347045042,-3.861112347045042,True,,1993,1505,2,106,0
all_fixed,19,14,-3.860819818970451,-3.860819818970451,True,,2073,1580,2,106,0
all_fixed,19,15,-3.861498955429838,-3.861498955429838,True,,6558,5690,2,1004,0
all_fixed,19,16,-3.862221828679292,-3.862221828679292,True,,1258,1135,1,227,0
all_fixed,19,17,-3.8623356167371705,-3.8623356167371705,True,,2187,1935,1,387,0
all_fixed,19,18,-3.8616015391165512,-3.8616015391165512,True,,1859,1395,2,105,0
all_fixed,19,19,-3.8622970176018336,-3.8622970176018336,True,,1177,820,2,102,0
all_fixed,19,20,-3.860549720956269,-3.860549720956269,True,,1964,1490,2,105,0
all_fixed,19,21,-3.8603305775750565,-3.8603305775750565,True,,1657,1225,2,104,0
all_fixed,19,22,-3.862000192994732,-3.862000192994732,True,,1771,1325,2,105,0
all_fixed,19,23,-3.8619335787351003,-3.8619335787351003,True,,2138,1630,2,106,0
all_fixed,19,24,-3.861858866413521,-3.861858866413521,True,,1946,1470,2,105,0
all_fixed,19,25,-3.860083061360135,-3.860083061360135,True,,1025,880,1,176,0
all_fixed,19,26,-3.862333696306143,-3.862333696306143,True,,3854,3460,1,692,0
all_fixed,19,27,-3.860752490124748,-3.860752490124748,True,,2001,1510,2,106,0
all_fixed,19,28,-3.8608091102660542,-3.8608091102660542,True,,6294,5430,2,1003,0
all_fixed,19,29,-3.8608011420695796,-3.8608011420695796,True,,1916,1445,2,105,0
all_fixed,19,30,-3.8606171911389406,-3.8606171911389406,True,,7109,6150,2,1005,0
all_fixed,20,1,-3.321202120422059,-3.321202120422059,True,,8421,7190,2,1011,0
all_fixed,20,2,-3.320279161763491,-3.320279161763491,True,,2767,2160,2,109,0
all_fixed,20,3,-3.320858631527307,-3.320858631527307,True,,3379,2660,2,112,0
all_fixed,20,4,-3.3200284685118056,-3.3200284685118056,True,,8193,7025,2,1010,0
all_fixed,20,5,-3.320863749443148,-3.320863749443148,True,,3378,2650,2,112,0
all_fixed,20,6,-3.3211450427449365,-3.3211450427449365,True,,3324,2610,2,111,0
all_fixed,20,7,-3.320024105792097,-3.320024105792097,True,,8780,7510,2,1012,0
all_fixed,20,8,-3.320282576421106,-3.320282576421106,True,,3157,2475,2,111,0
all_fixed,20,9,-3.3206961361786798,-3.3206961361786798,True,,4495,3595,2,117,0
all_fixed,20,10,-3.320561441825457,-3.320561441825457,True,,4032,3215,2,115,0
all_fixed,20,11,-3.320508723532022,-3.320508723532022,True,,3787,3030,2,112,0
all_fixed,20,12,-3.3202003273076666,-3.3202003273076666,True,,3195,2505,2,111,0
all_fixed,20,13,-3.320797823535766,-3.320797823535766,True,,3137,2460,2,111,0
all_fixed,20,14,-3.203102050264328,-3.203102050264328,False,,25001,21220,2,228,0
all_fixed,20,15,-3.3201227543962673,-3.3201227543962673,True,,3375,2690,2,111,0
all_fixed,20,16,-3.3202926072075907,-3.3202926072075907,True,,3023,2355,2,110,0
all_fixed,20,17,-3.3203437888976968,-3.3203437888976968,True,,3562,2845,2,111,0
all_fixed,20,18,-3.203102050264328,-3.203102050264328,False,,25001,21095,2,233,0
all_fixed,20,19,-3.3200183086862958,-3.3200183086862958,True,,4367,3485,2,116,0
all_fixed,20,20,-3.320962573575944,-3.320962573575944,True,,3381,2655,2,112,0
all_fixed,20,21,-3.3201402043435078,-3.3201402043435078,True,,3879,3075,2,114,0
all_fixed,20,22,-3.32040999758865,-3.32040999758865,True,,3799,3005,2,113,0
all_fixed,20,23,-3.3203992545632524,-3.3203992545632524,True,,3545,2830,2,111,0
all_fixed,20,24,-3.203102050264328,-3.203102050264328,False,,25001,21100,2,224,0
all_fixed,20,25,-3.320925975551587,-3.320925975551587,True,,3099,2420,2,110,0
all_fixed,20,26,-3.320038298906738,-3.320038298906738,True,,3626,2875,2,113,0
all_fixed,20,27,-3.3208589491563023,-3.3208589491563023,True,,3740,2965,2,113,0
all_fixed,20,28,-3.320708204941014,-3.320708204941014,True,,8240,7045,2,1010,0
all_fixed,20,29,-3.3209956469179436,-3.3209956469179436,True,,3395,2670,2,112,0
all_fixed,20,30,-3.320496121894061,-3.320496121894061,True,,4141,3295,2,115,0
all_fixed,21,1,-10.15319967905823,-10.15319967905823,False,,25001,21125,2,202,5
all_fixed,21,2,-10.15319967905823,-10.15319967905823,False,,25001,21245,2,1087,2
all_fixed,21,3,-10.15319967905823,-10.15319967905823,False,,25001,21255,2,1089,2
all_fixed,21,4,-10.15319967905823,-10.15319967905823,False,,25001,21200,2,1090,1
all_fixed,21,5,-10.153199679058229,-10.153199679058229,False,,25001,21250,2,1090,3
all_fixed,21,6,-10.153199679058229,-10.153199679058229,False,,25001,21220,2,1085,2
all_fixed,21,7,-10.15319967905823,-10.15319967905823,False,,25001,21305,2,207,3
all_fixed,21,8,-10.153199679058229,-10.153199679058229,False,,25001,21245,2,1086,4
all_fixed,21,9,-10.15319967905823,-10.15319967905823,False,,25001,21350,2,1083,1
all_fixed,21,10,-10.153199679058229,-10.153199679058229,False,,25001,21260,2,1081,1
all_fixed,21,11,-10.15319967905823,-10.15319967905823,False,,25001,21350,2,200,1
all_fixed,21,12,-10.15319967905823,-10.15319967905823,False,,25001,21265,2,1089,2
all_fixed,21,13,-10.15319967905823,-10.15319967905823,False,,25001,21315,2,1083,1
all_fixed,21,14,-10.15319967905823,-10.15319967905823,False,,25001,21245,2,1082,3
all_fixed,21,15,-10.15319967905823,-10.15319967905823,False,,25001,21220,2,210,1
all_fixed,21,16,-10.153199679058229,-10.153199679058229,False,,25001,21205,2,200,5
all_fixed,21,17,-10.15319967905823,-10.15319967905823,False,,25001,21310,2,203,3
all_fixed,21,18,-10.15319967905823,-10.15319967905823,False,,25001,21330,2,203,4
all_fixed,21,19,-10.15319967905823,-10.15319967905823,False,,25001,21295,2,202,1
all_fixed,21,20,-10.15319967905823,-10.15319967905823,False,,25001,21245,2,209,0
all_fixed,21,21,-10.15319967905823,-10.15319967905823,False,,25001,21275,2,1089,4
all_fixed,21,22,-10.153199679058229,-10.153199679058229,False,,25001,21285,2,1090,2
all_fixed,21,23,-10.15319967905823,-10.15319967905823,False,,25001,21275,2,1090,2
all_fixed,21,24,-10.15319967905823,-10.15319967905823,False,,25001,21240,2,204,4
all_fixed,21,25,-10.15319967905823,-10.15319967905823,False,,25001,21330,2,1088,2
all_fixed,21,26,-10.15319967905823,-10.15319967905823,False,,25001,21310,2,1080,1
all_fixed,21,27,-10.15319967905823,-10.15319967905823,False,,25001,21195,2,207,1
all_fixed,21,28,-10.15319967905823,-10.15319967905823,False,,25001,21140,2,210,3
all_fixed,21,29,-10.15319967905823,-10.15319967905823,False,,25001,21265,2,1087,0
all_fixed,21,30,-10.15319967905823,-10.15319967905823,False,,25001,21135,2,210,1
all_fixed,22,1,-10.402902651372253,-10.402902651372253,True,,6346,5200,2,123,1
all_fixed,22,2,-10.402912181945098,-10.402912181945098,True,,5201,4210,2,118,2
all_fixed,22,3,-10.402902542326464,-10.402902542326464,True,,10985,9440,2,1021,2
all_fixed,22,4,-10.402910718599816,-10.402910718599816,True,,10834,9250,2,1023,1
all_fixed,22,5,-10.402922848501651,-10.402922848501651,True,,7134,5790,2,127,2
all_fixed,22,6,-10.40290470044343,-10.40290470044343,True,,5444,4390,2,121,2
all_fixed,22,7,-10.402906997074385,-10.402906997074385,True,,4933,3955,2,119,1
all_fixed,22,8,-10.402912218015908,-10.402912218015908,True,,5945,4835,2,122,1
all_fixed,22,9,-10.402901958506286,-10.402901958506286,True,,10290,8805,2,1019,3
all_fixed,22,10,-10.402910039503853,-10.402910039503853,True,,15365,13185,2,1037,2
all_fixed,22,11,-10.402903841764372,-10.402903841764372,True,,5988,4835,2,122,0
all_fixed,22,12,-10.402904845984473,-10.402904845984473,True,,20078,17200,2,1054,3
all_fixed,22,13,-10.402901489968668,-10.402901489968668,True,,6258,5065,2,124,0
all_fixed,22,14,-5.087671825060291,-5.087671825060291,False,,25001,21290,2,1086,3
all_fixed,22,15,-10.402901809563275,-10.402901809563275,True,,5692,4590,2,121,3
all_fixed,22,16,-10.40291769486516,-10.40291769486516,True,,6840,5615,2,125,0
all_fixed,22,17,-10.402908773830227,-10.402908773830227,True,,5504,4440,2,121,3
all_fixed,22,18,-10.402901798617659,-10.402901798617659,True,,9251,7700,2,133,3
all_fixed,22,19,-10.402912108250504,-10.402912108250504,True,,5947,4835,2,122,2
all_fixed,22,20,-10.402909338843635,-10.402909338843635,True,,5598,4580,2,119,0
all_fixed,22,21,-10.402902931312722,-10.402902931312722,True,,5672,4580,2,122,5
all_fixed,22,22,-10.402912281524046,-10.402912281524046,True,,6969,5725,2,125,2
all_fixed,22,23,-10.40292941972894,-10.40292941972894,True,,5722,4650,2,121,1
all_fixed,22,24,-10.402911738763928,-10.402911738763928,True,,9275,7650,2,135,2
all_fixed,22,25,-10.40290350183524,-10.40290350183524,True,,5390,4340,2,121,3
all_fixed,22,26,-10.402936370672776,-10.402936370672776,True,,5926,4845,2,120,6
all_fixed,22,27,-10.402910324687834,-10.402910324687834,True,,5914,4770,2,122,1
all_fixed,22,28,-10.40290033150322,-10.40290033150322,True,,6865,5660,2,124,0
all_fixed,22,29,-10.402913578335514,-10.402913578335514,True,,10461,8925,2,1020,1
all_fixed,22,30,-10.40291194669827,-10.40291194669827,True,,10464,8970,2,1020,2
all_fixed,23,1,-10.536403939405732,-10.536403939405732,True,,8086,6665,2,130,1
all_fixed,23,2,-10.53640424529316,-10.53640424529316,True,,11104,9475,2,1024,4
all_fixed,23,3,-10.536403690347246,-10.536403690347246,True,,10938,9405,2,1021,2
all_fixed,23,4,-10.536403629845113,-10.536403629845113,True,,11025,9425,2,1022,2
all_fixed,23,5,-10.53640186889486,-10.53640186889486,True,,5660,4635,2,119,1
all_fixed,23,6,-10.536401597404417,-10.536401597404417,True,,6377,5200,2,124,2
all_fixed,23,7,-10.53640457380617,-10.53640457380617,True,,11011,9435,2,1022,1
all_fixed,23,8,-10.536405199841164,-10.536405199841164,True,,6262,5065,2,124,2
all_fixed,23,9,-10.53640059273205,-10.53640059273205,True,,6584,5395,2,124,4
all_fixed,23,10,-10.536404683305033,-10.536404683305033,True,,14005,11960,2,1033,3
all_fixed,23,11,-10.536401258702908,-10.536401258702908,True,,14853,12770,2,1034,3
all_fixed,23,12,-10.536405929888234,-10.536405929888234,True,,10813,9210,2,1021,2
all_fixed,23,13,-10.536404081456153,-10.536404081456153,True,,12067,10230,2,1027,2
all_fixed,23,14,-10.536401359224095,-10.536401359224095,True,,10695,9105,2,1022,6
all_fixed,23,15,-10.536404572933101,-10.536404572933101,True,,11231,9545,2,1024,2
all_fixed,23,16,-10.536402280605252,-10.536402280605252,True,,5575,4530,2,120,0
all_fixed,23,17,-10.536403359998856,-10.536403359998856,True,,6860,5585,2,126,1
all_fixed,23,18,-10.536403411045198,-10.536403411045198,True,,10794,9190,2,1021,1
all_fixed,23,19,-10.536407000711453,-10.536407000711453,True,,6096,5000,2,121,2
all_fixed,23,20,-10.536402833188875,-10.536402833188875,True,,6600,5410,2,124,2
all_fixed,23,21,-10.53640393008193,-10.53640393008193,True,,7086,5820,2,126,5
all_fixed,23,22,-10.536402725019917,-10.536402725019917,True,,6365,5175,2,124,3
all_fixed,23,23,-10.536401836191066,-10.536401836191066,True,,11578,9875,2,1023,3
all_fixed,23,24,-10.536407224023904,-10.536407224023904,True,,8830,7245,2,134,2
all_fixed,23,25,-10.536402646548272,-10.536402646548272,True,,14377,12065,2,152,3
all_fixed,23,26,-10.536401160291652,-10.536401160291652,True,,5206,4180,2,120,1
all_fixed,23,27,-10.536405803768266,-10.536405803768266,True,,5740,4670,2,121,5
all_fixed,23,28,-10.53640755219882,-10.53640755219882,True,,6173,5030,2,123,2
all_fixed,23,29,-10.536408459931483,-10.536408459931483,True,,6841,5585,2,126,1
all_fixed,23,30,-10.536400063195632,-10.536400063195632,True,,12003,10285,2,1026,4
